0,1837.4000000000233,0,0,0,1.6335041253879998,0
0.9999999194405973,1837.3992738827947,1.6335039102123119,0,-0.0014522343399157034,1.6335034798478505,0
2.0000001532025635,1837.3970955317491,3.2670065293204971,0,-0.0029044675320221147,1.6335015432279121,0
3.0000000726431608,1837.3934649485163,4.9005065662786365,0,-0.0043566984285109411,1.6334983155297158,0
3.9999999920837581,1837.3883821360068,6.534002730040811,0,-0.0058089258815756661,1.6334937967558123,0
4.9999999115243554,1837.3818470982951,8.1674937294446863,0,-0.0072611487434124378,1.6334879869097729,0
6.0000001452863216,1837.3738598404452,9.800978273502551,0,-0.0087133658662210678,1.6334808859961902,0
7.0000000647269189,1837.36442036886,11.434455071110278,0,-0.010165576102206031,1.6334724940206762,0
7.9999999841675162,1837.3535286909319,13.067922831163742,0,-0.01161777830357702,1.6334628109898635,0
8.9999999036081135,1837.3411848152755,14.701380262733437,0,-0.013069971322550167,1.6334518369114057,0
10.00000013737008,1837.327388751728,16.33482607465703,0,-0.014522154011348931,1.6334395717939765,0
11.000000056810677,1837.312140511116,17.96825897594681,0,-0.015974325222204877,1.6334260156472693,0
11.999999976251274,1837.2954401054885,19.601677675615065,0,-0.017426483807358673,1.6334111684819992,0
12.999999895691872,1837.2772875480587,21.235080882615875,0,-0.018878628619060978,1.633395030309901,0
14.000000129453838,1837.2576828532037,22.868467305903323,0,-0.02033075850957311,1.6333776011437298,0
15.000000048894435,1837.236626036407,24.501835654547904,0,-0.021782872331168601,1.6333588809972608,0
15.999999968335032,1837.2141171143157,26.135184637561906,0,-0.023234968936133304,1.6333388698852902,0
16.99999988777563,1837.1901561046834,27.768512964015827,0,-0.024687047176766952,1.6333175678236345,0
18.000000121537596,1837.1647430264275,29.401819342921954,0,-0.026139105905383597,1.6332949748291297,0
19.000000040978193,1837.1378778997459,31.035102483350784,0,-0.027591143974312726,1.6332710909196333,0
19.999999960418791,1837.1095607457682,32.66836109443102,0,-0.029043160235900367,1.6332459161140225,0
20.999999879859388,1837.0797915869043,34.301593885291368,0,-0.030495153542509534,1.6332194504321946,0
22.000000113621354,1837.0485704467283,35.93479956506053,0,-0.03194712274652145,1.6331916938950675,0
23.000000033061951,1837.0158973498619,37.567976842809003,0,-0.033399066700336544,1.6331626465245794,0
23.999999952502549,1836.9817723220913,39.201124427840114,0,-0.034850984256375006,1.6331323083436879,0
24.999999871943146,1836.9461953904829,40.834241029224358,0,-0.0363028742670779,1.6331006793763723,0
26.000000105705112,1836.9091665831511,42.467325356323272,0,-0.037754735584908272,1.6330677596476313,0
27.00000002514571,1836.8706859292579,44.100376118265558,0,-0.039206567062351594,1.6330335491834835,0
27.999999944586307,1836.8307534593623,45.733392024470959,0,-0.040658367551916985,1.6329980480109685,0
28.999999864026904,1836.7893692048965,47.366371784068178,0,-0.042110135906138213,1.632961256158145,0
30.00000009778887,1836.7465331986314,48.999314106535167,0,-0.043561870977574357,1.6329231736540926,0
31.000000017229468,1836.7022454743856,50.63221770117525,0,-0.045013571618810588,1.6328838005289108,0
31.999999936670065,1836.6565060672583,52.265081277408171,0,-0.04646523668245961,1.6328431368137188,0
32.999999856110662,1836.6093150132801,53.897903544653673,0,-0.047916865021162214,1.6328011825406563,0
34.000000089872628,1836.5606723498204,55.530683212331496,0,-0.049368455487587837,1.6327579377428831,0
35.000000009313226,1836.5105781152961,57.163418989977799,0,-0.050820006934436335,1.6327134024545784,0
35.999999928753823,1836.4590323493467,58.796109587070532,0,-0.052271518214438206,1.632667576710942,0
36.99999984819442,1836.4060350926593,60.428753713262267,0,-0.053722988180355591,1.6326204605481933,0
38.000000081956387,1836.3515863871435,62.061350078030955,0,-0.055174415684983491,1.6325720540035717,0
39.000000001396984,1836.2956862758147,63.693897391145583,0,-0.056625799581150216,1.6325223571153367,0
39.999999920837581,1836.2383348029107,65.32639436214231,0,-0.058077138721718824,1.6324713699227675,0
41.000000154599547,1836.1795320136589,66.958839700906537,0,-0.059528431959587458,1.632419092466163,0
42.000000074040145,1836.1192779546836,68.591232117032632,0,-0.060979678147690897,1.6323655247868423,0
42.999999993480742,1836.0575726734824,70.223570320405997,0,-0.062430876139000668,1.6323106669271432,0
43.999999912921339,1835.9944162188331,71.855853020853829,0,-0.063882024786526825,1.6322545189304245,0
45.000000146683306,1835.9298086407362,73.488078928203322,0,-0.065333122943318056,1.6321970808410642,0
46.000000066123903,1835.8637499901815,75.120246752514504,0,-0.066784169462463239,1.6321383527044595,0
46.9999999855645,1835.7962403193815,76.75235520361457,0,-0.068235163197091886,1.6320783345670282,0
47.999999905005097,1835.7272796817706,78.384402991679963,0,-0.069686103000375366,1.6320170264762068,0
49.000000138767064,1835.6568681317149,80.016388826596085,0,-0.071136987725527567,1.6319544284804515,0
50.000000058207661,1835.5850057250354,81.648311418655794,0,-0.07258781622580579,1.6318905406292381,0
50.999999977648258,1835.5116925184266,83.280169477919117,0,-0.074038587354512186,1.6318253629730624,0
51.999999897088856,1835.4369285698049,84.91196171467891,0,-0.075489299964993761,1.631758895563439,0
53.000000130850822,1835.3607139383676,86.543686839169823,0,-0.076939952910644149,1.631691138452902,0
54.000000050291419,1835.2830486843013,88.175343561684713,0,-0.078390545044903837,1.6316220916950046,0
54.999999969732016,1835.2039328689571,89.80693059269106,0,-0.079841075221261715,1.63155175534432,0
55.999999889172614,1835.1233665548498,91.43844664253993,0,-0.081291542293255414,1.6314801294564398,0
57.00000012293458,1835.0413498057751,93.069890421757009,0,-0.082741945114472304,1.6314072140879761,0
58.000000042375177,1834.9578826864599,94.701260640926193,0,-0.084192282538551044,1.6313330092965586,0
58.999999961815774,1834.8729652628535,96.332556010573171,0,-0.085642553419181366,1.6312575151408371,0
59.999999881256372,1834.7865976021858,97.96377524145646,0,-0.08709275661010607,1.6311807316804809,0
61.000000115018338,1834.6987797726179,99.594917044218164,0,-0.088542890965121135,1.6311026589761768,0
62.000000034458935,1834.6095118435915,101.22598012967501,0,-0.089992955338077274,1.6310232970896319,0
62.999999953899533,1834.5187938856543,102.85696320870193,0,-0.091442948582880046,1.6309426460835716,0
63.99999987334013,1834.4266259705182,104.48786499211565,0,-0.092892869553491741,1.6308607060217413,0
65.000000107102096,1834.333008171001,106.11868419108214,0,-0.094342717103931495,1.6307774769689036,0
66.000000026542693,1834.2379405611428,107.74941951641813,0,-0.095792490088276505,1.6306929589908405,0
66.999999945983291,1834.1414232160314,109.38006967940601,0,-0.097242187360662813,1.6306071521543533,0
67.999999865423888,1834.0434562120354,111.01063339115353,0,-0.098691807775286522,1.6305200565272608,0
69.000000099185854,1833.9440396265127,112.64110936288489,0,-0.10014135018640424,1.6304316721784018,0
70.000000018626451,1833.8431735380436,114.27149630594067,0,-0.10159081344833454,1.6303419991776327,0
70.999999938067049,1833.7408580263727,115.90179293171968,0,-0.10304019641545814,1.6302510375958288,0
71.999999857507646,1833.6370931723504,117.53199795162072,0,-0.10448949794221973,1.6301587875048844,0
73.000000091269612,1833.5318790579913,119.16211007727543,0,-0.10593871688312773,1.6300652489777114,0
74.00000001071021,1833.4252157665323,120.79212802014081,0,-0.10738785209275648,1.6299704220882401,0
74.999999930150807,1833.3171033821418,122.42205049202312,0,-0.10883690242574595,1.6298743069114197,0
75.999999849591404,1833.2075419903267,124.05187620455399,0,-0.11028586673680374,1.6297769035232164,0
77.00000008335337,1833.0965316777001,125.6816038696561,0,-0.11173474388070492,1.6296782120006161,0
78.000000002793968,1832.9840725319809,127.31123219919391,0,-0.11318353271229364,1.6295782324216215,0
78.999999922234565,1832.8701646421105,128.94075990520651,0,-0.1146322320864841,1.6294769648652545,0
80.000000155996531,1832.7548080980196,130.57018569967477,0,-0.11608084085826098,1.6293744094115541,0
81.000000075437129,1832.6380029909778,132.1995082947542,0,-0.11752935788268037,1.6292705661415774,0
81.999999994877726,1832.5197494132444,133.8287264026585,0,-0.1189777820148713,1.6291654351373999,0
82.999999914318323,1832.4000474583008,135.45783873577602,0,-0.12042611211003595,1.6290590164821139,0
84.000000148080289,1832.2788972207345,137.08684400643688,0,-0.1218743470234509,1.6289513102598305,0
85.000000067520887,1832.1562987963553,138.71574092714582,0,-0.12332248561046788,1.6288423165556778,0
85.999999986961484,1832.0322522820206,140.3445282104658,0,-0.12477052672651479,1.6287320354558017,0
86.999999906402081,1831.9067577757523,141.97320456895977,0,-0.12621846922709679,1.6286204670473656,0
88.000000140164047,1831.7798153767944,143.60176871548174,0,-0.12766631196779654,1.6285076114185502,0
89.000000059604645,1831.6514251854387,145.23021936276928,0,-0.12911405380427599,1.6283934686585537,0
89.999999979045242,1831.5215873031993,146.85855522379279,0,-0.13056169359227654,1.6282780388575919,0
90.999999898485839,1831.3903018326964,148.48677501146449,0,-0.13200923018762034,1.6281613221068976,0
92.000000132247806,1831.2575688775978,150.11487743904581,0,-0.13345666244621135,1.6280433184987206,0
93.000000051688403,1831.1233885429683,151.74286121956538,0,-0.13490398922403546,1.6279240281263281,0
93.999999971129,1830.9877609346877,153.37072506640106,0,-0.13635120937716239,1.6278034510840043,0
94.999999890569597,1830.8506861600908,154.99846769287251,0,-0.137798321761746,1.6276815874670496,0
96.000000124331564,1830.7121643275023,156.626087812474,0,-0.13924532523402522,1.6275584373717826,0
97.000000043772161,1830.5721955463523,158.25358413881622,0,-0.14069221865032511,1.6274340008955377,0
97.999999963212758,1830.4307799272356,159.88095538550988,0,-0.14213900086705789,1.6273082781366668,0
98.999999882653356,1830.2879175820271,161.50820026639849,0,-0.14358567074072348,1.6271812691945371,0
100.00000011641532,1830.1436086235917,163.13531749520916,0,-0.14503222712791064,1.6270529741695341,0
101.00000003585592,1829.9978531660163,164.76230578607647,0,-0.14647866888529781,1.6269233931630582,0
101.99999995529652,1829.8506513244356,166.38916385290213,0,-0.14792499486965394,1.6267925262775276,0
102.99999987473711,1829.7020032152068,168.01589040999534,0,-0.14937120393783976,1.6266603736163756,0
104.00000010849908,1829.5519089559093,169.64248417160707,0,-0.15081729494680823,1.626526935284053,0
105.00000002793968,1829.400368665054,171.2689438520465,0,-0.15226326675360558,1.6263922113860256,0
105.99999994738027,1829.2473824624904,172.89526816585567,0,-0.15370911821537225,1.6262562020287763,0
106.99999986682087,1829.0929504691157,174.52145582769299,0,-0.155154848189344,1.6261189073198024,0
108.00000010058284,1828.9370728069916,176.14750555210048,0,-0.15660045553285235,1.625980327367619,0
109.00000002002344,1828.7797495993436,177.77341605402762,0,-0.15804593910332587,1.6258404622817562,0
109.99999993946403,1828.6209809704451,179.39918604830746,0,-0.15949129775829096,1.6256993121727594,0
110.99999985890463,1828.4607670458499,181.02481425006408,0,-0.16093653035537275,1.62555687715219,0
112.0000000926666,1828.2991079521598,182.65029937436339,0,-0.16238163575229597,1.6254131573326258,0
113.00000001210719,1828.1360038170824,184.27564013650408,0,-0.16382661280688599,1.6252681528276587,0
113.99999993154779,1827.971454769664,185.90083525184309,0,-0.16527146037706941,1.6251218637518965,0
114.99999985098839,1827.8054609398823,187.52588343585376,0,-0.1667161773208754,1.6249742902209627,0
116.00000008475035,1827.6380224589375,189.15078340418404,0,-0.1681607624964363,1.6248254323514952,0
117.00000000419095,1827.4691394591937,190.7755338724819,0,-0.16960521476198837,1.6246752902611479,0
117.99999992363155,1827.2988120741211,192.40013355662813,0,-0.17104953297587322,1.6245238640685895,0
118.99999984307215,1827.1270404382958,194.02458117261995,0,-0.1724937159965384,1.6243711538935035,0
120.00000007683411,1826.9538246875745,195.64887543651275,0,-0.17393776268253813,1.6242171598565878,0
120.99999999627471,1826.7791649588034,197.27301506442018,0,-0.1753816718925344,1.6240618820795552,0
121.99999991571531,1826.6030613899929,198.89699877274688,0,-0.17682544248529808,1.6239053206851337,0
123.00000014947727,1826.4255141203757,200.52082527795574,0,-0.17826907331970931,1.6237474757970649,0
124.00000006891787,1826.2465232903487,202.14449329656782,0,-0.17971256325475898,1.6235883475401061,0
124.99999998835847,1826.06608904124,203.76800154527882,0,-0.1811559111495491,1.6234279360400277,0
125.99999990779907,1825.884211515775,205.39134874095907,0,-0.18259911586329397,1.6232662414236148,0
127.00000014156103,1825.7008908576099,207.0145336004789,0,-0.18404217625532132,1.6231032638186673,0
128.00000006100163,1825.5161272117402,208.63755484094145,0,-0.18548509118507261,1.6229390033539985,0
128.99999998044223,1825.3299207240925,210.2604111796245,0,-0.18692785951210444,1.6227734601594359,0
129.99999989988282,1825.1422715419321,211.88310133374762,0,-0.18837048009608937,1.6226066343658201,0
131.00000013364479,1824.9531798135722,213.50562402087962,0,-0.18981295179681645,1.6224385261050058,0
132.00000005308539,1824.7626456883736,215.12797795853112,0,-0.19125527347419269,1.6222691355098622,0
132.99999997252598,1824.5706693169777,216.75016186450375,0,-0.19269744398824346,1.6220984627142712,0
133.99999989196658,1824.377250851132,218.37217445659917,0,-0.19413946219911377,1.6219265078531284,0
135.00000012572855,1824.1823904437479,219.99401445285184,0,-0.19558132696706887,1.6217532710623421,0
136.00000004516914,1823.9860882487264,221.61568057147088,0,-0.19702303715249547,1.6215787524788341,0
136.99999996460974,1823.7883444213658,223.23717153060716,0,-0.19846459161590224,1.6214029522405398,0
137.99999988405034,1823.5891591177788,224.85848604876082,0,-0.19990598921792108,1.6212258704864073,0
139.00000011781231,1823.3885324955918,226.47962284443201,0,-0.20134722881930789,1.6210475073563977,0
140.0000000372529,1823.1864647131879,228.10058063641191,0,-0.20278830928094327,1.6208678629914843,0
140.9999999566935,1822.9829559304053,229.72135814343346,0,-0.20422922946383376,1.6206869375336537,0
141.9999998761341,1822.7780063080718,231.34195408446249,0,-0.20566998822911253,1.6205047311259049,0
143.00000010989606,1822.5716160081793,232.96236717875581,0,-0.20711058443804031,1.6203212439122487,0
144.00000002933666,1822.3637851937674,234.58259614539566,0,-0.2085510169520064,1.6201364760377093,0
144.99999994877726,1822.1545140292146,236.2026397039881,0,-0.20999128463252936,1.6199504276483225,0
145.99999986821786,1821.9438026798307,237.82249657390639,0,-0.21143138634125808,1.619763098891136,0
147.00000010197982,1821.7316513122059,239.44216547498945,0,-0.21287132093997263,1.6195744899142097,0
148.00000002142042,1821.5180600940366,241.06164512707619,0,-0.21431108729058523,1.619384600866616,0
148.99999994086102,1821.303029194125,242.68093425012194,0,-0.21575068425514093,1.619193431898438,0
149.99999986030161,1821.0865587823791,244.30003156425664,0,-0.21719011069581884,1.6190009831607703,0
151.00000009406358,1820.8686490299297,245.9189357899013,0,-0.21862936547493261,1.6188072548057202,0
152.00000001350418,1820.649300109013,247.53764564741869,0,-0.22006844745493176,1.6186122469864053,0
152.99999993294477,1820.4285121929715,249.15615985740442,0,-0.22150735549840239,1.618415959856955,0
153.99999985238537,1820.2062854563701,250.77447714074515,0,-0.22294608846806796,1.6182183935725094,0
155.00000008614734,1819.9826200748212,252.39259621821111,0,-0.22438464522679036,1.6180195482892201,0
156.00000000558794,1819.7575162250432,254.0105158110382,0,-0.22582302463757081,1.6178194241642492,0
156.99999992502853,1819.5309740850353,255.62823464034591,0,-0.22726122556355055,1.6176180213557698,0
157.99999984446913,1819.3029938337859,257.24575142754475,0,-0.22869924686801213,1.6174153400229661,0
159.0000000782311,1819.0735756515642,258.86306489427807,0,-0.23013708741437972,1.6172113803260315,0
159.99999999767169,1818.8427197195706,260.48017376213102,0,-0.23157474606622075,1.6170061424261715,0
160.99999991711229,1818.6104262204026,262.09707675309619,0,-0.23301222168724611,1.6167996264856004,0
162.00000015087426,1818.3766953375889,263.71377258916618,0,-0.23444951314131152,1.616591832667543,0
163.00000007031485,1818.1415272558806,265.33025999250822,0,-0.23588661929241816,1.6163827611362347,0
163.99999998975545,1817.9049221611931,266.94653768558055,0,-0.23732353900471381,1.6161724120569199,0
164.99999990919605,1817.6668802404311,268.56260439084144,0,-0.23876027114249343,1.6159607855958533,0
166.00000014295802,1817.4274016817799,270.17845883104019,0,-0.24019681457020031,1.6157478819202988,0
167.00000006239861,1817.1864866745309,271.79409972898429,0,-0.24163316815242691,1.6155337011985309,0
167.99999998183921,1816.9441354091396,273.40952580783051,0,-0.24306933075391579,1.6153182435998323,0
168.99999990127981,1816.7003480771091,275.02473579061916,0,-0.24450530123956038,1.6151015092944951,0
170.00000013504177,1816.4551248711068,276.63972840085626,0,-0.24594107847440588,1.6148834984538207,0
171.00000005448237,1816.2084659849061,278.254502362106,0,-0.24737666132365038,1.6146642112501191,0
171.99999997392297,1815.9603716136189,279.86905639799079,0,-0.24881204865264561,1.614443647856709,0
172.99999989336357,1815.7108419531723,281.4833892324823,0,-0.25024723932689769,1.6142218084479192,0
174.00000012712553,1815.4598772008903,283.09749958961038,0,-0.25168223221206826,1.6139986931990848,0
175.00000004656613,1815.2074775550864,284.71138619363774,0,-0.25311702617397525,1.6137743022865516,0
175.99999996600673,1814.9536432152381,286.32504776900169,0,-0.25455162007859389,1.6135486358876716,0
176.99999988544732,1814.6983743819874,287.93848304031417,0,-0.25598601279205752,1.6133216941808064,0
178.00000011920929,1814.4416712570819,289.55169073230354,0,-0.25742020318065834,1.6130934773453245,0
179.00000003864989,1814.1835340434336,291.16466957004741,0,-0.2588541901108487,1.6128639855616032,0
179.99999995809048,1813.9239629450603,292.77741827850696,0,-0.26028797244924151,1.6126332190110264,0
180.99999987753108,1813.6629581670859,294.38993558316724,0,-0.26172154906261164,1.6124011778759868,0
182.00000011129305,1813.4005199158564,296.00222020945512,0,-0.26315491881789638,1.6121678623398834,0
183.00000003073364,1813.136648398824,297.61427088314667,0,-0.26458808058219657,1.6119332725871229,0
183.99999995017424,1812.8713438244304,299.2260863299598,0,-0.26602103322277754,1.6116974088031191,0
184.99999986961484,1812.6046064024558,300.83766527613625,0,-0.26745377560706962,1.6114602711742929,0
186.00000010337681,1812.3364363436704,302.44900644780137,0,-0.2688863066026696,1.6112218598880719,0
187.0000000228174,1812.0668338600663,304.06010857137153,0,-0.27031862507734122,1.6109821751328901,0
187.999999942258,1811.7957991647418,305.67097037361236,0,-0.27175072989901627,1.610741217098189,0
188.9999998616986,1811.5233324719011,307.28159058123128,0,-0.27318261993579546,1.6104989859744143,0
190.00000009546056,1811.2494339968543,308.89196792128496,0,-0.27461429405594895,1.6102554819530206,0
191.00000001490116,1810.9741039561341,310.50210112088826,0,-0.27604575112791796,1.6100107052264669,0
191.99999993434176,1810.6973425673204,312.1119889075635,0,-0.27747699002031495,1.6097646559882184,0
192.99999985378236,1810.4191500491579,313.72163000877481,0,-0.27890800960192502,1.6095173344327462,0
194.00000008754432,1810.139526621555,315.33102315239375,0,-0.28033880874170641,1.6092687407555273,0
195.00000000698492,1809.8584725055262,316.94016706629191,0,-0.28176938630879184,1.6090188751530434,0
195.99999992642552,1809.5759879231919,318.54906047874829,0,-0.28319974117248892,1.6087677378227825,0
196.99999984586611,1809.2920730978367,320.15770211810013,0,-0.28462987220228136,1.608515328963237,0
198.00000007962808,1809.006728253793,321.7660907129175,0,-0.28605977826782991,1.6082616487739043,0
198.99999999906868,1808.7199536166154,323.37422499194508,0,-0.28748945823897304,1.6080066974552867,0
199.99999991850927,1808.4317494130228,324.98210368416039,0,-0.28891891098572775,1.607750475208892,0
201.00000015227124,1808.1421158707817,326.58972551877378,0,-0.29034813537829091,1.6074929822372308,0
202.00000007171184,1807.8510532187647,328.1970892251702,0,-0.29177713028703961,1.6072342187438196,0
202.99999999115244,1807.5585616870667,329.80419353285106,0,-0.29320589458253266,1.6069741849331785,0
203.99999991059303,1807.2646415068884,331.41103717166698,0,-0.2946344271355108,1.6067128810108313,0
205.000000144355,1806.9692929104203,333.017618871585,0,-0.29606272681689816,1.6064503071833058,0
206.0000000637956,1806.6725161312497,334.62393736280501,0,-0.29749079249780269,1.6061864636581342,0
206.99999998323619,1806.3743114038371,336.2299913757015,0,-0.29891862304951761,1.6059213506438519,0
207.99999990267679,1806.0746789638652,337.83577964099823,0,-0.30034621734352174,1.6056549683499974,0
209.00000013643876,1805.7736190482392,339.44130088941893,0,-0.30177357425148071,1.6053873169871125,0
210.00000005587935,1805.4711318949121,341.04655385197839,0,-0.30320069264524768,1.6051183967667415,0
210.99999997531995,1805.1672177428263,342.65153726004064,0,-0.30462757139686458,1.6048482079014328,0
211.99999989476055,1804.8618768323795,344.25624984496972,0,-0.30605420937856248,1.604576750604737,0
213.00000012852252,1804.555109404726,345.8606903385371,0,-0.30748060546276268,1.6043040250912062,0
214.00000004796311,1804.246915702417,347.46485747251427,0,-0.308906758522078,1.6040300315763962,0
214.99999996740371,1803.9372959690518,349.06874997908017,0,-0.31033266742931315,1.6037547702768649,0
215.99999988684431,1803.6262504493352,350.67236659053015,0,-0.31175833105746587,1.6034782414101711,0
217.00000012060627,1803.3137793890783,352.2757060394506,0,-0.31318374827972767,1.6032004451948767,0
218.00000004004687,1802.9998830353143,353.87876705854433,0,-0.31460891796948492,1.6029213818505448,0
218.99999995948747,1802.6845616360079,355.48154838086339,0,-0.31603383900031956,1.6026410515977398,0
219.99999987892807,1802.3678154405206,357.08404873951804,0,-0.31745851024601007,1.6023594546580282,0
221.00000011269003,1802.0496446992038,358.686266868026,0,-0.31888293058053235,1.6020765912539763,0
222.00000003213063,1801.7300496633979,360.28820149996318,0,-0.32030709887806069,1.6017924616091526,0
222.99999995157123,1801.4090305857826,361.88985136919655,0,-0.3217310140129685,1.6015070659481261,0
223.99999987101182,1801.0865877201431,363.4912152098841,0,-0.32315467485982929,1.6012204044964662,0
225.00000010477379,1800.7627213212545,365.09229175635846,0,-0.32457808029341761,1.6009324774807423,0
226.00000002421439,1800.4374316450558,366.69307974306867,0,-0.32600122918870988,1.6006432851285253,0
226.99999994365498,1800.1107189487666,368.29357790492941,0,-0.32742412042088526,1.6003528276683854,0
227.99999986309558,1799.7825834904797,369.89378497679718,0,-0.32884675286532639,1.6000611053298928,0
229.00000009685755,1799.4530255296268,371.49369969399413,0,-0.33026912539762077,1.5997681183436174,0
230.00000001629815,1799.1220453266869,373.09332079201704,0,-0.33169123689356111,1.5994738669411286,0
230.99999993573874,1798.7896431432455,374.69264700647909,0,-0.33311308622914654,1.5991783513549949,0
231.99999985517934,1798.4558192419936,376.29167707340093,0,-0.33453467228058331,1.5988815718187852,0
233.00000008894131,1798.1205738868448,377.89040972891962,0,-0.33595599392428577,1.598583528567066,0
234.0000000083819,1797.7839073426439,379.48884370940505,0,-0.33737705003687729,1.598284221835403,0
234.9999999278225,1797.4458198756329,381.08697775151813,0,-0.33879783949519104,1.5979836518603607,0
235.9999998472631,1797.1063117529266,382.68481059209444,0,-0.34021836117627113,1.5976818188795026,0
237.00000008102506,1796.7653832429205,384.28234096831875,0,-0.34163861395737311,1.5973787231313896,0
238.00000000046566,1796.4230346149998,385.87956761755049,0,-0.34305859671596517,1.5970743648555803,0
238.99999991990626,1796.0792661398882,387.4764892772655,0,-0.34447830832972898,1.5967687442926324,0
240.00000015366822,1795.7340780891245,389.07310468540527,0,-0.3458977476765604,1.5964618616841004,0
241.00000007310882,1795.3874707356445,390.66941258002771,0,-0.34731691363457035,1.5961537172725371,0
241.99999999254942,1795.0394443533733,392.26541169948177,0,-0.34873580508208607,1.5958443113014906,0
242.99999991199002,1794.6899992173421,393.86110078223282,0,-0.35015442089765181,1.5955336440155095,0
244.00000014575198,1794.3391356038046,395.45647856715368,0,-0.35157275996002935,1.5952217156601358,0
245.00000006519258,1793.986853790062,397.05154379323358,0,-0.35299082114819963,1.5949085264819105,0
245.99999998463318,1793.6331540545216,398.64629519992741,0,-0.35440860334136287,1.5945940767283704,0
246.99999990407377,1793.2780366767547,400.24073152663186,0,-0.35582610541893994,1.5942783666480485,0
248.00000013783574,1792.9215019374387,401.83485151315108,0,-0.35724332626057309,1.5939613964904735,0
249.00000005727634,1792.5635501183569,403.42865389963845,0,-0.35866026474612683,1.5936431665061714,0
249.99999997671694,1792.2041815023986,405.02213742630556,0,-0.36007691975568884,1.593323676946663,0
250.99999989615753,1791.8433963736752,406.61530083377147,0,-0.36149329016957099,1.5930029280644646,0
252.0000001299195,1791.4811950173462,408.20814286277164,0,-0.36290937486830988,1.5926809201130878,0
253.0000000493601,1791.1175777195604,409.80066225439077,0,-0.36432517273266801,1.5923576533470396,0
253.99999996880069,1790.7525447678636,411.39285774994642,0,-0.36574068264363468,1.5920331280218221,0
254.99999988824129,1790.3860964506166,412.98472809098894,0,-0.36715590348242655,1.5917073443939316,0
256.00000012200326,1790.0182330576354,414.57627201935975,0,-0.36857083413048902,1.5913803027208593,0
257.00000004144385,1789.6489548794925,416.1674882771913,0,-0.36998547346949673,1.5910520032610911,0
257.99999996088445,1789.2782622081577,417.75837560673244,0,-0.3713998203813545,1.5907224462741061,0
258.99999988032505,1788.90615533659,419.34893275063951,0,-0.37281387374819841,1.5903916320203777,0
260.00000011408702,1788.5326345588546,420.93915845174342,0,-0.37422763245239643,1.5900595607613734,0
261.00000003352761,1788.157700170239,422.52905145322438,0,-0.37564109537654944,1.589726232759554,0
261.99999995296821,1787.7813524670782,424.11861049843719,0,-0.3770542614034923,1.5893916482783734,0
262.99999987240881,1787.4035917468136,425.70783433108591,0,-0.37846712941629429,1.5890558075822785,0
264.00000010617077,1787.024418307934,427.29672169499099,0,-0.37987969829826024,1.5887187109367094,0
265.00000002561137,1786.6438324502669,428.88527133438038,0,-0.38129196693293149,1.5883803586080985,0
265.99999994505197,1786.2618344745715,430.47348199371481,0,-0.38270393420408666,1.5880407508638716,0
266.99999986449257,1785.8784246827126,432.06135241774609,0,-0.38411559899574266,1.5876998879724458,0
268.00000009825453,1785.4936033777776,433.64888135134242,0,-0.38552696019215527,1.5873577702032304,0
269.00000001769513,1785.1073708639015,435.23606753989588,0,-0.38693801667782041,1.5870143978266265,0
269.99999993713573,1784.7197274463251,436.82290972891496,0,-0.38834876733747475,1.5866697711140265,0
270.99999985657632,1784.330673431512,438.40940666414099,0,-0.38975921105609679,1.5863238903378158,0
272.00000009033829,1783.9402091269149,439.99555709166452,0,-0.3911693467189073,1.5859767557713689,0
273.00000000977889,1783.5483348411508,441.58135975780897,0,-0.39257917321137092,1.5856283676890524,0
273.99999992921948,1783.1550508839427,443.16681340930518,0,-0.39398868941919635,1.5852787263662234,0
274.99999984866008,1782.7603575661196,444.751916792884,0,-0.39539789422833788,1.5849278320792295,0
276.00000008242205,1782.3642551996163,446.33666865585838,0,-0.39680678652499551,1.5845756851054089,0
277.00000000186265,1781.96674409759,447.92106774565764,0,-0.39821536519561662,1.5842222857230894,0
277.99999992130324,1781.5678245741292,449.50511280994397,0,-0.39962362912689608,1.5838676342115898,0
279.00000015506521,1781.167496944603,451.08880259678699,0,-0.40103157720577792,1.5835117308512165,0
280.00000007450581,1780.7657615253702,452.67213585448917,0,-0.40243920831945562,1.5831545759232668,0
280.9999999939464,1780.3626186340116,454.25511133152759,0,-0.40384652135537319,1.582796169710027,0
281.999999913387,1779.9580685890978,455.83772777690319,0,-0.40525351520122599,1.5824365124947726,0
283.00000014714897,1779.5521117103635,457.41998393961694,0,-0.40666018874496179,1.582075604561767,0
284.00000006658956,1779.1447483187076,459.00187856919365,0,-0.40806654087478134,1.581713446196263,0
284.99999998603016,1778.7359787361347,460.58341041533276,0,-0.40947257047913943,1.5813500376845016,0
285.99999990547076,1778.3258032856393,462.16457822796656,0,-0.41087827644674602,1.5809853793137107,0
287.00000013923272,1777.9142222914961,463.74538075743476,0,-0.41228365766656672,1.5806194713721087,0
288.00000005867332,1777.5012360789115,465.32581675425172,0,-0.41368871302782367,1.5802523141488987,0
288.99999997811392,1777.0868449744303,466.90588496939745,0,-0.41509344141999688,1.5798839079342728,0
289.99999989755452,1776.6710493054707,468.48558415391017,0,-0.41649784173282439,1.57951425301941,0
291.00000013131648,1776.2538494006731,470.06491305929376,0,-0.4179019128563039,1.579143349696476,0
292.00000005075708,1775.8352455898421,471.64387043722672,0,-0.41930565368069306,1.5787711982586237,0
292.99999997019768,1775.4152382037719,473.22245503985323,0,-0.42070906309651068,1.5783977989999922,0
293.99999988963827,1774.9938275744789,474.80066561943386,0,-0.42211213999453756,1.5780231522157064,0
295.00000012340024,1774.5710140350275,476.37850092852022,0,-0.42351488326581721,1.5776472582018781,0
296.00000004284084,1774.1467979195295,477.95595972018782,0,-0.42491729180165683,1.5772701172556041,0
296.99999996228144,1773.7211795633775,479.53304074751213,0,-0.42631936449362834,1.5768917296749676,0
297.99999988172203,1773.2941593028954,481.10974276409252,0,-0.4277211002335688,1.5765120957590357,0
299.000000115484,1772.8657374755712,482.68606452370295,0,-0.42912249791358192,1.5761312158078618,0
300.0000000349246,1772.4359144201153,484.26200478046667,0,-0.4305235564260384,1.575749090122484,0
300.99999995436519,1772.0046904761693,485.83756228879793,0,-0.43192427466357702,1.5753657190049242,0
301.99999987380579,1771.5720659845392,487.41273580340203,0,-0.43332465151910565,1.5749811027581899,0
303.00000010756776,1771.1380412872531,488.98752407933353,0,-0.43472468588580188,1.5745952416862719,0
304.00000002700835,1770.7026167273289,490.561925871938,0,-0.43612437665711395,1.5742081360941447,0
304.99999994644895,1770.2657926488901,492.13593993679387,0,-0.43752372272676182,1.5738197862877668,0
305.99999986588955,1769.8275693971664,493.70956502988702,0,-0.43892272298873763,1.5734301925740799,0
307.00000009965152,1769.3879473184934,495.28279990743613,0,-0.44032137633730706,1.57303935526101,0
308.00000001909211,1768.9469267604873,496.85564332595095,0,-0.44171968166700998,1.5726472746574642,0
308.99999993853271,1768.504508071579,498.42809404240688,0,-0.44311763787266112,1.5722539510733331,0
309.99999985797331,1768.0606916014804,500.00015081389574,0,-0.44451524384935137,1.5718593848194902,0
311.00000009173527,1767.6154777009506,501.5718123979168,0,-0.44591249849244835,1.5714635762077902,0
312.00000001117587,1767.1688667219714,503.14307755231857,0,-0.44730940069759739,1.5710665255510701,0
312.99999993061647,1766.7208590173977,504.7139450351242,0,-0.44870594936072228,1.5706682331631487,0
313.99999985005707,1766.2714549414814,506.28441360482248,0,-0.45010214337802651,1.5702686993588266,0
315.00000008381903,1765.8206548492308,507.85448202013504,0,-0.45149798164599347,1.5698679244538851,0
316.00000000325963,1765.3684590971097,509.42414904013276,0,-0.45289346306138806,1.5694659087650862,0
316.99999992270023,1764.9148680424551,510.99341342417756,0,-0.45428858652125709,1.5690626526101727,0
318.00000015646219,1764.4598820437677,512.5622739319806,0,-0.45568335092293022,1.568658156307869,0
319.00000007590279,1764.0035014606547,514.13072932354407,0,-0.45707775516402116,1.5682524201778776,0
319.99999999534339,1763.5457266538288,515.69877835916122,0,-0.45847179814242789,1.5678454445408831,0
320.99999991478398,1763.086557985167,517.26641979953274,0,-0.45986547875633427,1.5674372297185486,0
322.00000014854595,1762.6259958174778,518.83365240565035,0,-0.46125879590421048,1.5670277760335163,0
323.00000006798655,1762.1640405148501,520.40047493873863,0,-0.46265174848481389,1.5666170838094082,0
323.99999998742715,1761.7006924424204,521.96688616054598,0,-0.46404433539718998,1.5662051533708252,0
324.99999990686774,1761.235951966315,523.53288483287906,0,-0.46543655554067326,1.5657919850433464,0
326.00000014062971,1760.7698194539407,525.09846971806837,0,-0.46682840781488832,1.5653775791535296,0
327.00000006007031,1760.3022952736937,526.66363957879366,0,-0.46821989111975015,1.5649619360289109,0
327.9999999795109,1759.8333797950763,528.2283931778511,0,-0.46961100435546593,1.5645450559980041,0
328.9999998989515,1759.3630733886966,529.79272927856073,0,-0.47100174642253478,1.564126939390301,0
330.00000013271347,1758.891376426327,531.35664664453361,0,-0.47239211622174937,1.56370758653627,0
331.00000005215406,1758.4182892807294,532.92014403967187,0,-0.47378211265419651,1.5632869977673562,0
331.99999997159466,1757.9438123258296,534.48322022822686,0,-0.4751717346212585,1.5628651734159833,0
332.99999989103526,1757.4679459366598,536.04587397474097,0,-0.47656098102461308,1.5624421138155504,0
334.00000012479722,1756.9906904893578,537.60810404422227,0,-0.47794985076623525,1.5620178193004333,0
335.00000004423782,1756.512046361051,539.16990920185344,0,-0.47933834274839737,1.5615922902059833,0
335.99999996367842,1756.0320139301475,540.73128821322462,0,-0.48072645587367063,1.5611655268685276,0
336.99999988311902,1755.5505935759284,542.29223984427517,0,-0.48211418904492553,1.5607375296253692,0
338.00000011688098,1755.0677856790717,543.85276286129374,0,-0.48350154116533289,1.5603082988147865,0
339.00000003632158,1754.5835906210123,545.41285603080178,0,-0.48488851113836479,1.5598778347760327,0
339.99999995576218,1754.0980087845237,546.97251811984461,0,-0.48627509786779527,1.5594461378493356,0
340.99999987520278,1753.6110405533691,548.53174789564218,0,-0.48766130025770132,1.5590132083758979,0
342.00000010896474,1753.1226863124757,550.09054412588011,0,-0.48904711721246358,1.5585790466978957,0
343.00000002840534,1752.6329464478185,551.64890557841863,0,-0.49043254763676747,1.5581436531584794,0
343.99999994784594,1752.1418213464203,553.20683102170005,0,-0.49181759043560375,1.5577070281017735,0
344.99999986728653,1751.6493113965262,554.7643192242831,0,-0.49320224451426986,1.5572691718728744,0
346.0000001010485,1751.1554169873125,556.32136895513395,0,-0.49458650877837013,1.5568300848178533,0
347.0000000204891,1750.6601385092363,557.87797898374265,0,-0.49597038213381717,1.5563897672837532,0
347.99999993992969,1750.163476353744,559.43414807965746,0,-0.49735386348683258,1.5559482196185901,0
348.99999985937029,1749.6654309133301,560.98987501306692,0,-0.49873695174394767,1.5555054421713523,0
350.00000009313226,1749.1660025816527,562.54515855421778,0,-0.50011964581200441,1.5550614352919996,0
351.00000001257285,1748.6651917534764,564.09999747393886,0,-0.50150194459815656,1.5546161993314638,0
351.99999993201345,1748.162998824555,565.65439054329181,0,-0.50288384700987021,1.5541697346416481,0
352.99999985145405,1747.6594241919229,567.20833653374575,0,-0.50426535195492461,1.5537220415754267,0
354.00000008521602,1747.1544682534877,568.76183421711903,0,-0.50564645834141331,1.5532731204866452,0
355.00000000465661,1746.6481314084376,570.31488236552104,0,-0.50702716507774459,1.5528229717301194,0
355.99999992409721,1746.1404140569502,571.86747975146864,0,-0.50840747107264295,1.5523715956616353,0
356.99999984353781,1745.631316600251,573.4196251478279,0,-0.50978737523514939,1.5519189926379495,0
358.00000007729977,1745.1208394407877,574.97131732787238,0,-0.51116687647462267,1.5514651630167877,0
358.99999999674037,1744.6089829819975,576.52255506510846,0,-0.51254597370074007,1.5510101071568454,0
359.99999991618097,1744.0957476284239,578.07333713356638,0,-0.51392466582349783,1.5505538254177875,0
361.00000014994293,1743.5811337857158,579.62366230745101,0,-0.51530295175321261,1.5500963181602474,0
362.00000006938353,1743.0651418606867,581.17352936149109,0,-0.51668083040052226,1.5496375857458267,0
362.99999998882413,1742.5477722610231,582.72293707070639,0,-0.51805830067638647,1.5491776285370964,0
363.99999990826473,1742.0290253958083,584.27188421040773,0,-0.51943536149208747,1.5487164468975951,0
365.00000014202669,1741.5089016749407,585.820369556488,0,-0.52081201175923109,1.5482540411918289,0
366.00000006146729,1740.9874015094829,587.3683918848983,0,-0.52218825038974803,1.5477904117852714,0
366.99999998090789,1740.4645253117196,588.91594997223001,0,-0.52356407629589408,1.547325559044364,0
367.99999990034848,1739.9402734948089,590.46304259536555,0,-0.52493948839025129,1.5468594833365137,0
369.00000013411045,1739.4146464732476,592.00966853142017,0,-0.52631448558572891,1.5463921850300959,0
370.00000005355105,1738.8876446623472,593.5558265579748,0,-0.52768906679556371,1.5459236644944507,0
370.99999997299165,1738.3592684786418,595.10151545307599,0,-0.52906323093332153,1.5454539220998851,0
371.99999989243224,1737.8295183398295,596.64673399500316,0,-0.53043697691289793,1.5449829582176713,0
373.00000012619421,1737.2983946645982,598.19148096250137,0,-0.531810303648519,1.5445107732200478,0
374.00000004563481,1736.7658978726831,599.73575513454853,0,-0.53318321005474201,1.5440373674802177,0
374.9999999650754,1736.2320283849258,601.27955529064639,0,-0.5345556950464565,1.5435627413723485,0
375.999999884516,1735.6967866233899,602.82288021064596,0,-0.53592775753888477,1.5430868952715724,0
377.00000011827797,1735.1601730110706,604.36572867468931,0,-0.53729939644758351,1.5426098295539867,0
378.00000003771856,1734.6221879720688,605.90809946332593,0,-0.53867061068844446,1.5421315445966519,0
378.99999995715916,1734.0828319315915,607.44999135757098,0,-0.540041399177694,1.5416520407775924,0
379.99999987659976,1733.5421053160098,608.99140313873067,0,-0.54141176083189613,1.5411713184757956,0
381.00000011036173,1733.000008552568,610.53233358851867,0,-0.54278169456795144,1.5406893780712119,0
382.00000002980232,1732.4565420698491,612.07278148893965,0,-0.54415119930309908,1.5402062199447557,0
382.99999994924292,1731.9117062973091,613.61274562258041,0,-0.54552027395491709,1.5397218444783027,0
383.99999986868352,1731.3655016656849,615.15222477226052,0,-0.5468889174413234,1.5392362520546907,0
385.00000010244548,1730.8179286065279,616.69121772120707,0,-0.54825712868057719,1.53874944305772,0
386.00000002188608,1730.2689875527285,618.22972325299634,0,-0.54962490659127861,1.5382614178721516,0
386.99999994132668,1729.7186789381667,619.7677401516703,0,-0.55099225009237096,1.5377721768837087,0
387.99999986076728,1729.1670031977119,621.30526720162015,0,-0.55235915810314029,1.5372817204790743,0
389.00000009452924,1728.6139607674559,622.84230318758637,0,-0.55372562954321725,1.5367900490458934,0
390.00000001396984,1728.0595520845382,624.37884689483326,0,-0.55509166333257765,1.5362971629727706,0
390.99999993341044,1727.5037775870296,625.91489710879978,0,-0.55645725839154259,1.5358030626492705,0
391.99999985285103,1726.9466377143399,627.45045261550695,0,-0.55782241364078022,1.535307748465917,0
393.000000086613,1726.3881329067517,628.98551220126683,0,-0.55918712800130688,1.5348112208141944,0
394.0000000060536,1725.8282636056538,630.52007465279894,0,-0.56055140039448625,1.5343134800865457,0
394.99999992549419,1725.2670302535989,632.05413875717204,0,-0.56191522974203267,1.5338145266763727,0
395.99999984493479,1724.7044332941878,633.58770330203697,0,-0.56327861496600951,1.5333143609780346,0
397.00000007869676,1724.1404731720686,635.12076707516098,0,-0.56464155498883195,1.5328129833868509,0
397.99999999813735,1723.5751503329957,636.65332886495162,0,-0.56600404873326637,1.532310394299097,0
398.99999991757795,1723.0084652237128,638.18538746010745,0,-0.56736609512243241,1.5318065941120069,0
400.00000015133992,1722.4404182922444,639.71694164961809,0,-0.56872769307980298,1.5313015832237711,0
401.00000007078052,1721.8710099874297,641.24799022311345,0,-0.57008884152920558,1.5307953620335382,0
401.99999999022111,1721.3002407593885,642.77853197039803,0,-0.5714495393948229,1.5302879309414119,0
402.99999990966171,1720.7281110591721,644.30856568180025,0,-0.57280978560119389,1.5297792903484533,0
404.00000014342368,1720.1546213390538,645.83809014805593,0,-0.5741695790732142,1.5292694406566785,0
405.00000006286427,1719.5797720522969,647.36710416025016,0,-0.57552891873613787,1.5287583822690602,0
405.99999998230487,1719.003563653212,648.8956065098173,0,-0.57688780351557678,1.5282461155895259,0
406.99999990174547,1718.4259965972742,650.42359598877374,0,-0.57824623233750327,1.5277326410229584,0
408.00000013550743,1717.8470713408897,651.95107138936874,0,-0.57960420412824931,1.5272179589751946,0
409.00000005494803,1717.2667883416871,653.47803150437539,0,-0.58096171781450845,1.5267020698530263,0
409.99999997438863,1716.6851480583427,655.00447512685787,0,-0.58231877232333595,1.5261849740641995,0
410.99999989382923,1716.1021509504644,656.53040105040418,0,-0.5836753665821508,1.525666672017413,0
412.00000012759119,1715.5177974789403,658.05580806895159,0,-0.58503149951873512,1.5251471641223204,0
413.00000004703179,1714.9320881055901,659.58069497684482,0,-0.58638717006123542,1.5246264507895273,0
413.99999996647239,1714.345023293281,661.10506056883605,0,-0.58774237713816446,1.5241045324305922,0
414.99999988591298,1713.7566035061609,662.62890364014311,0,-0.58909711967840073,1.5235814094580262,0
416.00000011967495,1713.1668292091344,664.15222298639128,0,-0.59045139661118995,1.5230570822852927,0
417.00000003911555,1712.575700868445,665.67501740349689,0,-0.59180520686614624,1.5225315513268063,0
417.99999995855615,1711.9832189513254,667.19728568790015,0,-0.59315854937325185,1.5220048169979332,0
418.99999987799674,1711.3893839259981,668.7190266365069,0,-0.59451142306285942,1.5214768797149909,0
420.00000011175871,1710.7941962618497,670.24023904651403,0,-0.59586382686569161,1.5209477398952485,0
421.00000003119931,1710.1976564292563,671.76092171558412,0,-0.5972157597128428,1.5204173979569233,0
421.9999999506399,1709.5997648997582,673.28107344184536,0,-0.59856722053577915,1.5198858543191853,0
422.9999998700805,1709.000522145885,674.80069302377524,0,-0.59991820826634079,1.5193531094021531,0
424.00000010384247,1708.3999286412727,676.31977926037507,0,-0.60126872183674107,1.5188191636268946,0
425.00000002328306,1707.7979848606046,677.83833095087903,0,-0.60261876017956828,1.5182840174154264,0
425.99999994272366,1707.1946912796702,679.35634689516155,0,-0.60396832222778618,1.5177476711907152,0
426.99999986216426,1706.5900483753067,680.87382589338813,0,-0.60531740691473501,1.5172101253766752,0
428.00000009592623,1705.9840566253406,682.39076674618991,0,-0.6066660131741326,1.5166713803981693,0
429.00000001536682,1705.3767165087629,683.90716825460549,0,-0.6080141399400748,1.5161314366810077,0
429.99999993480742,1704.7680285056122,685.42302922013914,0,-0.60936178614703607,1.5155902946519477,0
430.99999985424802,1704.1579930970329,686.93834844464436,0,-0.6107089507298713,1.515047954738695,0
432.00000008800998,1703.5466107650427,688.45312473044032,0,-0.61205563262381535,1.5145044173699014,0
433.00000000745058,1702.9338819929981,689.96735688037006,0,-0.61340183076448507,1.5139596829751643,0
433.99999992689118,1702.3198072651285,691.48104369756766,0,-0.61474754408787979,1.5134137519850288,0
434.99999984633178,1701.7043870667694,692.99418398563284,0,-0.61609277153038144,1.5128666248309843,0
436.00000008009374,1701.0876218844205,694.50677654863102,0,-0.61743751202875641,1.5123183019454662,0
436.99999999953434,1700.4695122053963,696.01882019109325,0,-0.61878176452015587,1.5117687837618559,0
437.99999991897494,1699.8500585183501,697.53031371784164,0,-0.62012552794211673,1.5112180707144778,0
439.0000001527369,1699.2292613129248,699.04125593433855,0,-0.62146880123256232,1.510666163238602,0
440.0000000721775,1698.6071210796363,700.55164564633742,0,-0.62281158332980358,1.5101130617704419,0
440.9999999916181,1697.9836383103393,702.06148166005732,0,-0.62415387317253945,1.5095587667471553,0
441.99999991105869,1697.3588134977617,703.5707627821248,0,-0.62549566969985781,1.5090032786068426,0
443.00000014482066,1696.7326471357374,705.07948781969026,0,-0.62683697185123699,1.5084465977885475,0
444.00000006426126,1696.1051397192059,706.58765558031155,0,-0.62817777856654566,1.5078887247322568,0
444.99999998370185,1695.4762917440967,708.09526487189578,0,-0.62951808878604432,1.5073296598788988,0
445.99999990314245,1694.8461037074449,709.60231450293213,0,-0.63085790145038534,1.5067694036703443,0
447.00000013690442,1694.2145761073916,711.10880328225903,0,-0.63219721550061481,1.506207956549406,0
448.00000005634502,1693.5817094430095,712.61473001923878,0,-0.63353602987817292,1.5056453189598373,0
448.99999997578561,1692.947504214535,714.1200935235247,0,-0.63487434352489469,1.5050814913463331,0
449.99999989522621,1692.3119609232526,715.62489260541042,0,-0.63621215538301079,1.5045164741545276,0
451.00000012898818,1691.675080071378,717.1291260754806,0,-0.6375494643951487,1.5039502678309962,0
452.00000004842877,1691.0368621624075,718.63279274484375,0,-0.63888626950433336,1.5033828728232546,0
452.99999996786937,1690.3973077007104,720.13589142501587,0,-0.64022256965398761,1.5028142895797567,0
453.99999988730997,1689.756417191762,721.63842092803679,0,-0.64155836378793374,1.5022445185498974,0
455.00000012107193,1689.1141911421437,723.14038006635383,0,-0.64289365085039407,1.5016735601840083,0
456.00000004051253,1688.4706300594262,724.64176765276352,0,-0.64422842978599126,1.501101414933361,0
456.99999995995313,1687.8257344522863,726.14258250076091,0,-0.64556269953974987,1.5005280832501642,0
457.99999987939373,1687.1795048304484,727.64282342395745,0,-0.64689645905709692,1.4999535655875649,0
459.00000011315569,1686.5319417046267,729.1424892367213,0,-0.64822970728386275,1.4993778623996472,0
460.00000003259629,1685.8830455866409,730.64157875371166,0,-0.64956244316628153,1.4988009741414328,0
460.99999995203689,1685.2328169894172,732.14009079016978,0,-0.65089466565099263,1.498222901268879,0
461.99999987147748,1684.5812564268126,733.63802416156977,0,-0.65222637368504111,1.4976436442388805,0
463.00000010523945,1683.9283644139068,735.13537768402603,0,-0.65355756621587879,1.4970632035092675,0
464.00000002468005,1683.2741414665943,736.63215017417679,0,-0.65488824219136499,1.4964815795388049,0
464.99999994412065,1682.6185881020501,738.12834044889314,0,-0.65621840055976666,1.4958987727871942,0
465.99999986356124,1681.9617048383807,739.62394732562825,0,-0.65754804026976033,1.4953147837150711,0
467.00000009732321,1681.3034921947401,741.11896962235915,0,-0.65887716027043275,1.4947296127840051,0
468.00000001676381,1680.6439506913885,742.6134061574121,0,-0.66020575951128102,1.4941432604565008,0
468.9999999362044,1679.9830808496336,744.10725574963726,0,-0.66153383694221379,1.4935557271959965,0
469.999999855645,1679.3208831918309,745.60051721829223,0,-0.6628613915135525,1.4929670134668633,0
471.00000008940697,1678.6573582412675,747.09318938321667,0,-0.66418842217603169,1.4923771197344058,0
472.00000000884756,1677.9925065224525,748.58527106459951,0,-0.66551492788079947,1.4917860464648613,0
472.99999992828816,1677.3263285608264,750.07676108309533,0,-0.66684090757941983,1.491193794125399,0
473.99999984772876,1676.6588248829939,751.56765825999901,0,-0.66816636022387188,1.4906003631841196,0
475.00000008149073,1675.989996016433,753.05796141678002,0,-0.66949128476655106,1.4900057541100566,0
476.00000000093132,1675.3198424898437,754.54766937566455,0,-0.67081568016027093,1.4894099673731731,0
476.99999992037192,1674.6483648328576,756.03678095911164,0,-0.67213954535826281,1.488813003444365,0
478.00000015413389,1673.9755635761539,757.52529499027878,0,-0.67346287931417703,1.488214862795457,0
479.00000007357448,1673.3014392516343,759.01321029261453,0,-0.67478568098208425,1.4876155458992044,0
479.99999999301508,1672.6259923920152,760.50052569014952,0,-0.67610794931647511,1.4870150532292916,0
480.99999991245568,1671.9492235311191,761.98724000732182,0,-0.6774296832722625,1.486413385260333,0
482.00000014621764,1671.2711332039325,763.47335206909338,0,-0.67875088180478149,1.485810542467872,0
483.00000006565824,1670.5917219463154,764.95886070083361,0,-0.68007154386978985,1.4852065253283802,0
483.99999998509884,1669.9109902953496,766.44376472843578,0,-0.68139166842346977,1.4846013343192572,0
484.99999990453944,1669.2289387889905,767.92806297831703,0,-0.68271125442242853,1.4839949699188313,0
486.0000001383014,1668.5455679663573,769.41175427730195,0,-0.68403030082369864,1.4833874326063567,0
487.000000057742,1667.8608783675591,770.89483745273901,0,-0.68534880658473907,1.482778722862016,0
487.9999999771826,1667.1748705337523,772.37731133238412,0,-0.68666677066343618,1.4821688411669176,0
488.99999989662319,1666.4875450071413,773.85917474457528,0,-0.6879841920181049,1.4815577880030972,0
490.00000013038516,1665.7989023309783,775.34042651805794,0,-0.6893010696074886,1.4809455638535152,0
491.00000004982576,1665.1089430495631,776.8210654821014,0,-0.69061740239076042,1.4803321692020583,0
491.99999996926636,1664.4176677081268,778.30109046644066,0,-0.69193318932752435,1.4797176045335385,0
492.99999988870695,1663.7250768531812,779.78050030133454,0,-0.69324842937781572,1.4791018703336911,0
494.00000012246892,1663.031171032053,781.25929381744936,0,-0.69456312150210231,1.4784849670891778,0
495.00000004190952,1662.3359507931746,782.73746984597528,0,-0.69587726466128452,1.4778668952875829,0
495.99999996135011,1661.6394166860264,784.21502721868455,0,-0.69719085781669698,1.4772476554174143,0
496.99999988079071,1660.9415692611947,785.69196476764046,0,-0.69850389993010875,1.4766272479681042,0
498.00000011455268,1660.242409070197,787.16828132554656,0,-0.69981638996372486,1.4760056734300067,0
499.00000003399327,1659.541936665657,788.6439757256303,0,-0.70112832688018623,1.4753829322943985,0
499.99999995343387,1658.8401526011876,790.11904680146836,0,-0.70243970964257108,1.474759025053479,0
500.99999987287447,1658.1370574314496,791.5934933872195,0,-0.70375053721439562,1.4741339522003678,0
502.00000010663643,1657.4326517121517,793.06731431750813,0,-0.70506080855961506,1.4735077142291071,0
503.00000002607703,1656.72693600005,794.54050842742436,0,-0.70637052264262423,1.4728803116346589,0
503.99999994551763,1656.0199108529487,796.01307455269853,0,-0.70767967842825807,1.4722517449129071,0
504.99999986495823,1655.3115768296411,797.48501152941026,0,-0.70898827488179317,1.4716220145606551,0
506.00000009872019,1654.6019344899687,798.95631819410482,0,-0.71029631096894785,1.4709911210756255,0
507.00000001816079,1653.8909843948786,800.42699338402599,0,-0.71160378565588367,1.47035906495646,0
507.99999993760139,1653.178727106133,801.89703593665035,0,-0.7129106979092058,1.4697258467027203,0
508.99999985704198,1652.4651631868328,803.36644469021121,0,-0.71421704669596353,1.4690914668148864,0
510.00000009080395,1651.750293200952,804.83521848323289,0,-0.71552283098365221,1.4684559257943552,0
511.00000001024455,1651.034117713396,806.30335615493823,0,-0.71682804974021286,1.4678192241434431,0
511.99999992968515,1650.3166372902924,807.77085654484108,0,-0.71813270193403378,1.4671813623653827,0
512.99999984912574,1649.5978524987586,809.2377184930956,0,-0.71943678653395082,1.4665423409643237,0
514.00000008288771,1648.8777639067848,810.7039408403798,0,-0.72074030250924814,1.4659021604453324,0
515.00000000232831,1648.1563720835838,812.16952242777916,0,-0.7220432488296602,1.4652608213143912,0
515.9999999217689,1647.4336775993579,813.63446209696122,0,-0.72334562446537121,1.4646183240783983,0
517.00000015553087,1646.7096810252406,815.09875869005919,0,-0.72464742838701623,1.4639746692451672,0
518.00000007497147,1645.9843829334714,816.56241104978835,0,-0.72594865956568277,1.4633298573234266,0
518.99999999441206,1645.2577838973957,818.02541801921325,0,-0.72724931697291029,1.4626838888228195,0
519.99999991385266,1644.529884491174,819.48777844203869,0,-0.7285493995806922,1.4620367642539032,0
521.00000014761463,1643.8006852901308,820.94949116249336,0,-0.72984890636147615,1.4613884841281481,0
522.00000006705523,1643.0701868706965,822.41055502527161,0,-0.73114783628816482,1.4607390489579388,0
522.99999998649582,1642.3383898101747,823.87096887559164,0,-0.7324461883341169,1.4600884592565724,0
523.99999990593642,1641.6052946870332,825.33073155913735,0,-0.7337439614731478,1.4594367155382582,0
525.00000013969839,1640.8709020805545,826.78984192217467,0,-0.73504115467953068,1.4587838183181181,0
526.00000005913898,1640.135212571302,828.24829881143523,0,-0.73633776692799657,1.4581297681121859,0
526.99999997857958,1639.3982267407118,829.70610107423272,0,-0.73763379719373612,1.4574745654374057,0
527.99999989802018,1638.6599451712682,831.16324755834648,0,-0.73892924445239982,1.4568182108116332,0
529.00000013178214,1637.9203684464446,832.61973711202154,0,-0.74022410768009894,1.4561607047536347,0
530.00000005122274,1637.1794971509371,834.07556858420139,0,-0.74151838585340657,1.4555020477830869,0
530.99999997066334,1636.43733187014,835.53074082417879,0,-0.74281207794935777,1.4548422404205748,0
531.99999989010394,1635.6938731907285,836.98525268177036,0,-0.74410518294545125,1.4541812831875933,0
533.0000001238659,1634.9491217002505,838.439103007433,0,-0.74539769981964921,1.4535191766065467,0
534.0000000433065,1634.2030779874767,839.89229065203108,0,-0.74668962755037949,1.4528559212007472,0
534.9999999627471,1633.455742641876,841.34481446706923,0,-0.747980965116535,1.4521915174944153,0
535.99999988218769,1632.7071162542561,842.79667330440134,0,-0.74927171149747507,1.4515259660126787,0
537.00000011594966,1631.957199416298,844.247866016638,0,-0.75056186567302652,1.4508592672815721,0
538.00000003539026,1631.2059927206719,845.69839145673905,0,-0.75185142662348425,1.4501914218280372,0
538.99999995483086,1630.4534967611544,847.14824847824639,0,-0.75314039332961169,1.449522430179923,0
539.99999987427145,1629.699712132453,848.5974359352258,0,-0.75442876477264242,1.4488522928659828,0
541.00000010803342,1628.9446394303814,850.04595268226694,0,-0.75571653993428023,1.4481810104158765,0
542.00000002747402,1628.1882792516844,851.49379757454153,0,-0.75700371779670028,1.4475085833601686,0
542.99999994691461,1627.4306321942131,852.94096946762875,0,-0.75829029734254971,1.4468350122303282,0
543.99999986635521,1626.6716988567496,854.38746721780626,0,-0.75957627755494872,1.4461602975587293,0
545.00000010011718,1625.911479839182,855.8332896817592,0,-0.7608616574174909,1.4454844398786493,0
546.00000001955777,1625.1499757423881,857.27843571675476,0,-0.76214643591424469,1.4448074397242689,0
546.99999993899837,1624.3871871681768,858.7229041805258,0,-0.76343061202975371,1.4441292976306719,0
547.99999985843897,1623.623114719463,860.16669393150369,0,-0.76471418474903763,1.4434500141338444,0
549.00000009220093,1622.8577590001514,861.60980382852722,0,-0.76599715305759331,1.4427695897706752,0
550.00000001164153,1622.0911206151359,863.05223273095908,0,-0.76727951594139476,1.4420880250789543,0
550.99999993108213,1621.3232001704164,864.49397949874401,0,-0.76856127238689464,1.4414053205973731,0
551.99999985052273,1620.553998272866,865.93504299240885,0,-0.76984242138102554,1.4407214768655245,0
553.00000008428469,1619.7835155304638,867.37542207288789,0,-0.77112296191119978,1.4400364944239004,0
554.00000000372529,1619.0117525521782,868.81511560187209,0,-0.77240289296531006,1.439350373813894,0
554.99999992316589,1618.2387099480256,870.2541224413435,0,-0.77368221353173172,1.4386631155777971,0
556.00000015692785,1617.4643883289536,871.69244145398261,0,-0.77496092259932214,1.437974720258802,0
557.00000007636845,1616.6887883070158,873.13007150299381,0,-0.77623901915742199,1.4372851884009992,0
557.99999999580905,1615.9119104951387,874.56701145210536,0,-0.777516502195856,1.4365945205493762,0
558.99999991524965,1615.1337555074715,876.00326016562758,0,-0.77879337070493426,1.4359027172498202,0
560.00000014901161,1614.3543239589198,877.43881650833646,0,-0.78006962367545174,1.4352097790491145,0
561.00000006845221,1613.5736164656118,878.87367934559006,0,-0.78134526009869065,1.4345157064949401,0
561.99999998789281,1612.7916336446069,880.30784754338674,0,-0.78262027896642028,1.4338205001358746,0
562.9999999073334,1612.0083761138958,881.7413199681323,0,-0.78389467927089795,1.4331241605213911,0
564.00000014109537,1611.2238444925752,883.17409548687283,0,-0.78516846000487006,1.432426688201859,0
565.00000006053597,1610.4380394007312,884.60617296712007,0,-0.78644162016157226,1.4317280837285429,0
565.99999997997656,1609.6509614594397,886.03755127708428,0,-0.78771415873473138,1.4310283476536019,0
566.99999989941716,1608.8626112907659,887.46822928544134,0,-0.78898607471856497,1.4303274805300896,0
568.00000013317913,1608.0729895178811,888.89820586133283,0,-0.79025736710778283,1.4296254829119537,0
569.00000005261973,1607.2820967647713,890.32747987459879,0,-0.79152803489758761,1.4289223553540353,0
569.99999997206032,1606.4899336565868,891.75605019560317,0,-0.79279807708367589,1.4282180984120689,0
570.99999989150092,1605.6965008194675,893.18391569517553,0,-0.79406749266223819,1.427512712642681,0
572.00000012526289,1604.9017988804844,894.61107524478575,0,-0.79533628062996087,1.4268061986033909,0
573.00000004470348,1604.1058284677565,896.03752771648578,0,-0.79660443998402597,1.4260985568526094,0
573.99999996414408,1603.3085902103921,897.46327198279323,0,-0.79787196972211205,1.4253897879496384,0
574.99999988358468,1602.5100847384892,898.88830691680778,0,-0.79913886884239616,1.4246798924546711,0
576.00000011734664,1601.7103126832517,900.3126313923276,0,-0.80040513634355315,1.4239688709287905,0
577.00000003678724,1600.9092746766983,901.73624428350013,0,-0.80167077122475716,1.4232567239339702,0
577.99999995622784,1600.1069713520119,903.15914446522947,0,-0.80293577248568271,1.4225434520330735,0
578.99999987566844,1599.3034033432486,904.58133081282722,0,-0.80420013912650468,1.4218290557898523,0
580.0000001094304,1598.4985712856287,906.00280220224522,0,-0.80546387014789966,1.4211135357689473,0
581.000000028871,1597.6924758151872,907.42355750995921,0,-0.80672696455104675,1.4203968925358874,0
581.9999999483116,1596.8851175690652,908.8435956130852,0,-0.80798942133762786,1.4196791266570894,0
582.99999986775219,1596.0764971853932,910.26291538926307,0,-0.80925123950982936,1.4189602386998568,0
584.00000010151416,1595.2666153032333,911.68151571665658,0,-0.81051241807034224,1.4182402292323808,0
585.00000002095476,1594.4554725627531,913.09939547406975,0,-0.81177295602236232,1.4175190988237387,0
585.99999994039536,1593.643069605052,914.5165535408305,0,-0.813032852369593,1.4167968480438935,0
586.99999985983595,1592.8294070722186,915.9329887968488,0,-0.81429210611624381,1.4160734774636941,0
588.00000009359792,1592.0144856073312,917.34870012267493,0,-0.81555071626703235,1.4153489876548742,0
589.00000001303852,1591.1983058545738,918.7636863993248,0,-0.81680868182718513,1.414623379190052,0
589.99999993247911,1590.3808684588876,920.17794650833821,0,-0.81806600180243794,1.4138966526427306,0
590.99999985191971,1589.5621740664938,921.59147933206987,0,-0.81932267519903723,1.4131688085872958,0
592.00000008568168,1588.7422233243706,923.00428375322372,0,-0.82057870102373975,1.412439847599017,0
593.00000000512227,1587.9210168806021,924.41635865514399,0,-0.82183407828381483,1.4117097702540471,0
593.99999992456287,1587.0985553843202,925.82770292181522,0,-0.82308880598704393,1.4109785771294201,0
594.99999984400347,1586.2748394854716,927.23831543768756,0,-0.8243428831417221,1.4102462688030526,0
596.00000007776543,1585.4498698352254,928.64819508785149,0,-0.82559630875665835,1.4095128458537431,0
596.99999999720603,1584.6236470855074,930.05734075803775,0,-0.826849081841177,1.4087783088611701,0
597.99999991664663,1583.7961718893494,931.46575133444276,0,-0.82810120140511778,1.4080426584058936,0
599.0000001504086,1582.9674449008307,932.87342570390319,0,-0.8293526664588371,1.4073058950693529,0
600.00000006984919,1582.1374667749624,934.28036275383784,0,-0.83060347601320872,1.4065680194338661,0
600.99999998928979,1581.3062381676282,935.68656137218932,0,-0.83185362907962468,1.4058290320826323,0
601.99999990873039,1580.4737597359344,937.09202044759877,0,-0.83310312466999514,1.4050889335997283,0
603.00000014249235,1579.6400321378023,938.49673886923119,0,-0.83435196179675086,1.4043477245701095,0
604.00000006193295,1578.8050560321426,939.90071552677546,0,-0.83560013947284251,1.4036054055796083,0
604.99999998137355,1577.9688320789719,941.30394931056071,0,-0.83684765671174166,1.4028619772149349,0
605.99999990081415,1577.1313609392382,942.7064391116146,0,-0.83809451252744271,1.4021174400636764,0
607.00000013457611,1576.2926432747627,944.10818382131401,0,-0.83934070593446231,1.4013717947142963,0
608.00000005401671,1575.4526797484723,945.50918233179254,0,-0.84058623594784065,1.4006250417561332,0
608.99999997345731,1574.6114710242837,946.90943353582406,0,-0.84183110158314245,1.399877181779402,0
609.9999998928979,1573.7690177671029,948.3089363265899,0,-0.84307530185645763,1.3991282153751927,0
611.00000012665987,1572.9253206427093,949.70768959796987,0,-0.84431883578440137,1.3983781431354689,0
612.00000004610047,1572.0803803179879,951.10569224442588,0,-0.8455617023841161,1.3976269656530689,0
612.99999996554106,1571.234197460697,952.5029431610601,0,-0.84680390067327149,1.3968746835217036,0
613.99999988498166,1570.386772739701,953.89944124344038,0,-0.84804542967006558,1.3961212973359587,0
615.00000011874363,1569.5381068247952,955.29518538789125,0,-0.8492862883932254,1.3953668076912911,0
616.00000003818423,1568.6882003867067,956.69017449120292,0,-0.85052647586200747,1.3946112151840309,0
616.99999995762482,1567.8370540971518,958.08440745086409,0,-0.85176599109619877,1.3938545204113786,0
617.99999987706542,1566.9846686288947,959.47788316482911,0,-0.85300483311611819,1.3930967239714069,0
619.00000011082739,1566.1310446556308,960.87060053175082,0,-0.8542430009426164,1.3923378264630588,0
620.00000003026798,1565.2761828521034,962.26255845092237,0,-0.85548049359707679,1.391577828486148,0
620.99999994970858,1564.4200838938705,963.65375582210254,0,-0.85671731010141638,1.3908167306413572,0
621.99999986914918,1563.5627484575962,965.04419154574862,0,-0.85795344947808683,1.3900545335302392,0
623.00000010291114,1562.7041772209341,966.43386452295817,0,-0.85918891075007475,1.3892912377552153,0
624.00000002235174,1561.8443708624691,967.82277365523623,0,-0.86042369294090315,1.3885268439195753,0
624.99999994179234,1560.9833300617174,969.21091784496093,0,-0.86165779507463125,1.3877613526274759,0
625.99999986123294,1560.1210554993013,970.59829599491786,0,-0.86289121617585585,1.3869947644839427,0
627.0000000949949,1559.257547856716,971.9849070085329,0,-0.86412395526971242,1.3862270800948679,0
628.0000000144355,1558.3928078164463,973.37074978987221,0,-0.86535601138187501,1.3854583000670091,0
628.9999999338761,1557.5268360619084,974.75582324364223,0,-0.86658738353855791,1.3846884250079909,0
629.99999985331669,1556.6596332776826,976.14012627507327,0,-0.8678180707665154,1.383917455526303,0
631.00000008707866,1555.7912001490477,977.52365779009415,0,-0.86904807209304358,1.3831453922313002,0
632.00000000651926,1554.9215373624465,978.90641669515753,0,-0.87027738654598052,1.3823722357332016,0
632.99999992595986,1554.0506456051953,980.28840189735638,0,-0.87150601315370735,1.3815979866430905,0
633.99999984540045,1553.178525565716,981.66961230442394,0,-0.87273395094514838,1.3808226455729138,0
635.00000007916242,1552.3051779332454,983.05004682473373,0,-0.8739611989497732,1.380046213135482,0
635.99999999860302,1551.4306033980683,984.42970436712494,0,-0.87518775619759559,1.3792686899444671,0
636.99999991804361,1550.5548026514589,985.80858384125168,0,-0.87641362171917592,1.3784900766144037,0
638.00000015180558,1549.6777763855644,987.18668415717548,0,-0.87763879454562133,1.3777103737606884,0
639.00000007124618,1548.7995252935798,988.56400422577281,0,-0.87886327370858586,1.3769295819995782,0
639.99999999068677,1547.9200500696898,989.94054295844398,0,-0.88008705824027234,1.3761477019481916,0
640.99999991012737,1547.0393514089519,991.31629926711321,0,-0.88131014717343248,1.3753647342245061,0
642.00000014388934,1546.1574300075299,992.69127206451958,0,-0.8825325395413679,1.3745806794473598,0
643.00000006332994,1545.2742865624023,994.06546026386786,0,-0.88375423437793044,1.3737955382364506,0
643.99999998277053,1544.3899217715953,995.43886277906131,0,-0.8849752307175236,1.3730093112123334,0
644.99999990221113,1543.5043363341247,996.81147852458525,0,-0.88619552759510245,1.3722219989964224,0
646.0000001359731,1542.6175309498794,998.1833064155071,0,-0.88741512404617551,1.371433602210989,0
647.00000005541369,1541.7295063197962,999.55434536765097,0,-0.88863401910680462,1.3706441214791623,0
647.99999997485429,1540.8402631458011,1000.9245942973648,0,-0.88985221181360585,1.3698535574249278,0
648.99999989429489,1539.9498021306354,1002.2940521216369,0,-0.89106970120375084,1.3690619106731272,0
650.00000012805685,1539.0581239781459,1003.6627177580376,0,-0.89228648631496654,1.3682691818494583,0
651.00000004749745,1538.1652293930529,1005.0305901248357,0,-0.89350256618553703,1.3674753715804735,0
651.99999996693805,1537.2711190811824,1006.3976681409404,0,-0.89471793985430326,1.3666804804935804,0
652.99999988637865,1536.3757937490591,1007.7639507257845,0,-0.89593260636066485,1.3658845092170411,0
654.00000012014061,1535.4792541044881,1009.1294367994997,0,-0.8971465647445801,1.365087458379971,0
655.00000003958121,1534.581500855973,1010.4941252828576,0,-0.89835981404656684,1.3642893286123388,0
655.99999995902181,1533.6825347130653,1011.8580150972703,0,-0.8995723533077038,1.3634901205449663,0
656.9999998784624,1532.782356386364,1013.2211051647319,0,-0.90078418156963058,1.3626898348095271,0
658.00000011222437,1531.880966587225,1014.5833944078768,0,-0.9019952978745488,1.3618884720385473,0
659.00000003166497,1530.9783660282264,1015.9448817500379,0,-0.90320570126522282,1.3610860328654031,0
659.99999995110556,1530.0745554226451,1017.3055661150138,0,-0.90441539078498057,1.3602825179243223,0
660.99999987054616,1529.1695354849217,1018.6654464274761,0,-0.90562436547771408,1.3594779278503828,0
662.00000010430813,1528.263306930312,1020.0245216125622,0,-0.90683262438788004,1.3586722632795121,0
663.00000002374873,1527.3558704750612,1021.382790596108,0,-0.90804016656050157,1.3578655248484872,0
663.99999994318932,1526.4472268364043,1022.7402523045312,0,-0.90924699104116768,1.3570577131949335,0
664.99999986262992,1525.5373767325073,1024.0969056649483,0,-0.91045309687603504,1.3562488289573253,0
666.00000009639189,1524.6263208825258,1025.452749605116,0,-0.91165848311182773,1.355438872774984,0
667.00000001583248,1523.7140600064886,1026.8077830534312,0,-0.91286314879583919,1.3546278452880784,0
667.99999993527308,1522.8005948254722,1028.1620049388148,0,-0.91406709297593236,1.353815747137624,0
668.99999985471368,1521.8859260613681,1029.5154141910025,0,-0.91527031470054032,1.3530025789654827,0
670.00000008847564,1520.9700544371735,1030.8680097403121,0,-0.91647281301866679,1.3521883414143621,0
671.00000000791624,1520.052980676759,1032.2197905175854,0,-0.91767458697988791,1.3513730351278153,0
671.99999992735684,1519.1347055049846,1033.570755454537,0,-0.9188756356343516,1.3505566607502391,0
672.99999984679744,1518.2152296475833,1034.9209034832893,0,-0.92007595803277953,1.3497392189268758,0
674.0000000805594,1517.2945538313361,1036.2702335367794,0,-0.92127555322646726,1.3489207103038099,0
675,1516.3726787838386,1037.6187445485266,0,-0.92247442026728521,1.3481011355279706,0
675.9999999194406,1515.4496052338509,1038.9664354526321,0,-0.92367255820767913,1.3472804952471287,0
677.00000015320256,1514.525333910773,1040.3133051840123,0,-0.92486996610067129,1.3464587901098977,0
678.00000007264316,1513.5998655452859,1041.6593526781071,0,-0.92606664299986063,1.3456360207657321,0
678.99999999208376,1512.6732008687686,1043.0045768710552,0,-0.92726258795942407,1.344812187864928,0
679.99999991152436,1511.7453406136483,1044.3489766995772,0,-0.92845780003411715,1.3439872920586227,0
681.00000014528632,1510.8162855133414,1045.6925511010922,0,-0.92965227827927421,1.3431613339987922,0
682.00000006472692,1509.8860363020212,1047.035299013718,0,-0.93084602175080988,1.3423343143382533,0
682.99999998416752,1508.9545937150251,1048.377219376096,0,-0.93203902950521988,1.3415062337306616,0
683.99999990360811,1508.0219584885635,1049.7183111277409,0,-0.93323130059958093,1.3406770928305107,0
685.00000013737008,1507.0881313597201,1051.0585732085747,0,-0.93442283409155213,1.3398468922931326,0
686.00000005681068,1506.153113066568,1052.3980045593344,0,-0.93561362903937573,1.3390156327746969,0
686.99999997625127,1505.2169043481117,1053.736604121339,0,-0.93680368450187734,1.3381833149322107,0
687.99999989569187,1504.2795059443451,1055.0743708366062,0,-0.93799299953846738,1.3373499394235153,0
689.00000012945384,1503.3409185961937,1056.411303647852,0,-0.93918157320914131,1.3365155069072907,0
690.00000004889444,1502.4011430453975,1057.7474014983163,0,-0.94036940457448071,1.3356800180430517,0
690.99999996833503,1501.4601800348028,1059.0826633320539,0,-0.94155649269565356,1.3348434734911465,0
691.99999988777563,1500.5180303080706,1060.4170880936435,0,-0.94274283663441549,1.3340058739127587,0
693.0000001215376,1499.5746946099098,1061.7506747284206,0,-0.94392843545311034,1.3331672199699067,0
694.00000004097819,1498.6301736858441,1063.0834221823607,0,-0.945113288214671,1.3323275123254408,0
694.99999996041879,1497.6844682824449,1064.4153294020216,0,-0.94629739398261958,1.3314867516430449,0
695.99999987985939,1496.7375791471568,1065.7463953348342,0,-0.94748075182106894,1.3306449385872345,0
697.00000011362135,1495.7895070284139,1067.0766189286369,0,-0.94866336079472291,1.329802073823358,0
698.00000003306195,1494.8402526755235,1068.405999132141,0,-0.94984521996887739,1.3289581580175938,0
698.99999995250255,1493.8898168387241,1069.7345348945819,0,-0.95102632840942081,1.3281131918369518,0
699.99999987194315,1492.9382002692437,1071.0622251658933,0,-0.95220668518283524,1.3272671759492718,0
701.00000010570511,1491.9854037192417,1072.3890688967658,0,-0.95338628935619629,1.3264201110232237,0
702.00000002514571,1491.0314279417507,1073.7150650384719,0,-0.95456513999717474,1.3255719977283058,0
702.99999994458631,1490.0762736907345,1075.0402125429828,0,-0.95574323617403678,1.3247228367348454,0
703.9999998640269,1489.1199417212047,1076.3645103629678,0,-0.95692057695564514,1.3238726287139979,0
705.00000009778887,1488.1624327889294,1077.6879574516206,0,-0.95809716141145929,1.3230213743377457,0
706.00000001722947,1487.203747650783,1079.0105527630658,0,-0.95927298861153698,1.3221690742788996,0
706.99999993667006,1486.2438870644546,1080.3322952518938,0,-0.96044805762653396,1.3213157292110957,0
707.99999985611066,1485.2828517885646,1081.6531838733936,0,-0.96162236752770569,1.3204613398087961,0
709.00000008987263,1484.3206425827229,1082.9732175836107,0,-0.96279591738690717,1.3196059067472885,0
710.00000000931323,1483.357260207471,1084.292395339231,0,-0.96396870627659426,1.3187494307026855,0
710.99999992875382,1482.3927054241649,1085.6107160975807,0,-0.96514073326982441,1.3178919123519242,0
711.99999984819442,1481.4269789951504,1086.9281788166845,0,-0.96631199744025709,1.317033352372766,0
713.00000008195639,1480.460081683821,1088.2447824553237,0,-0.96748249786215468,1.3161737514437939,0
714.00000000139698,1479.4920142543269,1089.5605259728618,0,-0.96865223361038344,1.3153131102444158,0
714.99999992083758,1478.5227774718078,1090.8754083293024,0,-0.96982120376041381,1.3144514294548597,0
716.00000015459955,1477.5523721023346,1092.1894284854643,0,-0.9709894073883214,1.3135887097561769,0
717.00000007404014,1476.5807989128516,1093.5025854027481,0,-0.97215684357078758,1.3127249518302391,0
717.99999999348074,1475.6080586712924,1094.814878043253,0,-0.97332351138510043,1.3118601563597385,0
718.99999991292134,1474.634152146522,1096.1263053698349,0,-0.97448940990915511,1.3109943240281878,0
720.00000014668331,1473.6590801082202,1097.4368663459318,0,-0.9756545382214552,1.3101274555199187,0
721.0000000661239,1472.6828433271148,1098.7465599356801,0,-0.97681889540111244,1.3092595515200822,0
721.9999999855645,1471.7054425748065,1100.0553851040313,0,-0.97798248052784864,1.3083906127146476,0
722.9999999050051,1470.7268786237109,1101.3633408164023,0,-0.97914529268199557,1.3075206397904018,0
724.00000013876706,1469.7471522474079,1102.6704260391416,0,-0.98030733094449585,1.3066496334349502,0
725.00000005820766,1468.7662642201176,1103.9766397390631,0,-0.98146859439690404,1.3057775943367138,0
725.99999997764826,1467.7842153171659,1105.2819808837958,0,-0.98262908212138655,1.3049045231849303,0
726.99999989708886,1466.8010063147522,1106.5864484416088,0,-0.98378879320072354,1.3040304206696527,0
728.00000013085082,1465.8166379899485,1107.8900413815863,0,-0.98494772671830888,1.3031552874817496,0
729.00000005029142,1464.8311111208168,1109.1927586732781,0,-0.98610588175815084,1.3022791243129044,0
729.99999996973202,1463.8444264862337,1110.4945992871071,0,-0.98726325740487253,1.3014019318556138,0
730.99999988917261,1462.8565848660655,1111.7955621941364,0,-0.98841985274371391,1.3005237108031888,0
732.00000012293458,1461.867587041168,1113.0956463660696,0,-0.98957566686053133,1.2996444618497529,0
733.00000004237518,1460.8774337930954,1114.3948507754249,0,-0.99073069884179854,1.298764185690243,0
733.99999996181577,1459.8861259045079,1115.6931743953028,0,-0.99188494777460756,1.2978828830204059,0
734.99999988125637,1458.8936641588225,1116.9906161995023,0,-0.99303841274666904,1.2970005545368017,0
736.00000011501834,1457.9000493406202,1118.2871751626371,0,-0.9941910928463138,1.2961172009368007,0
737.00000003445894,1456.9052822350641,1119.5828502599034,0,-0.99534298716249214,1.2952328229185828,0
737.99999995389953,1455.9093636285397,1120.8776404672535,0,-0.99649409478477669,1.2943474211811377,0
738.99999987334013,1454.9122943080729,1122.1715447612805,0,-0.99764441480336041,1.2934609964242649,0
740.0000001071021,1453.9140750617371,1123.464562119334,0,-0.99879394630905993,1.2925735493485722,0
741.00000002654269,1452.9147066785954,1124.7566915194038,0,-0.99994268839331457,1.2916850806554747,0
741.99999994598329,1451.9141899484093,1126.047931940353,0,-1.0010906401481876,1.2907955910471962,0
742.99999986542389,1450.9125256620464,1127.338282361452,0,-1.0022378006663673,1.2899050812267663,0
744.00000009918585,1449.9097146111308,1128.6277417629608,0,-1.0033841690411667,1.2890135518980221,0
745.00000001862645,1448.9057575882762,1129.9163091256632,0,-1.0045297443665253,1.288121003765605,0
745.99999993806705,1447.9006553870277,1131.2039834310999,0,-1.0056745257370094,1.2872274375349628,0
746.99999985750765,1446.8944088017452,1132.4907636615681,0,-1.0068185122478128,1.2863328539123475,0
748.00000009126961,1445.8870186277782,1133.7766488000634,0,-1.0079617029947574,1.2854372536048153,0
749.00000001071021,1444.8784856613493,1135.0616378301638,0,-1.0091040970742944,1.2845406373202264,0
749.99999993015081,1443.868810699496,1136.345729736262,0,-1.0102456935835045,1.2836430057672434,0
750.9999998495914,1442.8579945403035,1137.6289235035074,0,-1.0113864916200992,1.2827443596553314,0
752.00000008335337,1441.8460379827302,1138.9112181176315,0,-1.0125264902824194,1.2818446996947583,0
753.00000000279397,1440.8329418264912,1140.1926125651808,0,-1.01366568866944,1.2809440265965912,0
753.99999992223457,1439.8187068724656,1141.4731058333418,0,-1.014804085880767,1.2800423410727,0
755.00000015599653,1438.8033339221147,1142.7526969100581,0,-1.0159416810166402,1.2791396438357538,0
756.00000007543713,1437.786823778064,1144.0313847840298,0,-1.017078473177933,1.2782359355992226,0
756.99999999487773,1436.7691772436956,1145.3091684444807,0,-1.0182144614661541,1.2773312170773734,0
757.99999991431832,1435.7503951233812,1146.5860468816245,0,-1.0193496449834467,1.2764254889852733,0
759.00000014808029,1434.7304782223073,1147.8620190861984,0,-1.0204840228325909,1.275518752038787,0
760.00000006752089,1433.7094273465918,1149.1370840496966,0,-1.0216175941170029,1.2746110069545766,0
760.99999998696148,1432.6872433032258,1150.4112407643115,0,-1.022750357940736,1.2737022544501002,0
761.99999990640208,1431.6639269001316,1151.6844882229925,0,-1.0238823134084833,1.2727924952436127,0
763.00000014016405,1430.6394789461629,1152.9568254194455,0,-1.0250134596255758,1.2718817300541649,0
764.00000005960464,1429.6139002509299,1154.2282513480168,0,-1.0261437956979838,1.2709699596016031,0
764.99999997904524,1428.5871916250908,1155.4987650038092,0,-1.0272733207323184,1.2700571846065671,0
765.99999989848584,1427.5593538801186,1156.7683653826243,0,-1.028402033835832,1.2691434057904911,0
767.00000013224781,1426.5303878283594,1158.0370514810202,0,-1.0295299341164179,1.2682286238756033,0
768.0000000516884,1425.5002942831488,1159.3048222962534,0,-1.0306570206826124,1.2673128395849238,0
768.999999971129,1424.4690740585793,1160.5716768263374,0,-1.0317832926435948,1.2663960536422649,0
769.9999998905696,1423.4367279696744,1161.8376140699256,0,-1.0329087491091886,1.2654782667722317,0
771.00000012433156,1422.4032568324474,1163.1026330264285,0,-1.0340333891898608,1.2645594797002193,0
772.00000004377216,1421.3686614637263,1164.3667326961295,0,-1.0351572119967247,1.2636396931524139,0
772.99999996321276,1420.3329426812124,1165.6299120798358,0,-1.0362802166415392,1.262718907855791,0
773.99999988265336,1419.2961013034801,1166.8921701791696,0,-1.0374024022367101,1.2617971245381168,0
775.00000011641532,1418.2581381500349,1168.1535059965099,0,-1.0385237678952901,1.2608743439279448,0
776.00000003585592,1417.2190540412557,1169.4139185348176,0,-1.03964431273098,1.2599505667546178,0
776.99999995529652,1416.1788497984526,1170.6734067980433,0,-1.0407640358581298,1.2590257937482661,0
777.99999987473711,1415.1375262437505,1171.9319697906612,0,-1.0418829363917386,1.2581000256398063,0
779.00000010849908,1414.0950842001475,1173.1896065179026,0,-1.0430010134474554,1.2571732631609422,0
780.00000002793968,1413.0515244916314,1174.4463159857551,0,-1.0441182661415815,1.2562455070441636,0
780.99999994738027,1412.0068479429465,1175.7020972010214,0,-1.0452346935910675,1.2553167580227453,0
781.99999986682087,1410.9610553798266,1176.9569491710863,0,-1.0463502949135182,1.2543870168307472,0
783.00000010058284,1409.9141476288205,1178.2108709042077,0,-1.0474650692271901,1.2534562842030126,0
784.00000002002344,1408.8661255173502,1179.4638614092255,0,-1.0485790156509935,1.2525245608751698,0
784.99999993946403,1407.8169898737688,1180.7159196959692,0,-1.0496921333044942,1.2515918475836292,0
785.99999985890463,1406.7667415273027,1181.9670447746757,0,-1.0508044213079113,1.2506581450655836,0
787.0000000926666,1405.7153813079931,1183.2172356565716,0,-1.0519158787821212,1.2497234540590076,0
788.00000001210719,1404.6629100468708,1184.4664913535235,0,-1.0530265048486558,1.2487877753026575,0
788.99999993154779,1403.6093285757233,1185.7148108781548,0,-1.0541362986297054,1.2478511095360703,0
789.99999985098839,1402.5546377273276,1186.9621932438458,0,-1.0552452592481154,1.2469134574995624,0
791.00000008475035,1401.4988383352757,1188.2086374646751,0,-1.0563533858273924,1.2459748199342306,0
792.00000000419095,1400.4419312339742,1189.454142555478,0,-1.0574606774917006,1.2450351975819505,0
792.99999992363155,1399.3839172588778,1190.6987075317884,0,-1.0585671333658655,1.2440945911853754,0
793.99999984307215,1398.3247972461395,1191.9423314100713,0,-1.0596727525753715,1.2431530014879368,0
795.00000007683411,1397.2645720329019,1193.1850132072577,0,-1.0607775342463661,1.2422104292338434,0
795.99999999627471,1396.2032424571225,1194.4267519412679,0,-1.0618814775056573,1.2412668751680807,0
796.99999991571531,1395.140809357632,1195.6675466306042,0,-1.0629845814807162,1.2403223400364096,0
798.00000014947727,1394.0772735741921,1196.907396294584,0,-1.064086845299677,1.2393768245853671,0
799.00000006891787,1393.0126359473797,1198.1462999532232,0,-1.0651882680913394,1.2384303295622641,0
799.99999998835847,1391.9468973186449,1199.3842566274107,0,-1.0662888489851658,1.2374828557151869,0
800.99999990779907,1390.8800585303106,1200.6212653386174,0,-1.0673885871112856,1.2365344037929946,0
802.00000014156103,1389.8121204256313,1201.8573251092457,0,-1.068487481600493,1.2355849745453198,0
803.00000006100163,1388.743083848618,1203.0924349622219,0,-1.0695855315842502,1.2346345687225668,0
803.99999998044223,1387.6729496442713,1204.3265939214034,0,-1.0706827361946858,1.2336831870759126,0
804.99999989988282,1386.6017186583485,1205.5598010113463,0,-1.0717790945645973,1.2327308303573048,0
806.00000013364479,1385.5293917374802,1206.792055257305,0,-1.0728746058274505,1.2317774993194626,0
807.00000005308539,1384.4559697293444,1208.0233556854655,0,-1.0739692691173819,1.2308231947158745,0
807.99999997252598,1383.3814534822013,1209.2537013224792,0,-1.0750630835691963,1.2298679173007987,0
808.99999989196658,1382.3058438454173,1210.4830911960453,0,-1.076156048318371,1.2289116678292624,0
810.00000012572855,1381.2291416691151,1211.7115243343869,0,-1.0772481625010544,1.2279544470570609,0
811.00000004516914,1380.1513478042325,1212.9389997666585,0,-1.078339425254067,1.2269962557407574,0
811.99999996460974,1379.0724631026969,1214.1655165225966,0,-1.0794298357149019,1.2260370946376817,0
812.99999988405034,1377.9924884171924,1215.3910736328689,0,-1.0805193930217265,1.225076964505931,0
814.00000011781231,1376.9114246013341,1216.6156701288419,0,-1.0816080963133825,1.2241158661043672,0
815.0000000372529,1375.8292725094943,1217.8393050425802,0,-1.0826959447293869,1.2231538001926183,0
815.9999999566935,1374.7460329970927,1219.0619774070219,0,-1.083782937409931,1.2221907675310772,0
816.9999998761341,1373.6617069202475,1220.2836862556869,0,-1.0848690734958835,1.2212267688809002,0
818.00000010989606,1372.5762951359502,1221.5044306230266,0,-1.0859543521287902,1.2202618050040075,0
819.00000002933666,1371.4897985020652,1222.7242095441907,0,-1.0870387724508743,1.2192958766630821,0
819.99999994877726,1370.4022178773885,1223.9430220550857,0,-1.0881223336050372,1.2183289846215697,0
820.99999986821786,1369.3135541215306,1225.1608671924332,0,-1.0892050347348601,1.2173611296436764,0
822.00000010197982,1368.2238080949173,1226.377743993653,0,-1.0902868749846026,1.216392312494371,0
823.00000002142042,1367.1329806587892,1227.5936514969799,0,-1.0913678534992062,1.2154225339393818,0
823.99999994086102,1366.0410726754344,1228.8085887413472,0,-1.0924479694242926,1.2144517947451974,0
824.99999986030161,1364.9480850077816,1230.0225547665032,0,-1.0935272219061656,1.2134800956790652,0
826.00000009406358,1363.8540185197489,1231.2355486130109,0,-1.0946056100918113,1.2125074375089917,0
827.00000001350418,1362.7588740760111,1232.4475693220738,0,-1.0956831331288996,1.2115338210037416,0
827.99999993294477,1361.6626525421161,1233.6586159358267,0,-1.0967597901657833,1.2105592469328361,0
828.99999985238537,1360.5653547846014,1234.8686874969862,0,-1.0978355803514992,1.2095837160665537,0
830.00000008614734,1359.4669816706446,1236.0777830492589,0,-1.0989105028357706,1.20860722917593,0
831.00000000558794,1358.3675340684713,1237.285901636933,0,-1.0999845567690056,1.2076297870327553,0
831.99999992502853,1357.2670128469472,1238.4930423051701,0,-1.1010577413022995,1.2066513904095748,0
832.99999984446913,1356.1654188759276,1239.6992040998884,0,-1.1021300555874345,1.2056720400796888,0
834.0000000782311,1355.0627530261409,1240.9043860677048,0,-1.1032014987768801,1.204691736817151,0
834.99999999767169,1353.9590161690139,1242.1085872561089,0,-1.1042720700237953,1.2037104813967687,0
835.99999991711229,1352.8542091770214,1243.3118067133473,0,-1.1053417684820268,1.2027282745941004,0
837.00000015087426,1351.7483329232782,1244.5140434884233,0,-1.1064105933061132,1.2017451171854576,0
838.00000007031485,1350.6413882818888,1245.7152966310969,0,-1.1074785436512817,1.2007610099479038,0
838.99999998975545,1349.5333761277143,1246.9155651920009,0,-1.1085456186734515,1.1997759536592518,0
839.99999990919605,1348.4242973366054,1248.1148482223507,0,-1.1096118175292335,1.1987899490980651,0
841.00000014295802,1347.3141527849948,1249.3131447743508,0,-1.1106771393759316,1.1978029970436572,0
842.00000006239861,1346.2029433504795,1250.5104539008462,0,-1.1117415833715418,1.1968150982760897,0
842.99999998183921,1345.0906699111802,1251.7067746555549,0,-1.1128051486747546,1.1958262535761728,0
843.99999990127981,1343.9773333462654,1252.9021060929517,0,-1.1138678344449546,1.1948364637254643,0
845.00000013504177,1342.8629345357185,1254.0964472682681,0,-1.1149296398422224,1.1938457295062692,0
846.00000005448237,1341.7474743603379,1255.289797237434,0,-1.1159905640273338,1.1928540517016386,0
846.99999997392297,1340.6309537016787,1256.4821550573688,0,-1.1170506061617613,1.1918614310953697,0
847.99999989336357,1339.5133734422852,1257.6735197856324,0,-1.1181097654076741,1.1908678684720044,0
849.00000012712553,1338.3947344654589,1258.8638904805994,0,-1.1191680409279401,1.1898733646168294,0
850.00000004656613,1337.2750376553158,1260.0532662014011,0,-1.1202254318861247,1.1888779203158755,0
850.99999996600673,1336.1542838968453,1261.2416460079839,0,-1.1212819374464931,1.1878815363559168,0
851.99999988544732,1335.0324740757933,1262.429028961109,0,-1.1223375567740095,1.1868842135244699,0
853.00000011920929,1333.9096090789535,1263.6154141223524,0,-1.1233922890343395,1.1858859526097933,0
854.00000003864989,1332.7856897937017,1264.8008005539305,0,-1.12444613339385,1.1848867544008876,0
854.99999995809048,1331.6607171084033,1265.9851873189909,0,-1.1254990890196084,1.1838866196874938,0
855.99999987753108,1330.5346919121803,1267.16857348138,0,-1.1265511550793854,1.1828855492600927,0
857.00000011129305,1329.4076150950859,1268.3509581058752,0,-1.1276023307416543,1.1818835439099049,0
858.00000003073364,1328.2794875478139,1269.532340257836,0,-1.1286526151755927,1.1808806044288902,0
858.99999995017424,1327.1503101620474,1270.7127190036117,0,-1.1297020075510829,1.1798767316097467,0
859.99999986961484,1326.0200838303426,1271.8920934101916,0,-1.1307505070387107,1.1788719262459098,0
861.00000010337681,1324.8888094458962,1273.0704625454964,0,-1.1317981128097696,1.1778661891315525,0
862.0000000228174,1323.7564879028942,1274.2478254781454,0,-1.1328448240362583,1.1768595210615835,0
862.999999942258,1322.6231200962793,1275.4241812775726,0,-1.1338906398908823,1.1758519228316482,0
863.9999998616986,1321.4887069218094,1276.5995290140272,0,-1.1349355595470556,1.174843395238127,0
865.00000009546056,1320.3532492761733,1277.7738677585148,0,-1.1359795821789003,1.1738339390781343,0
866.00000001490116,1319.2167480567587,1278.9471965829143,0,-1.1370227069612471,1.1728235551495183,0
866.99999993434176,1318.0792041618261,1280.1195145598613,0,-1.1380649330696366,1.1718122442508609,0
867.99999985378236,1316.940618490451,1281.2908207626897,0,-1.1391062596803199,1.1708000071814773,0
869.00000008754432,1315.8009919425822,1282.4611142657232,0,-1.1401466859702585,1.1697868447414133,0
870.00000000698492,1314.6603254188667,1283.6303941439837,0,-1.141186211117126,1.1687727577314471,0
870.99999992642552,1313.5186198209994,1284.7986594733084,0,-1.142224834299308,1.1677577469530873,0
871.99999984586611,1312.3758760511992,1285.9659093302325,0,-1.1432625546959034,1.166741813208573,0
873.00000007962808,1311.2320950127905,1287.1321427923394,0,-1.1442993714867233,1.1657249573008723,0
873.99999999906868,1310.0872776097385,1288.2973589377361,0,-1.1453352838522946,1.1647071800336826,0
874.99999991850927,1308.941424746823,1289.4615568455192,0,-1.1463702909738582,1.1636884822114291,0
876.00000015227124,1307.7945373298135,1290.6247355956002,0,-1.1474043920333705,1.1626688646392647,0
877.00000007171184,1306.6466162650613,1291.7868942684727,0,-1.1484375862135052,1.1616483281230696,0
877.99999999115244,1305.4976624599658,1292.9480319457944,0,-1.1494698726976509,1.1606268734694498,0
878.99999991059303,1304.3476768225082,1294.1081477096886,0,-1.1505012506699146,1.159604501485737,0
880.000000144355,1303.1966602617176,1295.2672406432102,0,-1.1515317193151215,1.1585812129799884,0
881.0000000637956,1302.0446136872633,1296.4253098304034,0,-1.1525612778188155,1.1575570087609854,0
881.99999998323619,1300.891538009746,1297.5823543557781,0,-1.1535899253672588,1.1565318896382331,0
882.99999990267679,1299.7374341404648,1298.7383733049501,0,-1.1546176611474346,1.1555058564219594,0
884.00000013643876,1298.5823029915919,1299.8933657642337,0,-1.1556444843470473,1.1544789099231152,0
885.00000005587935,1297.4261454762309,1301.0473308206419,0,-1.1566703941545216,1.1534510509533729,0
885.99999997531995,1296.2689625080675,1302.2002675622352,0,-1.1576953897590039,1.1524222803251261,0
886.99999989476055,1295.1107550017186,1303.3521750777145,0,-1.1587194703503638,1.151392598851489,0
888.00000012852252,1293.9515238726162,1304.5030524565955,0,-1.1597426351191942,1.1503620073462963,0
889.00000004796311,1292.7912700370071,1305.6528987893253,0,-1.1607648832568116,1.1493305066241011,0
889.99999996740371,1291.6299944118946,1306.8017131670495,0,-1.1617862139552564,1.1482980975001751,0
890.99999988684431,1290.4676979151554,1307.9494946817867,0,-1.1628066264072952,1.147264780790509,0
892.00000012060627,1289.3043814654811,1309.0962424263707,0,-1.1638261198064195,1.1462305573118097,0
893.00000004004687,1288.1400459822034,1310.2419554943917,0,-1.1648446933468477,1.1451954278815011,0
893.99999995948747,1286.9746923856437,1311.3866329804296,0,-1.1658623462235254,1.1441593933177236,0
894.99999987892807,1285.80832159688,1312.5302739795879,0,-1.1668790776321254,1.1431224544393328,0
896.00000011269003,1284.6409345378052,1313.6728775881347,0,-1.1678948867690484,1.142084612065899,0
897.00000003213063,1283.4725321310689,1314.8144429028616,0,-1.1689097728314248,1.1410458670177059,0
897.99999995157123,1282.3031153000775,1315.9549690215499,0,-1.1699237350171148,1.1400062201157519,0
898.99999987101182,1281.1326849692268,1317.0944550427375,0,-1.1709367725247077,1.1389656721817472,0
900.00000010477379,1279.9612420635531,1318.2329000658356,0,-1.1719488845535246,1.1379242240381149,0
901.00000002421439,1278.7887875089073,1319.3703031910118,0,-1.172960070303618,1.1368818765079891,0
901.99999994365498,1277.6153222319554,1320.506663519307,0,-1.1739703289757717,1.135838630415215,0
902.99999986309558,1276.4408471602364,1321.6419801526354,0,-1.1749796597715041,1.1347944865843478,0
904.00000009685755,1275.2653632219881,1322.776252193551,0,-1.1759880618930645,1.1337494458406521,0
905.00000001629815,1274.0888713462627,1323.9094787455979,0,-1.1769955345434375,1.1327035090101016,0
905.99999993573874,1272.911372462986,1325.0416589131346,0,-1.1780020769263428,1.1316566769193788,0
906.99999985517934,1271.732867502782,1326.1727918012766,0,-1.1790076882462341,1.1306089503958732,0
908.00000008894131,1270.5533573970897,1327.3028765160707,0,-1.1800123677083025,1.1295603302676809,0
909.0000000083819,1269.3728430782212,1328.4319121642038,0,-1.1810161145184741,1.1285108173636047,0
909.9999999278225,1268.1913254792453,1329.559897853469,0,-1.1820189278834132,1.1274604125131535,0
910.9999998472631,1267.0088055338711,1330.6868326922413,0,-1.1830208070105213,1.1264091165465409,0
912.00000008102506,1265.8252841768553,1331.8127157897688,0,-1.1840217511079383,1.1253569302946835,0
913.00000000046566,1264.6407623435953,1332.9375462563476,0,-1.1850217593845436,1.1243038545892035,0
913.99999991990626,1263.4552409703028,1334.061323202739,0,-1.186020831049956,1.1232498902624248,0
915.00000015366822,1262.268720994005,1335.1840457409271,0,-1.1870189653145347,1.1221950381473746,0
916.00000007310882,1261.0812033524271,1336.3057129834197,0,-1.1880161613893796,1.1211392990777815,0
916.99999999254942,1259.8926889841678,1337.426324043714,0,-1.189012418486332,1.1200826738880745,0
917.99999991199002,1258.7031788286986,1338.5458780360641,0,-1.1900077358179757,1.1190251634133834,0
919.00000014575198,1257.5126738260733,1339.6643740757136,0,-1.1910021125976371,1.1179667684895376,0
920.00000006519258,1256.3211749172769,1340.7818112785462,0,-1.1919955480393853,1.1169074899530664,0
920.99999998463318,1255.1286830440513,1341.8981887613772,0,-1.1929880413580349,1.1158473286411956,0
921.99999990407377,1253.9351991488365,1343.0135056418367,0,-1.1939795917691438,1.1147862853918502,0
923.00000013783574,1252.7407241750625,1344.1277610384277,0,-1.1949701984890158,1.113724361043652,0
924.00000005727634,1251.5452590666828,1345.2409540705266,0,-1.1959598607347004,1.1126615564359195,0
924.99999997671694,1250.3488047686988,1346.3530838581501,0,-1.1969485777239937,1.1115978724086664,0
925.99999989615753,1249.1513622266357,1347.4641495224787,0,-1.1979363486754391,1.1105333098026009,0
927.0000001299195,1247.9529323869501,1348.5741501852171,0,-1.1989231728083272,1.1094678694591271,0
928.0000000493601,1246.7535161968553,1349.6830849690596,0,-1.1999090493426972,1.1084015522203421,0
928.99999996880069,1245.5531146043795,1350.7909529976314,0,-1.2008939774993375,1.1073343589290356,0
929.99999988824129,1244.3517285582493,1351.8977533951984,0,-1.2018779564997855,1.1062662904286906,0
931.00000012200326,1243.1493590080063,1353.0034852870158,0,-1.202860985566329,1.1051973475634813,0
932.00000004144385,1241.9460069040069,1354.1081477991538,0,-1.203843063922007,1.1041275311782726,0
932.99999996088445,1240.7416731973644,1355.2117400584975,0,-1.2048241907906097,1.1030568421186211,0
933.99999988032505,1239.5363588398322,1356.3142611928051,0,-1.205804365396679,1.101985281230772,0
935.00000011408702,1238.3300647842116,1357.4157103306497,0,-1.2067835869655097,1.1009128493616596,0
936.00000003352761,1237.1227919838857,1358.5160866014776,0,-1.2077618547231501,1.0998395473589069,0
936.99999995296821,1235.9145413929946,1359.615389135608,0,-1.2087391678964019,1.0987653760708249,0
937.99999987240881,1234.7053139664931,1360.713617064117,0,-1.2097155257128216,1.097690336346411,0
939.00000010617077,1233.4951106602675,1361.8107695190702,0,-1.2106909274007207,1.0966144290353499,0
940.00000002561137,1232.2839324306697,1362.9068456332898,0,-1.2116653721891666,1.0955376549880111,0
940.99999994505197,1231.0717802350991,1364.001844540413,0,-1.2126388593079827,1.0944600150554498,0
941.99999986449257,1229.8586550315376,1365.0957653750665,0,-1.2136113879877493,1.0933815100894053,0
943.00000009825453,1228.64455777884,1366.1886072725174,0,-1.2145829574598039,1.0923021409423004,0
944.00000001769513,1227.4294894366176,1367.2803693691385,0,-1.2155535669562434,1.0912219084672412,0
944.99999993713573,1226.2134509651805,1368.3710508020013,0,-1.2165232157099231,1.0901408135180164,0
945.99999985657632,1224.9964433257119,1369.460650708992,0,-1.217491902954456,1.0890588569490958,0
947.00000009033829,1223.778467480035,1370.5491682289867,0,-1.2184596279242166,1.0879760396156304,0
948.00000000977889,1222.5595243908465,1371.6366025015595,0,-1.2194263898543396,1.0868923623734519,0
948.99999992921948,1221.3396150215995,1372.7229526673327,0,-1.2203921879807214,1.0858078260790709,0
949.99999984866008,1220.1187403364456,1373.808217867685,0,-1.2213570215400189,1.084722431589678,0
951.00000008242205,1218.8969013002934,1374.8923972447519,0,-1.2223208897696525,1.0836361797631409,0
952.00000000186265,1217.6740988789243,1375.9754899417167,0,-1.2232837919078041,1.0825490714580059,0
952.99999992130324,1216.45033403876,1377.057495102461,0,-1.2242457271934215,1.0814611075334961,0
954.00000015506521,1215.2256077470956,1378.1384118718561,0,-1.2252066948662153,1.08037228884951,0
955.00000007450581,1213.999920971808,1379.21823939553,0,-1.2261666941666605,1.0792826162666225,0
955.9999999939464,1212.7732746817637,1380.2969768200419,0,-1.2271257243359979,1.0781920906460838,0
956.999999913387,1211.5456698464695,1381.374623292766,0,-1.2280837846162351,1.0771007128498176,0
958.00000014714897,1210.3171074360725,1382.4511779619497,0,-1.2290408742501449,1.0760084837404207,0
959.00000006658956,1209.0875884217676,1383.5266399767715,0,-1.2299969924812675,1.0749154041811635,0
959.99999998603016,1207.8571137752151,1384.6010084871668,0,-1.2309521385539122,1.0738214750359889,0
960.99999990547076,1206.6256844689487,1385.674282643944,0,-1.231906311713155,1.0727266971695102,0
962.00000013923272,1205.393301476317,1386.7464615988429,0,-1.2328595112048419,1.0716310714470123,0
963.00000005867332,1204.1599657713668,1387.8175445044762,0,-1.2338117362755885,1.0705345987344503,0
963.99999997811392,1202.9256783288438,1388.8875305142719,0,-1.2347629861727796,1.0694372798984482,0
964.99999989755452,1201.6904401243082,1389.9564187825308,0,-1.2357132601445713,1.0683391158062989,0
966.00000013131648,1200.4542521340773,1391.0242084644269,0,-1.2366625574398913,1.0672401073259636,0
967.00000005075708,1199.2171153352247,1392.0908987160074,0,-1.2376108773084393,1.0661402553260708,0
967.99999997019768,1197.9790307055227,1393.1564886941924,0,-1.2385582190006874,1.065039560675916,0
968.99999988963827,1196.7399992235587,1394.2209775567753,0,-1.2395045817678807,1.0639380242454601,0
970.00000012340024,1195.50002186856,1395.2843644623645,0,-1.2404499648620375,1.0628356469053297,0
971.00000004284084,1194.2590996206272,1396.3466485705576,0,-1.2413943675359513,1.0617324295268153,0
971.99999996228144,1193.0172334605595,1397.4078290417092,0,-1.2423377890431901,1.0606283729818728,0
972.99999988172203,1191.7744243698544,1398.4679050371051,0,-1.2432802286380975,1.05952347814312,0
974.000000115484,1190.5306733308244,1399.526875718846,0,-1.244221685575793,1.0584177458838386,0
975.0000000349246,1189.2859813264804,1400.5847402500222,0,-1.2451621591121729,1.0573111770779704,0
975.99999995436519,1188.0403493406484,1401.6414977944805,0,-1.2461016485039107,1.0562037726001201,0
976.99999987380579,1186.7937783577945,1402.6971475169412,0,-1.2470401530084581,1.0550955333255516,0
978.00000010756776,1185.5462693631416,1403.7516885831719,0,-1.2479776718840443,1.0539864601301896,0
979.00000002700835,1184.2978233427857,1404.8051201595226,0,-1.2489142043896788,1.0528765538906171,0
979.99999994644895,1183.0484412834048,1405.8574414135655,0,-1.2498497497851495,1.0517658154840759,0
980.99999986588955,1181.798124172492,1406.9086515133968,0,-1.2507843073310252,1.050654245788466,0
982.00000009965152,1180.5468729982967,1407.9587496283348,0,-1.2517178762886549,1.0495418456823438,0
983.00000001909211,1179.2946887497092,1409.0077349282801,0,-1.2526504559201699,1.0484286160449217,0
983.99999993853271,1178.0415724164923,1410.0556065841811,0,-1.2535820454884827,1.0473145577560683,0
984.99999985797331,1176.7875249889912,1411.1023637678591,0,-1.2545126442572883,1.0461996716963076,0
986.00000009173527,1175.5325474584824,1412.1480056519504,0,-1.2554422514910648,1.0450839587468175,0
987.00000001117587,1174.2766408167663,1413.1925314100226,0,-1.256370866455075,1.043967419789428,0
987.99999993061647,1173.0198060565745,1414.2359402164584,0,-1.2572984884153646,1.0428500557066243,0
988.99999985005707,1171.7620441712206,1415.2782312466879,0,-1.258225116638765,1.0417318673815426,0
990.00000008381903,1170.5033561547752,1416.3194036767818,0,-1.259150750392892,1.0406128556979699,0
991.00000000325963,1169.2437430021237,1417.3594566839165,0,-1.2600753889461489,1.0394930215403457,0
991.99999992270023,1167.9832057088497,1418.3983894460252,0,-1.2609990315677244,1.0383723657937578,0
993.00000015646219,1166.7217452712357,1419.4362011419144,0,-1.2619216775275948,1.0372508893439445,0
994.00000007590279,1165.4593626862625,1420.4728909514379,0,-1.2628433260965244,1.0361285930772923,0
994.99999999534339,1164.1960589517257,1421.5084580550902,0,-1.2637639765460653,1.0350054778808362,0
995.99999991478398,1162.9318350661197,1422.5429016345297,0,-1.2646836281485583,1.0338815446422567,0
997.00000014854595,1161.666692028637,1423.5762208719971,0,-1.2656022801771347,1.0327567942498832,0
998.00000006798655,1160.4006308392272,1424.608414950897,0,-1.2665199319057148,1.0316312275926898,0
998.99999998742715,1159.1336524984799,1425.6394830553909,0,-1.2674365826090099,1.0305048455602961,0
999.99999990686774,1157.8657580079162,1426.6694243705715,0,-1.2683522315625224,1.0293776490429656,0
1001.0000001406297,1156.5969483695226,1427.6982380822883,0,-1.2692668780425469,1.0282496389316058,0
1002.0000000600703,1155.3272245862172,1428.7259233774967,0,-1.2701805213261701,1.0271208161177676,0
1002.9999999795109,1154.0565876615001,1429.7524794439087,0,-1.271093160691271,1.0259911814936438,0
1003.9999998989515,1152.7850385996862,1430.7779054701678,0,-1.2720047954165228,1.0248607359520692,0
1005.0000001327135,1151.5125784057891,1431.8022006458486,0,-1.2729154247813925,1.0237294803865191,0
1006.0000000521541,1150.2392080855207,1432.8253641612828,0,-1.2738250480661419,1.0225974156911093,0
1006.9999999715947,1148.9649286452914,1433.8473952077911,0,-1.2747336645518275,1.0214645427605948,0
1007.9999998910353,1147.6897410922684,1434.8682929776842,0,-1.275641273520302,1.0203308624903706,0
1009.0000001247972,1146.4136464343173,1435.8880566639709,0,-1.276547874254214,1.0191963757764684,0
1010.0000000442378,1145.1366456800606,1436.9066854607081,0,-1.2774534660370094,1.0180610835155572,0
1010.9999999636784,1143.858739838819,1437.9241785627673,0,-1.2783580481529315,1.0169249866049439,0
1011.999999883119,1142.5799299205537,1438.9405351660098,0,-1.2792616198870215,1.0157880859425705,0
1013.000000116881,1141.3002169360407,1439.9557544670533,0,-1.2801641805251189,1.0146503824270146,0
1014.0000000363216,1140.0196018967545,1440.9698356635054,0,-1.2810657293538628,1.0135118769574878,0
1014.9999999557622,1138.7380858148681,1441.9827779539628,0,-1.2819662656606916,1.0123725704338367,0
1015.9999998752028,1137.4556697031949,1442.9945805376628,0,-1.2828657887338444,1.0112324637565402,0
1017.0000001089647,1136.172354575363,1444.0052426150651,0,-1.2837642978623609,1.0100915578267093,0
1018.0000000284053,1134.8881414456991,1445.0147633872111,0,-1.2846617923360826,1.0089498535460875,0
1018.9999999478459,1133.6030313291703,1446.0231420563068,0,-1.2855582714456519,1.0078073518170487,0
1019.9999998672865,1132.3170252415002,1447.0303778253146,0,-1.2864537344825151,1.0066640535425977,0
1021.0000001010485,1131.030124199111,1448.0364698981866,0,-1.2873481807389204,1.0055199596263682,0
1022.0000000204891,1129.7423292191816,1449.0414174796897,0,-1.2882416095079208,1.0043750709726229,0
1022.9999999399297,1128.4536413194728,1450.0452197755221,0,-1.2891340200833719,1.0032293884862535,0
1023.9999998593703,1127.1640615186188,1451.0478759923135,0,-1.2900254117599355,1.0020829130727782,0
1025.0000000931323,1125.8735908358358,1452.0493853376829,0,-1.2909157838330783,1.0009356456383416,0
1026.0000000125729,1124.5822302910965,1453.0497470198898,0,-1.2918051355990723,0.99978758708971538,0
1026.9999999320135,1123.2899809049559,1454.0489602484158,0,-1.2926934663549969,0.99863873833429551,0
1027.999999851454,1121.9968436989002,1455.0470242334995,0,-1.2935807753987381,0.9974891002801034,0
1029.000000085216,1120.7028196949977,1456.0439381861943,0,-1.2944670620289884,0.99633867383578356,0
1030.0000000046566,1119.4079099158989,1457.0397013186594,0,-1.2953523255452499,0.99518745991060409,0
1030.9999999240972,1118.1121153851855,1458.0343128438108,0,-1.2962365652478329,0.99403545941445537,0
1031.9999998435378,1116.8154371269047,1459.0277719756123,0,-1.2971197804378563,0.99288267325784907,0
1033.0000000772998,1115.5178761660354,1460.0200779287843,0,-1.2980019704172494,0.99172910235191836,0
1033.9999999967404,1114.2194335280219,1461.0112299190369,0,-1.2988831344887513,0.99057474760841657,0
1034.999999916181,1112.9201102392399,1462.0012271630112,0,-1.2997632719559125,0.98941960993971634,0
1036.0000001499429,1111.6199073265889,1462.9900688782218,0,-1.3006423821230948,0.98826369025880934,0
1037.0000000693835,1110.3188258176669,1463.9777542831725,0,-1.3015204642954719,0.9871069894793052,0
1037.9999999888241,1109.0168667408871,1464.9642825971241,0,-1.302397517779029,0.98594950851543095,0
1038.9999999082647,1107.7140311252442,1465.9496530404431,0,-1.3032735418805659,0.98479124828203002,0
1040.0000001420267,1106.4103200004902,1466.9338648342527,0,-1.304148535907695,0.98363220969456233,0
1041.0000000614673,1105.1057343970169,1467.9169172006659,0,-1.3050224991688437,0.98247239366910233,0
1041.9999999809079,1103.8002753459732,1468.8988093627268,0,-1.3058954309732538,0.98131180112233962,0
1042.9999999003485,1102.4939438790898,1469.8795405444107,0,-1.3067673306309808,0.98015043297157667,0
1044.0000001341105,1101.1867410289706,1470.8591099704499,0,-1.3076381974528983,0.97898829013472966,0
1045.000000053551,1099.8786678287433,1471.8375168667408,0,-1.3085080307506951,0.97782537353032695,0
1045.9999999729916,1098.5697253122344,1472.814760459878,0,-1.3093768298368766,0.97666168407750842,0
1046.9999998924322,1097.2599145140266,1473.7908399775624,0,-1.3102445940247662,0.97549722269602468,0
1048.0000001261942,1095.9492364693433,1474.7657546483097,0,-1.3111113226285054,0.97433199030623652,0
1049.0000000456348,1094.6376922141644,1475.7395037015085,0,-1.3119770149630532,0.97316598782911401,0
1049.9999999650754,1093.325282785052,1476.7120863675373,0,-1.312841670344189,0.97199921618623608,0
1050.999999884516,1092.0120092193829,1477.6835018777638,0,-1.3137052880885105,0.97083167629978939,0
1052.000000118278,1090.6978725549998,1478.6537494643708,0,-1.3145678675134367,0.96966336909256801,0
1053.0000000377186,1089.3828738306765,1479.6228283605305,0,-1.3154294079372062,0.96849429548797228,0
1053.9999999571592,1088.067014085711,1480.5907378002303,0,-1.3162899086788797,0.96732445641000875,0
1054.9999998765998,1086.7502943600994,1481.5574770184467,0,-1.3171493690583387,0.96615385278328814,0
1056.0000001103617,1085.4327156945947,1482.5230452512042,0,-1.3180077883962875,0.96498248553302601,0
1057.0000000298023,1084.1142791305319,1483.4874417352839,0,-1.3188651660142532,0.96381035558504136,0
1057.9999999492429,1082.7949857100029,1484.4506657084567,0,-1.3197215012345866,0.9626374638657561,0
1058.9999998686835,1081.4748364757979,1485.4127164094243,0,-1.3205767933804615,0.96146381130219427,0
1060.0000001024455,1080.1538324711728,1486.3735930777621,0,-1.3214310417758774,0.96028939882198094,0
1061.0000000218861,1078.831974740373,1487.3332949540927,0,-1.3222842457456576,0.95911422735334217,0
1061.9999999413267,1077.5092643280514,1488.2918212797958,0,-1.323136404615451,0.95793829782510376,0
1062.9999998607673,1076.185702279734,1489.249171297357,0,-1.3239875177117335,0.95676161116669056,0
1064.0000000945292,1074.8612896414706,1490.2053442500765,0,-1.3248375843618063,0.95558416830812565,0
1065.0000000139698,1073.5360274600098,1491.1603393821861,0,-1.3256866038937982,0.95440597018003037,0
1065.9999999334104,1072.2099167829147,1492.1141559389653,0,-1.3265345756366658,0.95322701771362262,0
1066.999999852851,1070.8829586582724,1493.0667931665084,0,-1.3273814989201937,0.95204731184071645,0
1068.000000086613,1069.5551541348104,1494.0182503118413,0,-1.3282273730749954,0.95086685349372158,0
1069.0000000060536,1068.2265042620129,1494.968526622979,0,-1.3290721974325133,0.94968564360564234,0
1069.9999999254942,1066.8970100900624,1495.9176213488681,0,-1.329915971325019,0.94850368311007738,0
1070.9999998449348,1065.5666726697818,1496.8655337392702,0,-1.3307586940856158,0.94732097294121809,0
1072.0000000786968,1064.235493052518,1497.8122630451689,0,-1.3316003650482366,0.94613751403384883,0
1072.9999999981374,1062.9034722904908,1498.7578085180721,0,-1.3324409835476463,0.94495330732334515,0
1073.999999917578,1061.5706114364439,1499.7021694108262,0,-1.3332805489194408,0.94376835374567436,0
1075.0000001513399,1060.236911543936,1500.6453449769178,0,-1.3341190605000492,0.94258265423739374,0
1076.0000000707805,1058.9023736669333,1501.587334470998,0,-1.3349565176267328,0.9413962097356503,0
1076.9999999902211,1057.5669988603331,1502.5281371484161,0,-1.3357929196375873,0.9402090211781795,0
1077.9999999096617,1056.230788179615,1503.4677522656275,0,-1.3366282658715416,0.93902108950330532,0
1079.0000001434237,1054.8937426807825,1504.4061790800188,0,-1.337462555668359,0.9378324156499388,0
1080.0000000628643,1053.5558634206536,1505.3434168498497,0,-1.3382957883686382,0.93664300055757743,0
1080.9999999823049,1052.2171514566289,1506.2794648343697,0,-1.3391279633138129,0.93545284516630511,0
1081.9999999017455,1050.8776078468072,1507.2143222937011,0,-1.3399590798461531,0.93426195041679028,0
1083.0000001355074,1049.5372336499277,1508.1479884890723,0,-1.3407891373087655,0.93307031725028611,0
1084.000000054948,1048.1960299254279,1509.0804626824101,0,-1.3416181350455934,0.93187794660862922,0
1084.9999999743886,1046.8539977333276,1510.0117441367474,0,-1.3424460724014184,0.93068483943423919,0
1085.9999998938292,1045.5111381342867,1510.9418321160483,0,-1.3432729487218595,0.92949099667011792,0
1087.0000001275912,1044.1674521897803,1511.8707258852082,0,-1.3440987633533745,0.92829641925984829,0
1088.0000000470318,1042.8229409616906,1512.798424710054,0,-1.3449235156432608,0.92710110814759417,0
1088.9999999664724,1041.4776055128314,1513.7249278572854,0,-1.3457472049396548,0.92590506427809904,0
1089.999999885913,1040.1314469063655,1514.6502345946501,0,-1.3465698305915332,0.92470828859668575,0
1091.000000119675,1038.7844662063872,1515.5743441908271,0,-1.3473913919487139,0.92351078204925563,0
1092.0000000391155,1037.4366644774564,1516.4972559154266,0,-1.3482118883618555,0.92231254558228726,0
1092.9999999585561,1036.0880427848897,1517.4189690389903,0,-1.3490313191824583,0.92111358014283651,0
1093.9999998779967,1034.7386021945276,1518.3394828330493,0,-1.3498496837628653,0.91991388667853535,0
1095.0000001117587,1033.3883437729673,1519.2587965700077,0,-1.3506669814562611,0.91871346613759108,0
1096.0000000311993,1032.0372685874463,1520.1769095232594,0,-1.3514832116166746,0.91751231946878575,0
1096.9999999506399,1030.685377705784,1521.0938209672458,0,-1.3522983735989784,0.91631044762147551,0
1097.9999998700805,1029.3326721964986,1522.0095301771071,0,-1.3531124667588892,0.91510785154558894,0
1099.0000001038425,1027.9791531287483,1522.9240364292054,0,-1.3539254904529678,0.91390453219162782,0
1100.0000000232831,1026.6248215723317,1523.8373390007182,0,-1.3547374440386215,0.91270049051066526,0
1100.9999999427237,1025.2696785976295,1524.7494371697539,0,-1.3555483268741026,0.91149572745434537,0
1101.9999998621643,1023.9137252757209,1525.660330215469,0,-1.3563581383185095,0.91029024397488223,0
1103.0000000959262,1022.5569626783254,1526.5700174178928,0,-1.3571668777317882,0.90908404102505946,0
1104.0000000153668,1021.1993918778026,1527.4784980580444,0,-1.3579745444747313,0.90787711955822947,0
1104.9999999348074,1019.8410139471525,1528.3857714178157,0,-1.3587811379089796,0.90666948052831231,0
1105.999999854248,1018.4818299599574,1529.2918367802049,0,-1.3595866573970217,0.90546112488979558,0
1107.00000008801,1017.1218409905559,1530.1966934290831,0,-1.3603911023021955,0.90425205359773242,0
1108.0000000074506,1015.7610481137526,1531.1003406491945,0,-1.3611944719886881,0.90304226760774242,0
1108.9999999268912,1014.3994524051668,1532.0027777263895,0,-1.3619967658215366,0.90183176787600994,0
1109.9999998463318,1013.0370549409417,1532.904003947333,0,-1.3627979831666281,0.90062055535928343,0
1111.0000000800937,1011.6738567978609,1533.8040185997961,0,-1.3635981233907009,0.89940863101487434,0
1111.9999999995343,1010.3098590534064,1534.7028209724231,0,-1.3643971858613442,0.89819599580065701,0
1112.9999999189749,1008.9450627856422,1535.6004103547893,0,-1.3651951699469995,0.89698265067506766,0
1114.0000001527369,1007.5794690732146,1536.49678603746,0,-1.3659920750169605,0.89576859659710362,0
1115.0000000721775,1006.2130789954681,1537.3919473119895,0,-1.3667879004413732,0.89455383452632253,0
1115.9999999916181,1004.8458936323877,1538.2858934708056,0,-1.3675826455912379,0.89333836542284117,0
1116.9999999110587,1003.4779140645987,1539.1786238074419,0,-1.3683763098384076,0.89212219024733597,0
1118.0000001448207,1002.1091413732502,1540.0701376163051,0,-1.3691688925555907,0.89090530996104067,0
1119.0000000642613,1000.7395766401896,1540.9604341926752,0,-1.3699603931163493,0.88968772552574693,0
1119.9999999837019,999.36922094790498,1541.8495128329378,0,-1.3707508108951014,0.88846943790380262,0
1120.9999999031425,997.99807537952438,1542.7373728344101,0,-1.3715401452671212,0.88725044805811115,0
1122.0000001369044,996.62614101875806,1543.6240134952823,0,-1.3723283956085388,0.88603075695213152,0
1123.000000056345,995.25341894989833,1544.5094341148506,0,-1.3731155612963408,0.88481036554987669,0
1123.9999999757856,993.87991025787778,1545.3936339932843,0,-1.3739016417083718,0.88358927481591287,0
1124.9999998952262,992.50561602844391,1546.276612431684,0,-1.3746866362233332,0.88236748571535939,0
1126.0000001289882,991.13053734763525,1547.1583687322563,0,-1.3754705442207857,0.88114499921388734,0
1127.0000000484288,989.75467530236347,1548.0389021980227,0,-1.3762533650811479,0.87992181627771937,0
1127.9999999678694,988.37803098006407,1548.9182121329941,0,-1.377035098185698,0.87869793787362815,0
1128.99999988731,987.00060546875466,1549.7962978422293,0,-1.3778157429165745,0.87747336496893635,0
1130.0000001210719,985.62239985720953,1550.6731586317183,0,-1.3785952986567751,0.87624809853151497,0
1131.0000000405125,984.24341523466865,1551.5487938084407,0,-1.3793737647901587,0.8750221395297838,0
1131.9999999599531,982.86365269107046,1552.4232026802492,0,-1.380151140701446,0.87379548893270986,0
1132.9999998793937,981.48311331687728,1553.2963845561026,0,-1.3809274257762176,0.87256814770980673,0
1134.0000001131557,980.10179820330814,1554.1683387458324,0,-1.3817026194009188,0.87134011683113377,0
1135.0000000325963,978.71970844210591,1555.039064560202,0,-1.3824767209628548,0.87011139726729536,0
1135.9999999520369,977.33684512559557,1555.9085613110801,0,-1.3832497298501962,0.86888198998944066,0
1136.9999998714775,975.95320934680058,1556.7768283112673,0,-1.384021645451976,0.86765189596926173,0
1138.0000001052395,974.56880219932646,1557.643864874437,0,-1.3847924671580918,0.86642111617899398,0
1139.00000002468,973.18362477736082,1558.5096703153686,0,-1.3855621943593053,0.86518965159141437,0
1139.9999999441206,971.79767817567335,1559.3742439497146,0,-1.386330826447244,0.86395750317984132,0
1140.9999998635612,970.41096348967403,1560.2375850941171,0,-1.3870983628144007,0.86272467191813396,0
1142.0000000973232,969.02348181547131,1561.0996930662659,0,-1.3878648028541336,0.86149115878069071,0
1143.0000000167638,967.63523424963932,1561.9605671847239,0,-1.388630145960668,0.86025696474244939,0
1143.9999999362044,966.24622188939247,1562.8202067691018,0,-1.3893943915290969,0.85902209077888558,0
1144.999999855645,964.85644583258545,1563.6786111399415,0,-1.3901575389553789,0.85778653786601222,0
1146.000000089407,963.46590717771323,1564.5357796188327,0,-1.390919587636342,0.85655030698037904,0
1147.0000000088476,962.07460702379467,1565.3917115282384,0,-1.3916805369696827,0.855313399099072,0
1147.9999999282882,960.68254647043068,1566.2464061916689,0,-1.3924403863539652,0.85407581519971132,0
1148.9999998477288,959.28972661792068,1567.0998629336245,0,-1.3931991351886239,0.85283755626045243,0
1150.0000000814907,957.89614856708795,1567.9520810795366,0,-1.3939567828739632,0.85159862325998348,0
1151.0000000009313,956.50181341945427,1568.8030599557678,0,-1.3947133288111573,0.85035901717752582,0
1151.9999999203719,955.10672227694886,1569.6527988898451,0,-1.3954687724022514,0.84911873899283252,0
1153.0000001541339,953.71087624225765,1570.5012972100521,0,-1.3962231130501621,0.84787778968618854,0
1154.0000000735745,952.31427641870687,1571.3485542458366,0,-1.3969763501586783,0.84663617023840865,0
1154.9999999930151,950.91692391003016,1572.1945693274611,0,-1.3977284831324595,0.84539388163083717,0
1155.9999999124557,949.5188198206597,1573.0393417863525,0,-1.3984795113770392,0.84415092484534782,0
1157.0000001462176,948.11996525566792,1573.8828709547524,0,-1.3992294342988238,0.84290730086434196,0
1158.0000000656582,946.72036132070934,1574.7251561660087,0,-1.3999782513050929,0.84166301067074845,0
1158.9999999850988,945.32000912190415,1575.5661967544002,0,-1.4007259618040011,0.84041805524802304,0
1159.9999999045394,943.91890976612922,1576.405992055079,0,-1.4014725652045767,0.83917243558014687,0
1161.0000001383014,942.51706436072709,1577.2445414044196,0,-1.4022180609167227,0.83792615265162584,0
1162.000000057742,941.1144740137388,1578.0818441396696,0,-1.4029624483512186,0.83667920744749091,0
1162.9999999771826,939.71113983367104,1578.9178995988914,0,-1.4037057269197202,0.83543160095329572,0
1163.9999998966232,938.30706292967079,1579.7527071214281,0,-1.4044478960347577,0.83418333415511703,0
1165.0000001303852,936.90224441158352,1580.5862660474377,0,-1.4051889551097401,0.83293440803955321,0
1166.0000000498258,935.49668538966216,1581.4185757180676,0,-1.4059289035589524,0.83168482359372387,0
1166.9999999692664,934.09038697485812,1582.2496354755131,0,-1.4066677407975587,0.83043458180526886,0
1167.999999888707,932.68335027870489,1583.0794446629006,0,-1.4074054662416009,0.82918368366234774,0
1169.0000001224689,931.27557641320163,1583.9080026244046,0,-1.4081420793079991,0.82793213015363842,0
1170.0000000419095,929.86706649104599,1584.7353087050724,0,-1.4088775794145532,0.82667992226833753,0
1170.9999999613501,928.45782162551768,1585.5613622511155,0,-1.409611965979942,0.82542706099615815,0
1171.9999998807907,927.04784293047851,1586.3861626096186,0,-1.4103452384237258,0.82417354732733039,0
1173.0000001145527,925.63713152025593,1587.209709128656,0,-1.4110773961663439,0.82291938225259942,0
1174.0000000339933,924.22568850987591,1588.0320011573494,0,-1.4118084386291181,0.82166456676322575,0
1174.9999999534339,922.81351501494646,1588.8530380456941,0,-1.4125383652342505,0.8204091018509837,0
1175.9999998728745,921.40061215159949,1589.6728191449074,0,-1.4132671754048256,0.81915298850816098,0
1177.0000001066364,919.98698103649076,1590.4913438069052,0,-1.4139948685648098,0.81789622772755777,0
1178.000000026077,918.57262278697453,1591.3086113848258,0,-1.4147214441390539,0.81663882050248582,0
1178.9999999455176,917.15753852092894,1592.1246212327387,0,-1.4154469015532904,0.81538076782676816,0
1179.9999998649582,915.74172935675597,1592.9393727057031,0,-1.4161712402341362,0.81412207069473796,0
1181.0000000987202,914.32519641355611,1593.7528651596513,0,-1.416894459609092,0.81286273010123711,0
1182.0000000181608,912.90794081083732,1594.5650979517377,0,-1.4176165591065442,0.81160274704161683,0
1182.9999999376014,911.48996366880601,1595.3760704399319,0,-1.418337538155763,0.81034212251173554,0
1183.999999857042,910.0712661081925,1596.1857819832512,0,-1.4190573961869055,0.80908085750795922,0
1185.000000090804,908.65184925030917,1596.9942319417605,0,-1.4197761326310132,0.80781895302715945,0
1186.0000000102445,907.23171421699226,1597.8014196765143,0,-1.4204937469200158,0.80655641006671408,0
1186.9999999296851,905.81086213071831,1598.6073445494403,0,-1.4212102384867291,0.80529322962450478,0
1187.9999998491257,904.38929411448771,1599.412005923572,0,-1.4219256067648558,0.80402941269891737,0
1189.0000000828877,902.96701129182475,1600.2154031629907,0,-1.4226398511889873,0.80276496028884081,0
1190.0000000023283,901.54401478689397,1601.0175356326508,0,-1.4233529711946025,0.80149987339366646,0
1190.9999999217689,900.12030572444201,1601.8184026986128,0,-1.4240649662180698,0.80023415301328671,0
1192.0000001555309,898.69588522962295,1602.6180037278682,0,-1.4247758356966462,0.79896780014809488,0
1193.0000000749715,897.27075442840578,1603.4163380883983,0,-1.4254855790684788,0.79770081579898455,0
1193.9999999944121,895.84491444705054,1604.2134051492903,0,-1.4261941957726041,0.79643320096734771,0
1194.9999999138527,894.41836641257396,1605.0092042805045,0,-1.4269016852489493,0.79516495665507503,0
1196.0000001476146,892.99111145245843,1605.803734853107,0,-1.4276080469383325,0.7938960838645549,0
1197.0000000670552,891.56315069482662,1606.5969962390955,0,-1.4283132802824636,0.79262658359867233,0
1197.9999999864958,890.13448526820866,1607.3889878115151,0,-1.4290173847239442,0.79135645686080802,0
1198.9999999059364,888.70511630189139,1608.1797089443426,0,-1.4297203597062675,0.79008570465483796,0
1200.0000001396984,887.27504492551088,1608.9691590126604,0,-1.4304222046738209,0.78881432798513251,0
1201.000000059139,885.84427226934349,1609.7573373924824,0,-1.4311229190718828,0.78754232785655554,0
1201.9999999785796,884.41279946436407,1610.5442434608703,0,-1.4318225023466269,0.78626970527446394,0
1202.9999998980202,882.98062764189672,1611.3298765958752,0,-1.4325209539451198,0.78499646124470623,0
1204.0000001317821,881.54775793390581,1612.1142361765378,0,-1.4332182733153231,0.78372259677362222,0
1205.0000000512227,880.11419147287961,1612.8973215829465,0,-1.4339144599060936,0.78244811286804228,0
1205.9999999706633,878.67992939188844,1613.6791321961209,0,-1.4346095131671828,0.78117301053528621,0
1206.9999998901039,877.24497282446828,1614.4596673981869,0,-1.4353034325492382,0.77989729078316261,0
1208.0000001238659,875.80932290491182,1615.2389265722595,0,-1.4359962175038035,0.77862095461996783,0
1209.0000000433065,874.3729807678028,1616.0169091023272,0,-1.4366878674833192,0.7773440030544857,0
1209.9999999627471,872.93594754842343,1616.7936143735424,0,-1.4373783819411228,0.77606643709598666,0
1210.9999998821877,871.498224382638,1617.5690417720471,0,-1.4380677603314485,0.77478825775422611,0
1212.0000001159497,870.05981240666006,1618.3431906849146,0,-1.4387560021094294,0.77350946603944515,0
1213.0000000353903,868.62071275745984,1619.1160605003242,0,-1.4394431067310969,0.77223006296236829,0
1213.9999999548309,867.18092657241505,1619.8876506073866,0,-1.4401290736533805,0.77095004953420299,0
1214.9999998742715,865.74045498954365,1620.6579603963182,0,-1.4408139023341098,0.76966942676663952,0
1216.0000001080334,864.29929914732929,1621.4269892581506,0,-1.4414975922320128,0.76838819567185002,0
1217.000000027474,862.8574601848959,1622.1947365851956,0,-1.4421801428067189,0.76710635726248666,0
1217.9999999469146,861.41493924171664,1622.9612017705804,0,-1.442861553518757,0.76582391255168225,0
1218.9999998663552,859.97173745796317,1623.7263842085376,0,-1.4435418238295579,0.76454086255304876,0
1220.0000001001172,858.52785597433103,1624.4902832942898,0,-1.4442209532014525,0.76325720828067622,0
1221.0000000195578,857.08329593203962,1625.2528984240489,0,-1.4448989410976749,0.76197295074913263,0
1221.9999999389984,855.6380584728322,1626.0142289950163,0,-1.4455757869823602,0.76068809097346268,0
1222.999999858439,854.1921447389177,1626.7742744055577,0,-1.4462514903205466,0.7594026299691865,0
1224.0000000922009,852.74555587320356,1627.5330340549117,0,-1.4469260505781749,0.75811656875230027,0
1225.0000000116415,851.29829301900463,1628.2905073433067,0,-1.4475994672220907,0.75682990833927444,0
1225.9999999310821,849.85035732015967,1629.0466936721932,0,-1.4482717397200418,0.75554264974705243,0
1226.9999998505227,848.4017499210895,1629.8015924437786,0,-1.4489428675406812,0.75425479399305106,0
1228.0000000842847,846.95247196679702,1630.5552030614344,0,-1.4496128501535668,0.75296634209515878,0
1229.0000000037253,845.50252460269257,1631.3075249295798,0,-1.4502816870291608,0.75167729507173531,0
1229.9999999231659,844.0519089748268,1632.0585574535653,0,-1.4509493776388316,0.75038765394161122,0
1231.0000001569279,842.600626229716,1632.8083000397892,0,-1.4516159214548534,0.74909741972408561,0
1232.0000000763685,841.14867751434213,1633.5567520956392,0,-1.4522813179504068,0.74780659343892719,0
1232.999999995809,839.69606397638563,1634.3039130296092,0,-1.4529455665995796,0.74651517610637252,0
1233.9999999152496,838.24278676393442,1635.0497822511825,0,-1.4536086668773665,0.74522316874712491,0
1235.0000001490116,836.78884702560026,1635.7943591707735,0,-1.4542706182596699,0.74393057238235438,0
1236.0000000684522,835.33424591057701,1636.5376431999612,0,-1.4549314202232995,0.7426373880336965,0
1236.9999999878928,833.87898456846597,1637.2796337511973,0,-1.4555910722459746,0.74134361672325111,0
1237.9999999073334,832.42306414956693,1638.0203302380978,0,-1.4562495738063228,0.74004925947358258,0
1239.0000001410954,830.96648580452893,1638.7597320752102,0,-1.456906924383881,0.7387543173077179,0
1240.000000060536,829.5092506846413,1639.4978386780713,0,-1.4575631234590969,0.73745879124914682,0
1240.9999999799766,828.05135994160082,1640.2346494633821,0,-1.4582181705133261,0.73616268232182036,0
1241.9999998994172,826.59281472780276,1640.970163848775,0,-1.4588720650288369,0.73486599155014964,0
1243.0000001331791,825.13361619593343,1641.7043812528718,0,-1.4595248064888071,0.73356871995900674,0
1244.0000000526197,823.67376549931942,1642.4373010954005,0,-1.4601763943773269,0.73227086857372214,0
1244.9999999720603,822.21326379186939,1643.1689227971365,0,-1.4608268281793972,0.73097243842008464,0
1245.9999998915009,820.75211222784128,1643.8992457796703,0,-1.4614761073809319,0.72967343052434075,0
1247.0000001252629,819.29031196213327,1644.6282694659312,0,-1.4621242314687573,0.72837384591319332,0
1248.0000000447035,817.82786415010924,1645.3559932796052,0,-1.4627711999306119,0.72707368561380115,0
1248.9999999641441,816.3647699476569,1646.0824166456005,0,-1.4634170122551489,0.72577295065377778,0
1249.9999998835847,814.90103051112965,1646.8075389896985,0,-1.464061667931934,0.7244716420611913,0
1251.0000001173466,813.43664699752117,1647.5313597388449,0,-1.4647051664514481,0.72316976086456308,0
1252.0000000367872,811.97162056411617,1648.2538783209166,0,-1.4653475073050859,0.72186730809286737,0
1252.9999999562278,810.50595236895606,1648.9750941648381,0,-1.4659886899851575,0.72056428477552958,0
1253.9999998756684,809.0396435703733,1649.6950067006401,0,-1.466628713984889,0.71926069194242637,0
1255.0000001094304,807.57269532739883,1650.4136153592262,0,-1.4672675787984213,0.71795653062388454,0
1256.000000028871,806.10510879935464,1651.1309195727226,0,-1.4679052839208113,0.71665180185068,0
1256.9999999483116,804.63688514626119,1651.8469187741284,0,-1.4685418288480339,0.71534650665403732,0
1257.9999998677522,803.16802552854642,1652.5616123975487,0,-1.4691772130769793,0.71404064606562911,0
1259.0000001015142,801.69853110716213,1653.2749998781364,0,-1.4698114361054562,0.71273422111757423,0
1260.0000000209548,800.22840304358397,1653.9870806520339,0,-1.4704444974321906,0.71142723284243814,0
1260.9999999403954,798.75764249969507,1654.6978541563731,0,-1.4710763965568274,0.71011968227323108,0
1261.999999859836,797.28625063801883,1655.4073198295082,0,-1.4717071329799289,0.70881157044340792,0
1263.0000000935979,795.81422862148611,1656.1154771105503,0,-1.4723367062029777,0.7075028983868672,0
1264.0000000130385,794.34157761355164,1656.8223254398908,0,-1.4729651157283745,0.70619366713795007,0
1264.9999999324791,792.86829877807759,1657.5278642587946,0,-1.4735923610594408,0.7048838777314399,0
1265.9999998519197,791.39439327962464,1658.2320930096321,0,-1.4742184417004172,0.70357353120256105,0
1267.0000000856817,789.9198622831027,1658.9350111358217,0,-1.4748433571564656,0.70226262858697808,0
1268.0000000051223,788.44470695388736,1659.6366180817713,0,-1.4754671069336689,0.7009511709207954,0
1268.9999999245629,786.96892845793627,1660.3369132929947,0,-1.4760896905390306,0.69963915924055564,0
1269.9999998440035,785.49252796173096,1661.0358962159371,0,-1.4767111074804764,0.69832659458324009,0
1271.0000000777654,784.01550663204398,1661.7335662981495,0,-1.4773313572668549,0.69701347798626623,0
1271.999999997206,782.5378656364046,1662.429922988289,0,-1.4779504394079357,0.69569981048748819,0
1272.9999999166466,781.05960614263313,1663.1249657358276,0,-1.4785683534144118,0.69438559312519565,0
1274.0000001504086,779.58072931907373,1663.8186939915759,0,-1.4791850987979003,0.69307082693811273,0
1275.0000000698492,778.10123633471085,1664.5111072071595,0,-1.4798006750709405,0.69175551296539728,0
1275.9999999892898,776.62112835881999,1665.2022048352519,0,-1.480415081746997,0.69043965224664017,0
1276.9999999087304,775.14040656125871,1665.8919863297488,0,-1.481028318340458,0.68912324582186457,0
1278.0000001424924,773.65907211235026,1666.5804511453607,0,-1.481640384366637,0.68780629473152455,0
1279.000000061933,772.17712618288351,1667.2675987379625,0,-1.4822512793417726,0.68648880001650492,0
1279.9999999813735,770.69456994417123,1667.953428564535,0,-1.4828610027830289,0.68517076271812027,0
1280.9999999008141,769.21140456799185,1668.6379400829319,0,-1.4834695542084957,0.68385218387811375,0
1282.0000001345761,767.72763122658944,1669.321132752113,0,-1.4840769331371901,0.68253306453865692,0
1283.0000000540167,766.24325109267375,1670.0030060321442,0,-1.4846831390890545,0.68121340574234812,0
1283.9999999734573,764.75826533953659,1670.6835593841388,0,-1.4852881715849588,0.67989320853221236,0
1284.9999998928979,763.27267514081905,1671.3627922700834,0,-1.4858920301467009,0.67857247395169973,0
1286.0000001266599,761.78648167074425,1672.0407041532453,0,-1.4864947142970062,0.67725120304468578,0
1287.0000000461005,760.2996861038846,1672.7172944977647,0,-1.4870962235595284,0.67592939685546949,0
1287.9999999655411,758.81228961539455,1673.3925627688877,0,-1.4876965574588503,0.67460705642877306,0
1288.9999998849817,757.32429338089423,1674.0665084329084,0,-1.4882957155204826,0.67328418280974101,0
1290.0000001187436,755.83569857646944,1674.7391309571103,0,-1.4888936972708662,0.67196077704393875,0
1291.0000000381842,754.34650637861341,1675.410429809941,0,-1.4894905022373717,0.67063684017735303,0
1291.9999999576248,752.85671796440147,1676.0804044607794,0,-1.4900861299482993,0.66931237325638981,0
1292.9999998770654,751.36633451131638,1676.7490543801105,0,-1.4906805799328797,0.66798737732787439,0
1294.0000001108274,749.87535719724838,1677.4163790394668,0,-1.4912738517212754,0.66666185343904993,0
1295.000000030268,748.38378720072797,1678.0823779113707,0,-1.4918659448445786,0.66533580263757686,0
1295.9999999497086,746.8916257006349,1678.7470504694502,0,-1.4924568588348144,0.66400922597153234,0
1296.9999998691492,745.3988738762564,1679.4103961883811,0,-1.4930465932249393,0.66268212448940877,0
1298.0000001029111,743.90553290751996,1680.0724145438289,0,-1.4936351475488419,0.66135449924011358,0
1299.0000000223517,742.4116039747023,1680.7331050126231,0,-1.494222521341344,0.66002635127296816,0
1299.9999999417923,740.91708825848764,1681.3924670724664,0,-1.4948087141382,0.65869768163770714,0
1300.9999998612329,739.42198694020044,1682.0505002023419,0,-1.4953937254760981,0.65736849138447717,0
1302.0000000949949,737.92630120151443,1682.7072038820479,0,-1.4959775548926602,0.65603878156383677,0
1303.0000000144355,736.430032224569,1683.362577592663,0,-1.4965602019264421,0.65470855322675503,0
1303.9999999338761,734.9331811919692,1684.0166208160226,0,-1.497141666116935,0.65337780742461038,0
1304.9999998533167,733.43574928678572,1684.6693330353592,0,-1.4977219470045633,0.6520465452091907,0
1306.0000000870787,731.93773769255495,1685.3207137346617,0,-1.4983010441306885,0.65071476763269243,0
1307.0000000065193,730.4391475932207,1685.9707623991999,0,-1.4988789570376064,0.64938247574771801,0
1307.9999999259599,728.93998017336708,1686.6194785150583,0,-1.4994556852685499,0.64804967060727792,0
1308.9999998454005,727.44023661775282,1687.2668615696603,0,-1.5000312283676869,0.64671635326478738,0
1310.0000000791624,725.93991811183514,1687.912911051244,0,-1.5006055858801228,0.64538252477406666,0
1310.999999998603,724.43902584136231,1688.5576264491538,0,-1.5011787573519004,0.64404818618933979,0
1311.9999999180436,722.93756099260645,1689.2010072538978,0,-1.5017507423299989,0.64271333856523438,0
1313.0000001518056,721.43552475230535,1689.8430529569741,0,-1.5023215403623364,0.64137798295678017,0
1314.0000000712462,719.93291830766248,1690.48376305087,0,-1.5028911509977685,0.64004212041940833,0
1314.9999999906868,718.42974284628872,1691.1231370291789,0,-1.503459573786089,0.63870575200895108,0
1315.9999999101274,716.92599955620244,1691.7611743866,0,-1.5040268082780315,0.63736887878163984,0
1317.0000001438893,715.42168962594587,1692.3978746188222,0,-1.5045928540252675,0.63603150179410561,0
1318.0000000633299,713.9168142445269,1693.0332372226403,0,-1.5051577105804095,0.63469362210337699,0
1318.9999999827705,712.41137460136088,1693.6672616958385,0,-1.5057213774970084,0.63335524076688077,0
1319.9999999022111,710.90537188627059,1694.2999475373072,0,-1.5062838543295567,0.63201635884243901,0
1321.0000001359731,709.39880728954449,1694.9312942469842,0,-1.5068451406334871,0.63067697738827022,0
1322.0000000554137,707.89168200199492,1695.5613013259135,0,-1.5074052359651731,0.62933709746298783,0
1322.9999999748543,706.38399721472524,1696.1899682761286,0,-1.5079641398819288,0.62799672012559904,0
1323.9999998942949,704.8757541194791,1696.8172946007107,0,-1.5085218519420112,0.62665584643550398,0
1325.0000001280569,703.36695390829118,1697.4432798039052,0,-1.509078371704619,0.62531447745249535,0
1326.0000000474975,701.85759777366184,1698.0679233908886,0,-1.5096336987298931,0.62397261423675732,0
1326.999999966938,700.34768690855708,1698.6912248680019,0,-1.5101878325789164,0.62263025784886439,0
1327.9999998863786,698.83722250640858,1699.3131837425171,0,-1.5107407728137163,0.62128740934978111,0
1329.0000001201406,697.32620576093905,1699.9337995229871,0,-1.5112925189972624,0.61994406980086092,0
1330.0000000395812,695.81463786656968,1700.5530717188376,0,-1.5118430706934685,0.61860024026384564,0
1330.9999999590218,694.30252001789631,1701.1709998405422,0,-1.5123924274671927,0.61725592180086386,0
1331.9999998784624,692.78985341009684,1701.7875833997969,0,-1.5129405888842371,0.61591111547443078,0
1333.0000001122244,691.27663923869841,1702.4028219092288,0,-1.5134875545113493,0.61456582234744761,0
1334.000000031665,689.76287869981024,1703.0167148825713,0,-1.5140333239162209,0.61322004348319969,0
1334.9999999511056,688.2485729897744,1703.6292618346633,0,-1.5145778966674899,0.61187377994535663,0
1335.9999998705462,686.73372330545681,1704.2404622812755,0,-1.5151212723347394,0.61052703279797105,0
1337.0000001043081,685.21833084424725,1704.8503157394007,0,-1.5156634504884996,0.6091798031054777,0
1338.0000000237487,683.70239680382656,1705.4588217269629,0,-1.5162044307002465,0.60783209193269283,0
1338.9999999431893,682.18592238234123,1706.0659797631088,0,-1.5167442125424027,0.60648390034481336,0
1339.9999998626299,680.66890877834521,1706.6717893678579,0,-1.5172827955883386,0.60513522940741582,0
1341.0000000963919,679.15135719085811,1707.2762500625104,0,-1.5178201794123714,0.60378608018645541,0
1342.0000000158325,677.63326881936518,1707.8793613691814,0,-1.518356363589767,0.6024364537482656,0
1342.9999999352731,676.11464486370096,1708.4811228112667,0,-1.5188913476967387,0.60108635115955678,0
1343.9999998547137,674.59548652416561,1709.0815339131514,0,-1.5194251313104485,0.59973577348741591,0
1345.0000000884756,673.07579500140855,1709.6805942002684,0,-1.5199577140090081,0.59838472179930569,0
1346.0000000079162,671.55557149660308,1710.2783031990984,0,-1.5204890953714769,0.5970331971630628,0
1346.9999999273568,670.03481721127173,1710.8746604372864,0,-1.521019274977865,0.59568120064689811,0
1347.9999998467974,668.51353334734449,1711.4696654434665,0,-1.5215482524091313,0.59432873331939584,0
1349.0000000805594,666.99172110727523,1712.063317747321,0,-1.5220760272471856,0.59297579624951147,0
1350,665.46938169386704,1712.655616879696,0,-1.5226025990748879,0.59162239050657239,0
1350.9999999194406,663.94651631027227,1713.2465623724856,0,-1.5231279674760498,0.59026851716027617,0
1352.0000001532026,662.42312616016716,1713.8361537585151,0,-1.5236521320354326,0.58891417728069018,0
1353.0000000726432,660.89921244763536,1714.4243905718904,0,-1.5241750923387505,0.58755937193825014,0
1353.9999999920838,659.3747763770516,1715.0112723475904,0,-1.524696847972669,0.58620410220375996,0
1354.9999999115244,657.84981915337266,1715.5967986218748,0,-1.525217398524805,0.58484836914839056,0
1356.0000001452863,656.32434198184637,1716.1809689318179,0,-1.525736743583729,0.58349217384367913,0
1357.0000000647269,654.79834606818622,1716.7637828158331,0,-1.5262548827389641,0.58213551736152802,0
1357.9999999841675,653.27183261845494,1717.3452398132067,0,-1.5267718155809857,0.58077840077420406,0
1358.9999999036081,651.74480283923913,1717.925339464331,0,-1.5272875417012235,0.5794208251543379,0
1360.0000001373701,650.21725793747464,1718.5040813108208,0,-1.5278020606920604,0.57806279157492291,0
1361.0000000568107,648.68919912038837,1719.0814648952219,0,-1.5283153721468337,0.57670430110931448,0
1361.9999999762513,647.16062759578926,1719.6574897611281,0,-1.528827475659835,0.57534535483122906,0
1362.9999998956919,645.63154457183555,1720.2321554532973,0,-1.5293383708263109,0.57398595381474349,0
1364.0000001294538,644.10195125709288,1720.8054615175352,0,-1.529848057242462,0.57262609913429374,0
1365.0000000488944,642.57184886041796,1721.377407500695,0,-1.5303565345054455,0.57126579186467452,0
1365.999999968335,641.04123859124957,1721.9479929507361,0,-1.5308638022133743,0.56990503308103835,0
1366.9999998877756,639.51012165931752,1722.5172174167237,0,-1.5313698599653169,0.56854382385889446,0
1368.0000001215376,637.97849927475909,1723.0850804486545,0,-1.531874707361297,0.56718216527410814,0
1369.0000000409782,636.4463726481772,1723.6515815978055,0,-1.5323783440022971,0.56582005840289984,0
1369.9999999604188,634.91374299046583,1724.2167204164434,0,-1.5328807694902555,0.56445750432184438,0
1370.9999998798594,633.38061151304282,1724.7804964577663,0,-1.5333819834280673,0.56309450410787021,0
1372.0000001136214,631.84697942761704,1725.3429092763108,0,-1.533881985419586,0.56173105883825791,0
1373.000000033062,630.31284794630483,1725.9039584274287,0,-1.5343807750696221,0.56036716959064015,0
1373.9999999525025,628.77821828168817,1726.4636434678105,0,-1.5348783519839455,0.55900283744300039,0
1374.9999998719431,627.2430916466983,1727.0219639550778,0,-1.5353747157692839,0.5576380634736724,0
1376.0000001057051,625.70746925467392,1727.5789194478421,0,-1.5358698660333236,0.55627284876133909,0
1377.0000000251457,624.17135231930297,1728.1345095060533,0,-1.536363802384711,0.55490719438503122,0
1377.9999999445863,622.63474205468083,1728.6887336904183,0,-1.5368565244330508,0.55354110142412782,0
1378.9999998640269,621.09763967531035,1729.2415915630409,0,-1.5373480317889079,0.55217457095835387,0
1380.0000000977889,619.56004639610182,1729.7930826868978,0,-1.5378383240638078,0.5508076040677804,0
1381.0000000172295,618.02196343237301,1730.3432066260721,0,-1.5383274008702357,0.54944020183282349,0
1381.9999999366701,616.4833919996745,1730.8919629458105,0,-1.5388152618216373,0.54807236533424342,0
1382.9999998561107,614.94433331413893,1731.4393512123497,0,-1.5393019065324198,0.54670409565314348,0
1384.0000000898726,613.40478859213181,1731.9853709930903,0,-1.539787334617952,0.54533539387096919,0
1385.0000000093132,611.86475905054249,1732.5300218564225,0,-1.5402715456945637,0.54396626106950796,0
1385.9999999287538,610.32424590655137,1733.0733033719007,0,-1.5407545393795465,0.54259669833088775,0
1386.9999998481944,608.7832503777463,1733.6152151101269,0,-1.5412363152911546,0.541226706737576,0
1388.0000000819564,607.24177368200617,1734.1557566427509,0,-1.5417168730486042,0.53985628737237967,0
1389.000000001397,605.69981703779195,1734.694927542645,0,-1.5421962122720747,0.53848544131844334,0
1389.9999999208376,604.15738166379742,1735.2327273835544,0,-1.5426743325827088,0.53711416965924919,0
1391.0000001545995,602.61446877906565,1735.7691557404469,0,-1.5431512336026125,0.53574247347861548,0
1392.0000000740401,601.07107960316353,1736.3042121893377,0,-1.5436269149548547,0.53437035386069631,0
1392.9999999934807,599.5272153558326,1736.8378963074065,0,-1.5441013762634694,0.53299781188997997,0
1393.9999999129213,597.98287725739647,1737.3702076727059,0,-1.544574617153454,0.53162484865128878,0
1395.0000001466833,596.43806652846979,1737.9011458646273,0,-1.545046637250771,0.53025146522977862,0
1396.0000000661239,594.89278438995825,1738.4307104634936,0,-1.5455174361823478,0.52887766271093661,0
1396.9999999855645,593.34703206329141,1738.9589010507334,0,-1.5459870135760769,0.52750344218058176,0
1397.9999999050051,591.80081077013165,1739.4857172088814,0,-1.5464553690608163,0.52612880472486279,0
1399.0000001387671,590.25412173260702,1740.01115852152,0,-1.5469225022663895,0.52475375143025882,0
1400.0000000582077,588.70696617313661,1740.5352245734539,0,-1.5473884128235855,0.52337828338357684,0
1400.9999999776483,587.15934531460516,1741.0579149504192,0,-1.5478531003641613,0.522002401671952,0
1401.9999998970889,585.61126038018847,1741.579229239258,0,-1.5483165645208394,0.52062610738284654,0
1403.0000001308508,584.06271259346977,1742.0991670280346,0,-1.5487788049273101,0.51924940160404831,0
1404.0000000502914,582.51370317838155,1742.6177279056865,0,-1.5492398212182295,0.51787228542367092,0
1404.999999969732,580.96423335920554,1743.1349114624318,0,-1.549699613029222,0.51649475993015204,0
1405.9999998891726,579.41430436063092,1743.6507172894781,0,-1.55015817999688,0.51511682621225297,0
1407.0000001229346,577.86391740763793,1744.1651449791389,0,-1.5506155217587638,0.51373848535905764,0
1408.0000000423752,576.31307372561423,1744.6781941248337,0,-1.551071637953402,0.51235973845997174,0
1408.9999999618158,574.76177454035496,1745.189864321088,0,-1.5515265282202919,0.5109805866047219,0
1409.9999998812564,573.21002107794629,1745.7001551634166,0,-1.5519801921999004,0.50960103088335473,0
1411.0000001150183,571.65781456482364,1746.2090662486153,0,-1.5524326295336617,0.50822107238623648,0
1412.0000000344589,570.10515622788807,1746.7165971742943,0,-1.5528838398639815,0.50684071220405114,0
1412.9999999538995,568.5520472942153,1747.2227475394611,0,-1.5533338228342346,0.50545995142780054,0
1413.9999998733401,566.99848899146309,1747.7275169439963,0,-1.553782578088766,0.50407879114880294,0
1415.0000001071021,565.44448254740564,1748.2309049889445,0,-1.5542301052728904,0.50269723245869236,0
1416.0000000265427,563.89002919039922,1748.7329112764564,0,-1.554676404032894,0.50131527644941787,0
1416.9999999459833,562.33513014891651,1749.2335354097886,0,-1.5551214740160337,0.49993292421324276,0
1417.9999998654239,560.77978665207047,1749.7327769931871,0,-1.5555653148705375,0.49855017684274305,0
1419.0000000991859,559.22399992903229,1750.2306356321205,0,-1.5560079262456044,0.49716703543080726,0
1420.0000000186265,557.667771209497,1750.7271109330468,0,-1.5564493077914052,0.49578350107063535,0
1420.999999938067,556.11110172350891,1751.2222025036463,0,-1.5568894591590841,0.49439957485573782,0
1421.9999998575076,554.55399270134512,1751.7159099525306,0,-1.5573283800007558,0.49301525787993489,0
1423.0000000912696,552.99644537380664,1752.208232889534,0,-1.5577660699695091,0.49163055123735566,0
1424.0000000107102,551.43846097181085,1752.6991709254798,0,-1.5582025287194046,0.49024545602243724,0
1424.9999999301508,549.88004072685726,1753.1887236724142,0,-1.558637755905476,0.48885997332992387,0
1425.9999998495914,548.32118587067816,1753.6768907433725,0,-1.5590717511837313,0.48747410425486581,0
1427.0000000833534,546.76189763523871,1754.1636717524962,0,-1.5595045142111514,0.48608784989261888,0
1428.000000002794,545.20217725308612,1754.6490663150907,0,-1.5599360446456911,0.48470121133884364,0
1428.9999999222346,543.64202595694223,1755.1330740474514,0,-1.5603663421462806,0.48331418968950401,0
1430.0000001559965,542.08144497987814,1755.6156945670955,0,-1.5607954063728224,0.48192678604086669,0
1431.0000000754371,540.52043555537239,1756.0969274925883,0,-1.5612232369861958,0.48053900148950052,0
1431.9999999948777,538.95899891725276,1756.5767724434845,0,-1.5616498336482545,0.47915083713227519,0
1432.9999999143183,537.39713629952166,1757.0552290406195,0,-1.5620751960218264,0.47776229406636062,0
1434.0000001480803,535.83484893670538,1757.5322969057597,0,-1.5624993237707165,0.47637337338922614,0
1435.0000000675209,534.27213806362124,1758.0079756618943,0,-1.5629222165597048,0.47498407619863947,0
1435.9999999869615,532.70900491537759,1758.4822649330017,0,-1.5633438740545478,0.47359440359266608,0
1436.9999999064021,531.14545072743203,1758.9551643442828,0,-1.5637642959219773,0.47220435666966787,0
1438.000000140164,529.58147673553322,1759.426673521928,0,-1.5641834818297036,0.47081393652830261,0
1439.0000000596046,528.01708417583723,1759.8967920932919,0,-1.5646014314464121,0.46942314426752335,0
1439.9999999790452,526.45227428484941,1760.3655196868349,0,-1.5650181444417659,0.46803198098657706,0
1440.9999998984858,524.88704829930793,1760.8328559319489,0,-1.5654336204864059,0.46664044778500391,0
1442.0000001322478,523.32140745630022,1761.2988004594226,0,-1.56584785925195,0.46524854576263652,0
1443.0000000516884,521.75535299332114,1761.7633529009181,0,-1.5662608604109953,0.46385627601959906,0
1443.999999971129,520.18888614809839,1762.2265128892614,0,-1.5666726236371151,0.46246363965630621,0
1444.9999998905696,518.62200815876713,1762.6882800583844,0,-1.5670831486048629,0.46107063777346258,0
1446.0000001243316,517.05472026375355,1763.1486540433252,0,-1.5674924349897699,0.45967727147206155,0
1447.0000000437722,515.48702370177489,1763.6076344802277,0,-1.5679004824683462,0.4582835418533846,0
1447.9999999632128,513.91891971189762,1764.0652210063417,0,-1.5683072907180819,0.45688945001900022,0
1448.9999998826534,512.35040953353746,1764.5214132599067,0,-1.5687128594174453,0.4554949970707633,0
1450.0000001164153,510.78149440634297,1764.9762108804425,0,-1.5691171882458856,0.45410018411081415,0
1451.0000000358559,509.21217557042837,1765.4296135085169,0,-1.5695202768838319,0.45270501224157772,0
1451.9999999552965,507.6424542660825,1765.8816207856871,0,-1.5699221250126931,0.45130948256576248,0
1452.9999998747371,506.07233173400164,1766.3322323547327,0,-1.5703227323148583,0.44991359618635962,0
1454.0000001084991,504.50180921517313,1766.781447859481,0,-1.5707220984736974,0.44851735420664263,0
1455.0000000279397,502.93088795087533,1767.2292669449816,0,-1.5711202231735619,0.44712075773016563,0
1455.9999999473803,501.35956918273587,1767.6756892571575,0,-1.5715171060997843,0.44572380786076321,0
1456.9999998668209,499.7878541527316,1768.1207144432701,0,-1.571912746938678,0.44432650570254922,0
1458.0000001005828,498.215744103014,1768.5643421515124,0,-1.5723071453775388,0.44292885235991564,0
1459.0000000200234,496.64324027620023,1769.0065720312996,0,-1.5727003011046434,0.44153084893753258,0
1459.999999939464,495.07034391514026,1769.4474037330365,0,-1.5730922138092522,0.44013249654034636,0
1460.9999998589046,493.4970562630333,1769.8868369084084,0,-1.5734828831816077,0.4387337962735795,0
1462.0000000926666,491.92337856331142,1770.3248712100321,0,-1.5738723089129338,0.43733474924272908,0
1463.0000000121072,490.34931205987232,1770.7615062916884,0,-1.5742604906954385,0.43593535655356652,0
1463.9999999315478,488.77485799667193,1771.1967418082641,0,-1.5746474282223131,0.43453561931213641,0
1464.9999998509884,487.20001761824824,1771.63057741581,0,-1.5750331211877318,0.43313553862475557,0
1466.0000000847504,485.62479216925567,1772.0630127714248,0,-1.5754175692868528,0.43173511559801225,0
1467.000000004191,484.04918289475609,1772.4940475332551,0,-1.5758007722158174,0.43033435133876557,0
1467.9999999236315,482.47319103998598,1772.9236813607276,0,-1.5761827296717521,0.42893324695414398,0
1468.9999998430721,480.89681785064749,1773.3519139142008,0,-1.5765634413527676,0.42753180355154491,0
1470.0000000768341,479.32006457267562,1773.7787448551971,0,-1.5769429069579588,0.42613002223863378,0
1470.9999999962747,477.74293245217996,1774.2041738464031,0,-1.5773211261874061,0.42472790412334305,0
1471.9999999157153,476.16542273585219,1774.6282005515532,0,-1.5776980987421743,0.4233254503138712,0
1473.0000001494773,474.587536670384,1775.0508246354875,0,-1.5780738243243133,0.42192266191868255,0
1474.0000000689179,473.00927550293272,1775.4720457642106,0,-1.5784483026368601,0.42051954004650532,0
1474.9999999883585,471.43064048094675,1775.8918636047747,0,-1.5788215333838358,0.41911608580633153,0
1475.9999999077991,469.85163285210729,1776.310277825396,0,-1.5791935162702486,0.41771230030741585,0
1477.000000141561,468.27225386444479,1776.7272880953387,0,-1.5795642510020929,0.41630818465927472,0
1478.0000000610016,466.69250476628076,1777.142894085031,0,-1.5799337372863491,0.41490373997168567,0
1478.9999999804422,465.11238680611132,1777.557095466007,0,-1.5803019748309846,0.41349896735468633,0
1479.9999998998828,463.53190123295644,1777.9698919107905,0,-1.5806689633449535,0.41209386791857333,0
1481.0000001336448,461.95104929589434,1778.3812830932438,0,-1.5810347025381977,0.41068844277390171,0
1482.0000000530854,460.36983224441065,1778.7912686881609,0,-1.5813991921216455,0.40928269303148385,0
1482.999999972526,458.78825132828206,1779.1998483714997,0,-1.5817624318072143,0.40787661980238882,0
1483.9999998919666,457.20630779751809,1779.607021820324,0,-1.5821244213078087,0.40647022419794121,0
1485.0000001257285,455.62400290247751,1780.0127887128037,0,-1.5824851603373211,0.40506350732972052,0
1486.0000000451691,454.04133789375192,1780.4171487282729,0,-1.5828446486106327,0.4036564703095602,0
1486.9999999646097,452.45831402228214,1780.8201015470549,0,-1.5832028858436129,0.40224911424954662,0
1487.9999998840503,450.87493253918365,1781.221646850754,0,-1.5835598717531201,0.4008414402620184,0
1489.0000001178123,449.29119469597936,1781.6217843219638,0,-1.5839156060570014,0.39943344945956544,0
1490.0000000372529,447.70710174436681,1782.020513644442,0,-1.5842700884740939,0.398025142955028,0
1490.9999999566935,446.12265493639279,1782.4178345030523,0,-1.5846233187242231,0.39661652186149593,0
1491.9999998761341,444.53785552439513,1782.8137465837062,0,-1.5849752965282053,0.3952075872923077,0
1493.0000001098961,442.95270476094447,1783.2082495734794,0,-1.585326021607846,0.39379834036104938,0
1494.0000000293367,441.36720389884431,1783.6013431606698,0,-1.5856754936859407,0.39238878218155415,0
1494.9999999487773,439.78135419130558,1783.9930270345067,0,-1.5860237124862759,0.39097891386790112,0
1495.9999998682179,438.19515689171385,1784.3833008853835,0,-1.5863706777336282,0.38956873653441437,0
1497.0000001019798,436.60861325380392,1784.7721644049161,0,-1.5867163891537652,0.38815825129566245,0
1498.0000000214204,435.02172453148523,1785.1596172857098,0,-1.5870608464734448,0.38674745926645715,0
1498.999999940861,433.43449197895825,1785.5456592215342,0,-1.5874040494204171,0.38533636156185286,0
1499.9999998603016,431.84691685083089,1785.9302899073227,0,-1.5877459977234232,0.38392495929714543,0
1501.0000000940636,430.25900040182751,1786.3135090389987,0,-1.5880866911121954,0.38251325358787147,0
1502.0000000135042,428.67074388702167,1786.6953163137077,0,-1.5884261293174586,0.3811012455498074,0
1502.9999999329448,427.0821485616616,1787.0757114297012,0,-1.5887643120709294,0.3796889362989686,0
1503.9999998523854,425.49321568146115,1787.4546940862783,0,-1.5891012391053168,0.37827632695160862,0
1505.0000000861473,423.9039465021342,1787.8322639839607,0,-1.5894369101543222,0.37686341862421807,0
1506.0000000055879,422.31434227986028,1788.2084208242595,0,-1.5897713249526395,0.37545021243352389,0
1506.9999999250285,420.72440427105175,1788.5831643099082,0,-1.5901044832359561,0.37403670949648848,0
1507.9999998444691,419.1341337323538,1788.9564941446879,0,-1.5904363847409519,0.37262291093030886,0
1509.0000000782311,417.54353192058625,1789.3284100336023,0,-1.5907670292053007,0.37120881785241555,0
1509.9999999976717,415.95260009303456,1789.6989116825862,0,-1.5910964163676689,0.36979443138047191,0
1510.9999999171123,414.36133950704243,1790.0679987989133,0,-1.5914245459677174,0.36837975263237321,0
1512.0000001508743,412.76975142036099,1790.4356710907887,0,-1.591751417746101,0.36696478272624572,0
1513.0000000703149,411.177837090916,1790.8019282676978,0,-1.5920770314444681,0.36554952278044583,0
1513.9999999897555,409.58559777692426,1791.1667700400576,0,-1.5924013868054621,0.36413397391355906,0
1514.999999909196,407.9930347368354,1791.5301961195655,0,-1.592724483572721,0.36271813724439939,0
1516.000000142958,406.40014922939008,1791.892206219025,0,-1.593046321490877,0.3613020138920085,0
1517.0000000623986,404.80694251356181,1792.2528000521706,0,-1.5933669003055577,0.35988560497565431,0
1517.9999999818392,403.21341584855691,1792.6119773341343,0,-1.5936862197633856,0.35846891161483041,0
1518.9999999012798,401.61957049387274,1792.9697377809789,0,-1.5940042796119787,0.35705193492925558,0
1520.0000001350418,400.02540770929772,1793.3260811099317,0,-1.5943210795999507,0.35563467603887233,0
1521.0000000544824,398.43092875473667,1793.6810070393258,0,-1.5946366194769113,0.35421713606384597,0
1521.999999973923,396.83613489044365,1794.0345152887166,0,-1.5949508989934651,0.35279931612456433,0
1522.9999998933636,395.24102737696376,1794.3866055786493,0,-1.595263917901214,0.3513812173416363,0
1524.0000001271255,393.64560747495852,1794.737277630833,0,-1.5955756759527553,0.34996284083589146,0
1525.0000000465661,392.04987644543871,1795.0865311681409,0,-1.5958861729016836,0.34854418772837847,0
1525.9999999660067,390.45383554958971,1795.4343659144943,0,-1.59619540850259,0.34712525914036496,0
1526.9999998854473,388.85748604894616,1795.7807815949782,0,-1.5965033825110624,0.34570605619333611,0
1528.0000001192093,387.2608292051591,1796.1257779357838,0,-1.5968100946836861,0.34428658000899398,0
1529.0000000386499,385.66386628028704,1796.4693546642666,0,-1.5971155447780438,0.34286683170925669,0
1529.9999999580905,384.06659853638848,1796.8115115088876,0,-1.5974197325527149,0.34144681241625729,0
1530.9999998775311,382.4690272359876,1797.152248199156,0,-1.5977226577672772,0.340026523252343,0
1532.000000111293,380.87115364178317,1797.4915644658031,0,-1.5980243201823061,0.33860596534007448,0
1533.0000000307336,379.27297901664861,1797.829460040608,0,-1.5983247195593759,0.33718513980222481,0
1533.9999999501742,377.67450462374836,1798.1659346565721,0,-1.5986238556610579,0.33576404776177826,0
1534.9999998696148,376.07573172647972,1798.5009880476864,0,-1.5989217282509232,0.33434269034193032,0
1536.0000001033768,374.47666158853099,1798.8346199491643,0,-1.5992183370935404,0.33292106866608578,0
1537.0000000228174,372.8772954736487,1799.1668300973251,0,-1.5995136819544773,0.33149918385785848,0
1537.999999942258,371.27763464598684,1799.4976182295359,0,-1.5998077626003011,0.33007703704106994,0
1538.9999998616986,369.6776803699322,1799.8269840844441,0,-1.6001005787985778,0.32865462933974915,0
1540.0000000954606,368.07743390998803,1800.1549274016288,0,-1.6003921303178728,0.32723196187813108,0
1541.0000000149012,366.47689653094858,1800.4814479219494,0,-1.6006824169277514,0.32580903578065618,0
1541.9999999343418,364.87606949784094,1800.8065453873714,0,-1.6009714383987783,0.32438585217196908,0
1542.9999998537824,363.27495407592505,1801.1302195408498,0,-1.6012591945025181,0.32296241217691823,0
1544.0000000875443,361.67355153069366,1801.45247012662,0,-1.6015456850115355,0.32153871692055441,0
1545.0000000069849,360.07186312781414,1801.7732968899654,0,-1.6018309096993961,0.32011476752813045,0
1545.9999999264255,358.46989013330312,1802.0926995773334,0,-1.6021148683406652,0.31869056512509963,0
1546.9999998458661,356.86763381323544,1802.4106779362774,0,-1.6023975607109091,0.31726611083711576,0
1548.0000000796281,355.26509543403517,1802.7272317153984,0,-1.6026789865866953,0.31584140579003128,0
1548.9999999990687,353.66227626230102,1803.0423606646364,0,-1.602959145745591,0.31441645110989708,0
1549.9999999185093,352.05917756486451,1803.3560645348043,0,-1.6032380379661664,0.31299124792296112,0
1551.0000001522712,350.45580060879001,1803.6683430779958,0,-1.6035156630279914,0.31156579735566803,0
1552.0000000717118,348.8521466612583,1803.9791960474104,0,-1.6037920207116392,0.31014010053465785,0
1552.9999999911524,347.24821698985761,1804.2886231973534,0,-1.6040671107986832,0.30871415858676515,0
1553.999999910593,345.64401286229258,1804.5966242832947,0,-1.6043409330716991,0.30728797263901836,0
1555.000000144355,344.03953554638429,1804.9031990616932,0,-1.6046134873142648,0.30586154381863884,0
1556.0000000637956,342.43478631041944,1805.2083472903469,0,-1.6048847733109599,0.3044348732530397,0
1556.9999999832362,340.82976642262656,1805.512068727985,0,-1.6051547908473673,0.30300796206982528,0
1557.9999999026768,339.22447715158341,1805.8143631346175,0,-1.6054235397100716,0.30158081139678999,0
1559.0000001364388,337.6189197661588,1806.1152302713599,0,-1.6056910196866607,0.30015342236191772,0
1560.0000000558794,336.01309553527972,1806.4146699002595,0,-1.6059572305657253,0.29872579609338051,0
1560.99999997532,334.40700572810601,1806.7126817848184,0,-1.606222172136859,0.297297933719538,0
1561.9999998947605,332.80065161414677,1807.0092656894121,0,-1.6064858441906589,0.29586983636893655,0
1563.0000001285225,331.19403446296928,1807.3044213796384,0,-1.6067482465187246,0.29444150517030804,0
1564.0000000479631,329.58715554443188,1807.5981486221426,0,-1.6070093789136608,0.29301294125256933,0
1564.9999999674037,327.98001612850931,1807.8904471849091,0,-1.6072692411690741,0.29158414574482122,0
1565.9999998868443,326.37261748552555,1808.1813168368535,0,-1.6075278330795766,0.2901551197763475,0
1567.0000001206063,324.76496088592103,1808.4707573480555,0,-1.607785154440784,0.28872586447661397,0
1568.0000000400469,323.15704760025255,1808.7587684897007,0,-1.6080412050493154,0.287296380975268,0
1568.9999999594875,321.5488788994262,1809.0453500343137,0,-1.6082959847027958,0.28586667040213704,0
1569.9999998789281,319.94045605458086,1809.3305017552339,0,-1.608549493199853,0.28443673388722823,0
1571.00000011269,318.33178033685545,1809.6142234271392,0,-1.6088017303401205,0.2830065725607272,0
1572.0000000321306,316.72285301773809,1809.8965148257557,0,-1.6090526959242366,0.28157618755299707,0
1572.9999999515712,315.11367536889156,1810.1773757280316,0,-1.6093023897538441,0.28014557999457806,0
1573.9999998710118,313.50424866221147,1810.4568059119629,0,-1.609550811631592,0.27871475101618615,0
1575.0000001047738,311.89457416970981,1810.7348051566514,0,-1.6097979613611333,0.27728370174871231,0
1576.0000000242144,310.28465316357324,1811.0113732424215,0,-1.6100438387471272,0.27585243332322162,0
1576.999999943655,308.67448691639584,1811.2865099506453,0,-1.6102884435952385,0.27442094687095236,0
1577.9999998630956,307.06407670065528,1811.5602150638588,0,-1.6105317757121378,0.27298924352331533,0
1579.0000000968575,305.45342378923669,1811.8324883657624,0,-1.6107738349055016,0.27155732441189245,0
1580.0000000162981,303.84252945519984,1812.1033296411042,0,-1.6110146209840124,0.27012519066843649,0
1580.9999999357387,302.23139497172087,1812.3727386759128,0,-1.6112541337573587,0.26869284342486965,0
1581.9999998551793,300.6200216122088,1812.6407152572065,0,-1.6114923730362358,0.26726028381328287,0
1583.0000000889413,299.00841065018903,1812.9072591731092,0,-1.6117293386323459,0.26582751296593499,0
1584.0000000083819,297.39656335953623,1813.1723702130839,0,-1.611965030358397,0.26439453201525182,0
1584.9999999278225,295.78448101418326,1813.4360481675249,0,-1.6121994480281046,0.26296134209382521,0
1585.9999998472631,294.1721648882376,1813.6982928279904,0,-1.6124325914561903,0.26152794433441218,0
1587.0000000810251,292.5596162560978,1813.9591039872612,0,-1.6126644604583837,0.26009433986993413,0
1588.0000000004657,290.94683639222058,1814.218481439224,0,-1.6128950548514218,0.25866052983347559,0
1588.9999999199063,289.3338265712955,1814.4764249788132,0,-1.6131243744530479,0.25722651535828384,0
1590.0000001536682,287.72058806830319,1814.7329344021273,0,-1.6133524190820143,0.25579229757776745,0
1591.0000000731088,286.10712215816602,1814.9880095065455,0,-1.6135791885580804,0.25435787762549583,0
1591.9999999925494,284.49343011627207,1815.2416500903782,0,-1.6138046827020125,0.25292325663519843,0
1592.99999991199,282.87951321795117,1815.4938559532166,0,-1.6140289013355866,0.25148843574076318,0
1594.000000145752,281.26537273882423,1815.744626895641,0,-1.6142518442815852,0.2500534160762361,0
1595.0000000651926,279.65100995468674,1815.9939627194544,0,-1.6144735113638005,0.24861819877582059,0
1595.9999999846332,278.03642614145065,1816.2418632276822,0,-1.6146939024070321,0.24718278497387602,0
1596.9999999040738,276.4216225752607,1816.4883282242808,0,-1.6149130172370887,0.24574717580491701,0
1598.0000001378357,274.80660053243628,1816.7333575145458,0,-1.6151308556807868,0.24431137240361278,0
1599.0000000572763,273.19136128941318,1816.9769509047619,0,-1.6153474175659532,0.24287537590478603,0
1599.9999999767169,271.57590612286003,1817.2191082023783,0,-1.615562702721423,0.24143918744341186,0
1600.9999998961575,269.96023630962009,1817.4598292160081,0,-1.6157767109770393,0.2400028081546175,0
1602.0000001299195,268.3443531265948,1817.6991137554287,0,-1.6159894421636563,0.23856623917368047,0
1603.0000000493601,266.72825785103487,1817.9369616315234,0,-1.6162008961131364,0.23712948163602876,0
1603.9999999688007,265.111951760191,1818.1733726562234,0,-1.6164110726583518,0.23569253667723911,0
1604.9999998882413,263.49543613160495,1818.4083466427401,0,-1.6166199716331846,0.23425540543303636,0
1606.0000001220033,261.87871224281844,1818.6418834053911,0,-1.6168275928725255,0.23281808903929269,0
1607.0000000414439,260.26178137178067,1818.8739827594836,0,-1.6170339362122763,0.2313805886320266,0
1607.9999999608845,258.64464479644084,1819.1046445216634,0,-1.6172390014893483,0.22994290534740192,0
1608.999999880325,257.02730379492277,1819.3338685096242,0,-1.6174427885416633,0.2285050403217273,0
1610.000000114087,255.40975964546669,1819.5616545421071,0,-1.6176452972081536,0.22706699469145469,0
1611.0000000335276,253.79201362666208,1819.7880024391925,0,-1.617846527328761,0.22562876959317901,0
1611.9999999529682,252.17406701704022,1820.0129120218917,0,-1.6180464787444384,0.22419036616363697,0
1612.9999998724088,250.55592109548161,1820.2363831124385,0,-1.618245151297149,0.22275178553970615,0
1614.0000001061708,248.93757714080857,1820.4584155342891,0,-1.6184425448298672,0.22131302885840431,0
1615.0000000256114,247.31903643219266,1820.679009111831,0,-1.6186386591865782,0.21987409725688833,0
1615.999999945052,245.70030024886364,1820.8981636708486,0,-1.6188334942122782,0.21843499187245324,0
1616.9999998644926,244.08136987028411,1821.1158790380578,0,-1.6190270497529748,0.21699571384253147,0
1618.0000000982545,242.46224657591665,1821.3321550413966,0,-1.6192193256556864,0.21555626430469205,0
1619.0000000176951,240.84293164557312,1821.5469915098511,0,-1.6194103217684426,0.21411664439663936,0
1619.9999999371357,239.22342635900714,1821.7603882737458,0,-1.6196000379402855,0.21267685525621249,0
1620.9999998565763,237.60373199637979,1821.9723451643367,0,-1.619788474021268,0.21123689802138446,0
1622.0000000903383,235.98384983773576,1822.1828620141605,0,-1.619975629862455,0.20979677383026096,0
1623.0000000097789,234.36378116341075,1822.3919386567432,0,-1.6201615053159233,0.20835648382107957,0
1623.9999999292195,232.74352725391509,1822.5995749268914,0,-1.6203461002347612,0.20691602913220919,0
1624.9999998486601,231.12308938987553,1822.8057706604595,0,-1.62052941447307,0.20547541090214855,0
1626.000000082422,229.50246885191882,1823.0105256945826,0,-1.6207114478859632,0.20403463026952595,0
1627.0000000018626,227.88166692107916,1823.2138398672687,0,-1.6208922003295654,0.20259368837309794,0
1627.9999999213032,226.26068487833254,1823.4157130179228,0,-1.6210716716610143,0.20115258635174843,0
1629.0000001550652,224.63952400482958,1823.6161449869978,0,-1.6212498617384612,0.19971132534448799,0
1630.0000000745058,223.01818558195373,1823.8151356159942,0,-1.6214267704210685,0.19826990649045295,0
1630.9999999939464,221.39667089120485,1824.0126847477513,0,-1.6216023975690124,0.19682833092890417,0
1631.999999913387,219.7749812140828,1824.2087922259816,0,-1.6217767430434815,0.19538659979922651,0
1633.000000147149,218.15311783237848,1824.4034578958526,0,-1.6219498067066775,0.19394471424092768,0
1634.0000000665896,216.53108202794101,1824.5966816034052,0,-1.6221215884218154,0.19250267539363752,0
1634.9999999860302,214.90887508285232,1824.7884631959023,0,-1.6222920880531233,0.1910604843971071,0
1635.9999999054708,213.28649827925256,1824.9788025218295,0,-1.6224613054658421,0.18961814239120756,0
1637.0000001392327,211.66395289939828,1825.1676994307199,0,-1.6226292405262273,0.18817565051592955,0
1638.0000000586733,210.04124022572068,1825.3551537733292,0,-1.6227958931015471,0.18673300991138209,0
1638.9999999781139,208.41836154070916,1825.5411654013442,0,-1.6229612630600836,0.18529022171779191,0
1639.9999998975545,206.79531812714413,1825.7257341679069,0,-1.6231253502711325,0.18384728707550213,0
1641.0000001313165,205.17211126780603,1825.9088599270908,0,-1.6232881546050031,0.18240420712497185,0
1642.0000000507571,203.54874224564992,1826.0905425341334,0,-1.6234496759330197,0.18096098300677488,0
1642.9999999701977,201.92521234368905,1826.2707818454364,0,-1.6236099141275191,0.17951761586159898,0
1643.9999998896383,200.30152284511132,1826.4495777185657,0,-1.6237688690618537,0.17807410683024505,0
1645.0000001234002,198.67767503333744,1826.626930012193,0,-1.6239265406103891,0.17663045705362612,0
1646.0000000428408,197.05367019172991,1826.8028385860962,0,-1.6240829286485057,0.17518666767276631,0
1646.9999999622814,195.42950960394228,1826.9773033013334,0,-1.624238033052599,0.17374273982880029,0
1647.999999881722,193.80519455356989,1827.1503240200109,0,-1.6243918537000779,0.172298674662972,0
1649.000000115484,192.18072632449912,1827.3219006052823,0,-1.6245443904693666,0.17085447331663395,0
1650.0000000349246,190.55610620061634,1827.4920329216402,0,-1.6246956432399033,0.16941013693124629,0
1650.9999999543652,188.93133546604076,1827.6607208345085,0,-1.6248456118921426,0.16796566664837609,0
1651.9999998738058,187.3064154048916,1827.82796421065,0,-1.6249942963075528,0.16652106360969599,0
1653.0000001075678,185.68134730152087,1827.9937629178748,0,-1.6251416963686176,0.16507632895698371,0
1654.0000000270084,184.05613244033884,1828.1581168250996,0,-1.6252878119588352,0.16363146383212085,0
1654.999999946449,182.43077210581396,1828.3210258024046,0,-1.6254326429627202,0.16218646937709225,0
1655.9999998658895,180.8052675826475,1828.4824897210929,0,-1.6255761892658012,0.16074134673398488,0
1657.0000000996515,179.17962015554076,1828.6425084535731,0,-1.6257184507546227,0.15929609704498726,0
1658.0000000190921,177.55383110942785,1828.8010818732437,0,-1.6258594273167457,0.1578507214523881,0
1658.9999999385327,175.92790172924288,1828.9582098548417,0,-1.6259991188407452,0.15640522109857546,0
1659.9999998579733,174.30183330015279,1829.1138922742102,0,-1.6261375252162129,0.15495959712603646,0
1661.0000000917353,172.67562710726634,1829.2681290082983,0,-1.6262746463337552,0.15351385067735557,0
1662.0000000111759,171.04928443592507,1829.4209199351608,0,-1.6264104820849961,0.15206798289521417,0
1662.9999999306165,169.42280657158699,1829.5722649340169,0,-1.6265450323625741,0.15062199492238959,0
1663.9999998500571,167.79619479971007,1829.722163885308,0,-1.6266782970601432,0.14917588790175407,0
1665.000000083819,166.16945040604332,1829.8706166705233,0,-1.6268102760723757,0.1477296629762741,0
1666.0000000032596,164.54257467616117,1830.0176231723162,0,-1.6269409692949584,0.14628332128900901,0
1666.9999999227002,162.91556889604544,1830.1631832745625,0,-1.6270703766245942,0.1448368639831108,0
1668.0000001564622,161.2884343516198,1830.3072968621273,0,-1.6271984979590028,0.14339029220182276,0
1669.0000000759028,159.66117232886609,1830.4499638211564,0,-1.6273253331969204,0.14194360708847853,0
1669.9999999953434,158.03378411394078,1830.5911840389017,0,-1.6274508822381,0.14049680978650136,0
1670.999999914784,156.40627099311678,1830.7309574037208,0,-1.6275751449833105,0.13904990143940321,0
1672.000000148546,154.77863425278338,1830.8692838051938,0,-1.627698121334338,0.13760288319078384,0
1673.0000000679865,153.15087517927168,1831.0061631338904,0,-1.627819811193985,0.13615575618432973,0
1673.9999999874271,151.52299505926203,1831.1415952816606,0,-1.6279402144660711,0.13470852156381363,0
1674.9999999068677,149.89499517926015,1831.2755801415187,0,-1.6280593310554325,0.13326118047309299,0
1676.0000001406297,148.2668768260628,1831.4081176075269,0,-1.6281771608679225,0.13181373405610963,0
1677.0000000600703,146.63864128646674,1831.5392075749114,0,-1.6282937038104113,0.13036618345688844,0
1677.9999999795109,145.01028984744335,1831.6688499400625,0,-1.6284089597907858,0.12891852981953678,0
1678.9999998989515,143.3818237959058,1831.7970446005929,0,-1.6285229287179512,0.12747077428824349,0
1680.0000001327135,141.75324441905832,1831.9237914550467,0,-1.6286356105018296,0.12602291800727794,0
1681.0000000521541,140.12455300398869,1832.049090403365,0,-1.6287470050533597,0.12457496212098895,0
1681.9999999715947,138.49575083801756,1832.1729413464782,0,-1.6288571122844979,0.1231269077738042,0
1682.9999998910353,136.86683920852374,1832.2953441864811,0,-1.6289659321082184,0.12167875611022927,0
1684.0000001247972,135.2378194030025,1832.4162988266326,0,-1.6290734644385134,0.12023050827484649,0
1685.0000000442378,133.60869270889089,1832.5358051713556,0,-1.6291797091903915,0.11878216541231434,0
1685.9999999636784,131.97946041380055,1832.6538631261792,0,-1.6292846662798794,0.11733372866736624,0
1686.999999883119,130.350123805576,1832.7704725977965,0,-1.6293883356240217,0.11588519918481011,0
1688.000000116881,128.72068417182891,1832.8856334940065,0,-1.6294907171408812,0.11443657810952668,0
1689.0000000363216,127.09114280057838,1832.9993457238306,0,-1.629591810749538,0.11298786658646964,0
1689.9999999557622,125.46150097966893,1833.1116091973963,0,-1.6296916163700896,0.11153906576066386,0
1690.9999998752028,123.83175999717787,1833.2224238259951,0,-1.6297901339236534,0.11009017677720467,0
1692.0000001089647,122.20192114124075,1833.3317895219661,0,-1.6298873633323625,0.10864120078125739,0
1693.0000000284053,120.57198569993488,1833.4397061989293,0,-1.6299833045193697,0.10719213891805579,0
1693.9999999478459,118.94195496162865,1833.5461737715523,0,-1.6300779574088458,0.10574299233290185,0
1694.9999998672865,117.311830214574,1833.6511921557249,0,-1.6301713219259792,0.10429376217116426,0
1696.0000001010485,115.68161274725571,1833.754761268443,0,-1.6302633979969765,0.10284444957827787,0
1697.0000000204891,114.05130384810036,1833.8568810278084,0,-1.6303541855490642,0.10139505569974261,0
1697.9999999399297,112.42090480565093,1833.9575513531454,0,-1.6304436845104853,0.099945581681122775,0
1698.9999998593703,110.79041690862505,1834.0567721648258,0,-1.6305318948105023,0.098496028668045854,0
1700.0000000931323,109.1598414456239,1834.1545433845022,0,-1.630618816379396,0.097046397806201834,0
1701.0000000125729,107.52917970548151,1834.2508649348747,0,-1.6307044491484657,0.095596690241342319,0
1701.9999999320135,105.89843297697371,1834.3457367398078,0,-1.6307887930500298,0.094146907119279422,0
1702.999999851454,104.26760254899273,1834.4391587243299,0,-1.6308718480174242,0.092697049585884983,0
1704.000000085216,102.63668971060542,1834.5311308145756,0,-1.6309536139850052,0.091247118787089798,0
1705.0000000046566,101.00569575070404,1834.6216529378435,0,-1.6310340908881469,0.089797115868882282,0
1705.9999999240972,99.374621958530042,1834.7107250226545,0,-1.6311132786632419,0.088347041977308249,0
1706.9999998435378,97.743469623150304,1834.7983469985193,0,-1.631191177247703,0.086896898258469135,0
1708.0000000772998,96.112240033748094,1834.8845187962288,0,-1.631267786579961,0.085446685858521998,0
1708.9999999967404,94.480934479739517,1834.9692403477384,0,-1.6313431065994648,0.083996405923677853,0
1709.999999916181,92.849554250366054,1835.0525115859928,0,-1.6314171372466841,0.082546059600201449,0
1711.0000001499429,91.218100635043811,1835.1343324451591,0,-1.6314898784631069,0.081095648034409606,0
1712.0000000693835,89.586574923247099,1835.2147028606851,0,-1.6315613301912404,0.079645172372670991,0
1712.9999999888241,87.954978404508438,1835.2936227689497,0,-1.6316314923746109,0.078194633761404675,0
1713.9999999082647,86.323312368360348,1835.3710921076126,0,-1.6317003649577642,0.07674403334707991,0
1715.0000001420267,84.691578104509972,1835.4471108154394,0,-1.6317679478862648,0.075293372276214354,0
1716.0000000614673,83.05977690248983,1835.5216788323014,0,-1.6318342411066971,0.073842651695373962,0
1716.9999999809079,81.427910052181687,1835.5947960993508,0,-1.6318992445666647,0.072391872751171316,0
1717.9999999003485,79.795978843292687,1835.6664625587291,0,-1.6319629582147905,0.070941036590265516,0
1719.0000001341105,78.163984565704595,1835.7366781538585,0,-1.6320253820007167,0.069490144359360628,0
1720.000000053551,76.531928509299178,1835.8054428291507,0,-1.632086515875105,0.068039197205205237,0
1720.9999999729916,74.8998119639582,1835.8727565303561,0,-1.6321463597896371,0.066588196274591227,0
1721.9999998924322,73.267636219738051,1835.9386192041566,0,-1.6322049136970131,0.065137142714352891,0
1723.0000001261942,71.635402566578705,1836.0030307985726,0,-1.6322621775509545,0.063686037671366269,0
1724.0000000456348,70.003112294652965,1836.0659912627307,0,-1.6323181513062008,0.062234882292548033,0
1724.9999999650754,68.37076669401722,1836.1275005468051,0,-1.6323728349185118,0.060783677724854712,0
1725.999999884516,66.738367054844275,1836.1875586021342,0,-1.6324262283446673,0.059332425115281584,0
1727.000000118278,65.105914667423349,1836.2461653813953,0,-1.6324783315424662,0.057881125610862005,0
1728.0000000377186,63.473410821869038,1836.3033208381385,0,-1.6325291444707273,0.056429780358666304,0
1728.9999999571592,61.840856808586977,1836.3590249272529,0,-1.6325786670892897,0.054978390505801111,0
1729.9999998765998,60.208253917808179,1836.4132776046754,0,-1.6326268993590118,0.053526957199408143,0
1731.0000001103617,58.575603439996485,1836.4660788275069,0,-1.6326738412417721,0.05207548158666353,0
1732.0000000298023,56.942906665441114,1836.5174285541289,0,-1.6327194927004687,0.050623964814776934,0
1732.9999999492429,55.310164884722326,1836.567326743796,0,-1.6327638536990203,0.049172408030990322,0
1733.9999998686835,53.677379388245754,1836.6157733572181,0,-1.6328069242023646,0.047720812382577527,0
1735.0000001024455,52.044551466475241,1836.6627683560364,0,-1.6328487041764606,0.04626917901684291,0
1736.0000000218861,50.411682410049252,1836.7083117030561,0,-1.6328891935882852,0.04481750908112081,0
1736.9999999413267,48.778773509548046,1836.7524033623631,0,-1.6329283924058375,0.043365803722774321,0
1737.9999998607673,47.145826055435464,1836.795043299091,0,-1.6329663005981352,0.041914064089194625,0
1739.0000000945292,45.512841338524595,1836.8362314794795,0,-1.6330029181352173,0.040462291327799993,0
1740.0000000139698,43.879820649395697,1836.8759678711067,0,-1.6330382449881415,0.039010486586034898,0
1740.9999999334104,42.24676527880365,1836.9142524424242,0,-1.6330722811289873,0.037558651011368904,0
1741.999999852851,40.613676517386921,1836.9510851632222,0,-1.6331050265308522,0.036106785751296111,0
1743.000000086613,38.980555656016804,1836.9864660043968,0,-1.6331364811678561,0.034654891953334266,0
1744.0000000060536,37.347403985331766,1837.0203949380084,0,-1.6331666450151374,0.03320297076502321,0
1744.9999999254942,35.714222796261311,1837.052871937165,0,-1.6331955180488558,0.031751023333924766,0
1745.9999998449348,34.08101337950211,1837.0838969763136,0,-1.6332231002461901,0.030299050807621519,0
1747.0000000786968,32.447777026041877,1837.1134700308321,0,-1.633249391585341,0.028847054333715594,0
1747.9999999981374,30.81451502663549,1837.1415910773794,0,-1.6332743920455279,0.027395035059828432,0
1748.999999917578,29.181228672212455,1837.1682600937202,0,-1.6332981016069907,0.02594299413359924,0
1750.0000001513399,27.547919253760483,1837.1934770587832,0,-1.6333205202509904,0.024490932702684431,0
1751.0000000707805,25.914588062034454,1837.2172419526614,0,-1.6333416479598082,0.023038851914756409,0
1751.9999999902211,24.281236388138495,1837.2395547565538,0,-1.633361484716745,0.021586752917503338,0
1752.9999999096617,22.647865522943903,1837.2604154528235,0,-1.6333800305061223,0.020134636858627264,0
1754.0000001434237,21.014476757438388,1837.2798240249394,0,-1.6333972853132814,0.018682504885844109,0
1755.0000000628643,19.381071382667869,1837.2977804576512,0,-1.6334132491245854,0.017230358146882119,0
1755.9999999823049,17.747650689561851,1837.314284736698,0,-1.6334279219274168,0.015778197789481307,0
1756.9999999017455,16.114215969108045,1837.3293368490995,0,-1.6334413037101783,0.014326024961392458,0
1758.0000001355074,14.480768512468785,1837.3429367828649,0,-1.6334533944622935,0.012873840810376347,0
1759.000000054948,12.847309610573575,1837.3550845272839,0,-1.6334641941742061,0.011421646484202297,0
1759.9999999743886,11.213840554468334,1837.3657800728106,0,-1.6334737028373802,0.0099694431306481812,0
1760.9999998938292,9.5803626352571882,1837.3750234109466,0,-1.6334819204443001,0.0085172318974985339,0
1762.0000001275912,7.9468771439278498,1837.3828145343577,0,-1.6334888469884712,0.0070650139325445505,0
1763.0000000470318,6.3133853715844452,1837.3891534369322,0,-1.6334944824644193,0.0056127903835824222,0
1763.9999999664724,4.6798886093311012,1837.3940401136642,0,-1.6334988268676898,0.0041605623984128925,0
1764.999999885913,3.0463881482137367,1837.3974745606538,0,-1.6335018801948487,0.0027083311248402575,0
1766.000000119675,1.4128852793364786,1837.3994567752234,0,-1.6335036424434835,0.0012560977106712556,0
1767.0000000391155,-0.22061870631296188,1837.3999867557432,0,-1.6335041136122006,-0.00019613669628559816,0
1767.9999999585561,-1.8541225175140426,1837.3990645018639,0,-1.6335032937006282,-0.0016483709482210118,0
1768.9999998779967,-3.4876248633372597,1837.3966900142841,0,-1.6335011827094141,-0.0031006038973256933,0
1770.0000001117587,-5.121124452620279,1837.3928632948664,0,-1.6334977806402264,-0.0045528343957915718,0
1771.0000000311993,-6.7546199942589737,1837.3875843466958,0,-1.6334930874957543,-0.0060050612958124638,0
1771.9999999506399,-8.3881101972074248,1837.3808531738468,0,-1.6334871032797074,-0.0074572834495849616,0
1772.9999998700805,-10.021593770477921,1837.3726697817328,0,-1.633479827996815,-0.0089094997093094319,0
1774.0000001038425,-11.65506942284992,1837.3630341768148,0,-1.6334712616528282,-0.010361708927190905,0
1775.0000000232831,-13.288535863393918,1837.3519463666016,0,-1.6334614042545166,-0.011813909955440072,0
1775.9999999427237,-14.921991801063996,1837.339406359999,0,-1.6334502558096715,-0.013266101646273842,0
1776.9999998621643,-16.55543594469782,1837.325414166844,0,-1.6334378163271044,-0.014718282851916897,0
1778.0000000959262,-18.188867003365885,1837.3099697981961,0,-1.6334240858166473,-0.0161704524246018,0
1779.0000000153668,-19.822283685964067,1837.2930732662207,0,-1.6334090642891526,-0.017622609216570551,0
1779.9999999348074,-21.455684701562859,1837.2747245843639,0,-1.6333927517564926,-0.019074752080075141,0
1780.999999854248,-23.089068759174552,1837.2549237671192,0,-1.6333751482315599,-0.020526879867378778,0
1782.00000008801,-24.722434567753226,1837.2336708300281,0,-1.6333562537282691,-0.021978991430756212,0
1783.0000000074506,-26.355780836311169,1837.2109657900291,0,-1.633336068261553,-0.023431085622495407,0
1783.9999999268912,-27.989106273918878,1837.186808664992,0,-1.6333145918473655,-0.024883161294897871,0
1784.9999998463318,-29.622409589705057,1837.1611994740088,0,-1.6332918245026822,-0.026335217300279656,0
1786.0000000800937,-31.255689492623787,1837.1341382373357,0,-1.6332677662454969,-0.027787252490972469,0
1786.9999999995343,-32.88894469186198,1837.1056249763351,0,-1.6332424170948243,-0.029239265719324559,0
1787.9999999189749,-34.522173896548338,1837.0756597135914,0,-1.6332157770707005,-0.030691255837701381,0
1789.0000001527369,-36.155375815753359,1837.0442424727371,0,-1.6331878461941811,-0.032143221698486713,0
1790.0000000721775,-37.788549158663955,1837.0113732786267,0,-1.6331586244873413,-0.033595162154083424,0
1790.9999999916181,-39.421692634467036,1836.9770521572791,0,-1.6331281119732777,-0.035047076056914706,0
1791.9999999110587,-41.054804952349514,1836.9412791357609,0,-1.6330963086761063,-0.036498962259424506,0
1793.0000001448207,-42.687884821556509,1836.9040542423609,0,-1.6330632146209643,-0.037950819614078757,0
1794.0000000642613,-44.320930951333139,1836.8653775065322,0,-1.6330288298340074,-0.03940264697336604,0
1794.9999999837019,-45.953942050982732,1836.825248958834,0,-1.6329931543424134,-0.040854443189798917,0
1795.9999999031425,-47.586916829808615,1836.7836686309311,0,-1.6329561881743788,-0.042306207115914263,0
1797.0000001369044,-49.219853997114114,1836.7406365557108,0,-1.6329179313591209,-0.043757937604274821,0
1798.000000056345,-50.852752262318972,1836.6961527672247,0,-1.6328783839268763,-0.045209633507469427,0
1798.9999999757856,-52.485610334784724,1836.6502173006302,0,-1.6328375459089031,-0.046661293678114446,0
1799.9999998952262,-54.118426923931111,1836.6028301921906,0,-1.6327954173374781,-0.048112916968854558,0
1801.0000001289882,-55.751200739294291,1836.5539914793917,0,-1.6327519982458996,-0.049564502232363306,0
1802.0000000484288,-57.383930490294006,1836.503701200767,0,-1.6327072886684839,-0.051016048321344432,0
1802.9999999678694,-59.016614886466414,1836.4519593961886,0,-1.6326612886405689,-0.052467554088532764,0
1803.99999988731,-60.64925263740588,1836.398766106402,0,-1.6326139981985117,-0.053919018386694884,0
1805.0000001210719,-62.281842452706769,1836.3441213736078,0,-1.6325654173796891,-0.055370440068630122,0
1806.0000000405125,-63.914383042079862,1836.2880252408795,0,-1.6325155462224983,-0.056821817987171563,0
1806.9999999599531,-65.546873115061317,1836.2304777525715,0,-1.6324643847663567,-0.058273150995186818,0
1807.9999998793937,-67.179311381478328,1836.1714789542602,0,-1.6324119330517006,-0.059724437945579023,0
1809.0000001131557,-68.811696551099885,1836.1110288924538,0,-1.6323581911199867,-0.061175677691287844,0
1810.0000000325963,-70.444027333694976,1836.0491276149987,0,-1.6323031590136909,-0.062626869085289916,0
1810.9999999520369,-72.076302439090796,1835.9857751707896,0,-1.6322468367763101,-0.064078010980600508,0
1811.9999998714775,-73.708520577230956,1835.9209716098849,0,-1.6321892244523588,-0.06552910223027375,0
1813.0000001052395,-75.340680458000861,1835.8547169835656,0,-1.6321303220873731,-0.066980141687403738,0
1814.00000002468,-76.972780791402329,1835.7870113441604,0,-1.6320701297279077,-0.068431128205125757,0
1814.9999999441206,-78.604820287437178,1835.7178547451622,0,-1.6320086474215367,-0.069882060636616838,0
1815.9999998635612,-80.236797656281851,1835.6472472412861,0,-1.6319458752168545,-0.071332937835096644,0
1817.0000000973232,-81.868711607938167,1835.5751888882951,0,-1.6318818131634749,-0.072783758653828468,0
1818.0000000167638,-83.500560852640774,1835.5016797431745,0,-1.6318164613120307,-0.074234521946120458,0
1818.9999999362044,-85.132344100624323,1835.4267198639573,0,-1.6317498197141747,-0.075685226565326058,0
1819.999999855645,-86.76406006218167,1835.3503093099571,0,-1.6316818884225783,-0.077135871364844899,0
1821.000000089407,-88.395707447605673,1835.2724481415935,0,-1.6316126674909324,-0.078586455198124239,0
1822.0000000088476,-90.027284967305604,1835.1931364202756,0,-1.6315421569739481,-0.080036976918659186,0
1822.9999999282882,-91.658791331690736,1835.1123742088093,0,-1.6314703569273545,-0.081487435379994144,0
1823.9999998477288,-93.290225251344964,1835.0301615709905,0,-1.6313972674079014,-0.082937829435723587,0
1825.0000000814907,-94.921585436735768,1834.9464985717786,0,-1.6313228884733566,-0.084388157939492725,0
1826.0000000009313,-96.552870598505251,1834.861385277356,0,-1.6312472201825068,-0.085838419744998506,0
1826.9999999203719,-98.184079447353724,1834.7748217548942,0,-1.6311702625951585,-0.087288613705990836,0
1828.0000001541339,-99.815210693923291,1834.6868080729619,0,-1.6310920157721371,-0.088738738676273132,0
1829.0000000735745,-101.44626304914709,1834.5973443009425,0,-1.631012479775287,-0.090188793509703324,0
1829.9999999930151,-103.07723522378365,1834.5064305096748,0,-1.6309316546674715,-0.091638777060194743,0
1830.9999999124557,-104.7081259288243,1834.4140667709871,0,-1.6308495405125727,-0.093088688181717227,0
1832.0000001462176,-106.33893387514399,1834.3202531578136,0,-1.630766137375492,-0.094538525728297462,0
1833.0000000656582,-107.96965777390869,1834.2249897444271,0,-1.6306814453221483,-0.095988288554020862,0
1833.9999999850988,-109.60029633616796,1834.1282766060322,0,-1.6305954644194802,-0.097437975513031572,0
1834.9999999045394,-111.23084827314597,1834.0301138190553,0,-1.6305081947354454,-0.098887585459533467,0
1836.0000001383014,-112.8613122960669,1833.9305014611455,0,-1.6304196363390191,-0.10033711724779193,0
1837.000000057742,-114.49168711627135,1833.8294396109995,0,-1.6303297893001951,-0.1017865697321334,0
1837.9999999771826,-116.12197144515812,1833.7269283484784,0,-1.6302386536899871,-0.1032359417669475,0
1838.9999998966232,-117.75216399418423,1833.6229677546653,0,-1.6301462295804265,-0.10468523220668724,0
1840.0000001303852,-119.38226347486489,1833.5175579116913,0,-1.6300525170445628,-0.10613443990587013,0
1841.0000000498258,-121.01226859883172,1833.4106989027932,0,-1.6299575161564634,-0.10758356371907918,0
1841.9999999692664,-122.64217807771638,1833.3023908125469,0,-1.6298612269912158,-0.10903260250096347,0
1842.999999888707,-124.27199062338332,1833.1926337265177,0,-1.6297636496249233,-0.11048155510623958,0
1844.0000001224689,-125.90170494758058,1833.081427731493,0,-1.6296647841347092,-0.11193042038969214,0
1845.0000000419095,-127.53131976228906,1832.9687729152502,0,-1.6295646305987137,-0.1133791972061744,0
1845.9999999613501,-129.16083377948962,1832.854669366905,0,-1.6294631890960962,-0.1148278844106102,0
1846.9999998807907,-130.79024571122136,1832.7391171766794,0,-1.6293604597070335,-0.11627648085799358,0
1848.0000001145527,-132.41955426963978,1832.6221164358431,0,-1.6292564425127198,-0.11772498540339082,0
1849.0000000339933,-134.04875816695858,1832.5036672368878,0,-1.6291511375953682,-0.1191733969019404,0
1849.9999999534339,-135.67785611562431,1832.3837696734117,0,-1.6290445450382089,-0.1206217142088547,0
1850.9999998728745,-137.30684682785068,1832.262423840235,0,-1.6289366649254904,-0.12206993617942019,0
1852.0000001066364,-138.93572901631705,1832.1396298332256,0,-1.6288274973424777,-0.12351806166899915,0
1853.000000026077,-140.56450139341177,1832.015387749474,0,-1.628717042375454,-0.12496608953302968,0
1853.9999999455176,-142.19316267193062,1831.8896976871183,0,-1.6286053001117207,-0.12641401862702728,0
1854.9999998649582,-143.82171156461118,1831.762559745519,0,-1.6284922706395955,-0.12786184780658549,0
1856.0000000987202,-145.45014678419102,1831.6339740251424,0,-1.6283779540484142,-0.1293095759273768,0
1857.0000000181608,-147.07846704369877,1831.5039406277356,0,-1.6282623504285303,-0.13075720184515338,0
1857.9999999376014,-148.70667105604662,1831.3724596559186,0,-1.628145459871313,-0.1322047244157486,0
1858.999999857042,-150.33475753449602,1831.2395312137087,0,-1.6280272824691506,-0.13365214249507718,0
1860.000000090804,-151.9627251920756,1831.1051554061705,0,-1.6279078183154467,-0.13509945493913644,0
1861.0000000102445,-153.59057274222141,1830.9693323394167,0,-1.6277870675046233,-0.13654666060400744,0
1861.9999999296851,-155.21829889825312,1830.8320621208986,0,-1.6276650301321185,-0.13799375834585526,0
1862.9999998491257,-156.84590237366501,1830.6933448591153,0,-1.6275417062943878,-0.13944074702093068,0
1864.0000000828877,-158.47338188206777,1830.5531806636136,0,-1.6274170960889029,-0.14088762548557032,0
1865.0000000023283,-160.10073613707209,1830.4115696452209,0,-1.6272911996141535,-0.14233439259619829,0
1865.9999999217689,-161.7279638525215,1830.2685119159287,0,-1.6271640169696437,-0.14378104720932627,0
1867.0000001555309,-163.35506374231772,1830.1240075887181,0,-1.627035548255896,-0.14522758818155512,0
1868.0000000749715,-164.98203452042071,1829.9780567777925,0,-1.6269057935744489,-0.14667401436957572,0
1868.9999999944121,-166.6088749008486,1829.830659598636,0,-1.6267747530278567,-0.14812032463016911,0
1869.9999999138527,-168.23558359785238,1829.6818161676056,0,-1.6266424267196913,-0.14956651782020858,0
1871.0000001476146,-169.86215932574123,1829.5315266023972,0,-1.6265088147545399,-0.15101259279665946,0
1872.0000000670552,-171.48860079888254,1829.3797910217545,0,-1.6263739172380056,-0.15245854841658069,0
1872.9999999864958,-173.11490673176013,1829.2266095457016,0,-1.626237734276708,-0.15390438353712566,0
1873.9999999059364,-174.74107583897421,1829.0719822952524,0,-1.6261002659782833,-0.15535009701554292,0
1875.0000001396984,-176.36710683529964,1828.9159093925846,0,-1.625961512451382,-0.15679568770917696,0
1876.000000059139,-177.99299843551125,1828.7583909611567,0,-1.625821473805672,-0.15824115447546971,0
1876.9999999785796,-179.61874935455853,1828.5994271253585,0,-1.6256801501518363,-0.15968649617196073,0
1877.9999998980202,-181.24435830750735,1828.4390180108603,0,-1.6255375416015734,-0.16113171165628859,0
1879.0000001317821,-182.86982400948182,1828.2771637444966,0,-1.6253936482675979,-0.16257679978619144,0
1880.0000000512227,-184.49514517583884,1828.1138644541497,0,-1.6252484702636389,-0.16402175941950836,0
1880.9999999706633,-186.12032052181894,1827.949120268866,0,-1.6251020077044416,-0.1654665894141798,0
1881.9999998901039,-187.74534876307007,1827.7829313189141,0,-1.6249542607057661,-0.16691128862824878,0
1883.0000001238659,-189.37022861512378,1827.6152977355523,0,-1.6248052293843884,-0.16835585591986157,0
1884.0000000433065,-190.99495879380265,1827.4462196513778,0,-1.6246549138580986,-0.16980029014726872,0
1884.9999999627471,-192.61953801481286,1827.2756972000352,0,-1.6245033142457024,-0.17124459016882587,0
1885.9999998821877,-194.24396499426803,1827.103730516159,0,-1.62435043066702,-0.17268875484299517,0
1887.0000001159497,-195.86823844822356,1826.9303197358386,0,-1.6241962632428877,-0.17413278302834523,0
1888.0000000353903,-197.49235709285131,1826.7554649959784,0,-1.6240408120951546,-0.17557667358355267,0
1888.9999999548309,-199.11631964455592,1826.5791664349381,0,-1.6238840773466858,-0.17702042536740303,0
1889.9999998742715,-200.74012481974205,1826.4014241918921,0,-1.6237260591213603,-0.17846403723879156,0
1891.0000001080334,-202.363771334989,1826.2222384074703,0,-1.6235667575440718,-0.17990750805672395,0
1892.000000027474,-203.98725790705066,1826.0416092231753,0,-1.6234061727407278,-0.18135083668031726,0
1892.9999999469146,-205.61058325279737,1825.8595367818489,0,-1.623244304838251,-0.18279402196880135,0
1893.9999998663552,-207.23374608909944,1825.6760212274385,0,-1.6230811539645773,-0.18423706278151886,0
1895.0000001001172,-208.85674513311824,1825.491062704823,0,-1.6229167202486572,-0.18567995797792691,0
1896.0000000195578,-210.47957910201512,1825.3046613603947,0,-1.6227510038204553,-0.18712270641759787,0
1896.9999999389984,-212.10224671324249,1825.1168173413025,0,-1.6225840048109492,-0.18856530696021978,0
1897.999999858439,-213.72474668413633,1824.9275307961507,0,-1.6224157233521308,-0.19000775846559759,0
1899.0000000922009,-215.34707773249829,1824.7368018744164,0,-1.6222461595770052,-0.19145005979365437,0
1900.0000000116415,-216.96923857589718,1824.544630726974,0,-1.622075313619592,-0.19289220980443145,0
1900.9999999310821,-218.59122793236747,1824.351017505629,0,-1.6219031856149235,-0.19433420735809015,0
1901.9999998505227,-220.21304451982724,1824.1559623634676,0,-1.6217297756990445,-0.19577605131491205,0
1903.0000000842847,-221.83468705648556,1823.9594654546236,0,-1.6215550840090147,-0.19721774053530017,0
1904.0000000037253,-223.45615426066797,1823.7615269343369,0,-1.6213791106829052,-0.19865927387977989,0
1904.9999999231659,-225.07744485069998,1823.5621469591861,0,-1.6212018558598014,-0.2001006502089997,0
1906.0000001569279,-226.69855754525634,1823.3613256866811,0,-1.6210233196798007,-0.20154186838373234,0
1907.0000000763685,-228.31949106301181,1823.159063275496,0,-1.620843502284014,-0.20298292726487543,0
1907.999999995809,-229.94024412281578,1822.9553598855855,0,-1.6206624038145636,-0.20442382571345241,0
1908.9999999152496,-231.56081544363406,1822.7502156779519,0,-1.6204800244145863,-0.20586456259061381,0
1910.0000001490116,-233.18120374472346,1822.5436308146454,0,-1.6202963642282291,-0.20730513675763751,0
1911.0000000684522,-234.80140774522442,1822.3356054590549,0,-1.6201114234006528,-0.20874554707593029,0
1911.9999999878928,-236.42142616468482,1822.1261397755006,0,-1.6199252020780299,-0.21018579240702828,0
1912.9999999073334,-238.04125772259431,1821.9152339295833,0,-1.6197377004075455,-0.21162587161259805,0
1914.0000001410954,-239.66090113873361,1821.7028880880098,0,-1.6195489185373952,-0.21306578355443728,0
1915.000000060536,-241.28035513299983,1821.4891024186509,0,-1.6193588566167885,-0.21450552709447634,0
1915.9999999799766,-242.89961842534831,1821.273877090367,0,-1.6191675147959448,-0.21594510109477827,0
1916.9999998994172,-244.51868973602541,1821.0572122733574,0,-1.6189748932260957,-0.21738450441754009,0
1918.0000001331791,-246.1375677852775,1820.8391081388108,0,-1.6187809920594849,-0.21882373592509408,0
1919.0000000526197,-247.75625129364198,1820.6195648591383,0,-1.618585811449367,-0.22026279447990782,0
1919.9999999720603,-249.37473898171447,1820.398582607857,0,-1.6183893515500078,-0.22170167894458614,0
1920.9999998915009,-250.99302957038162,1820.1761615596479,0,-1.6181916125166838,-0.22314038818187099,0
1922.0000001252629,-252.61112178047188,1819.9523018902983,0,-1.6179925945056832,-0.22457892105464317,0
1923.0000000447035,-254.22901433310471,1819.7270037767012,0,-1.6177922976743049,-0.22601727642592273,0
1923.9999999641441,-255.84670594957424,1819.500267396972,0,-1.6175907221808581,-0.22745545315886995,0
1924.9999998835847,-257.46419535129098,1819.2720929303323,0,-1.617387868184663,-0.22889345011678619,0
1926.0000001173466,-259.08148125984007,1819.042480557051,0,-1.6171837358460508,-0.23033126616311528,0
1927.0000000367872,-260.69856239692308,1818.8114304586779,0,-1.6169783253263621,-0.23176890016144391,0
1927.9999999562278,-262.31543748447439,1818.5789428178105,0,-1.6167716367879481,-0.23320635097550224,0
1928.9999998756684,-263.9321052445448,1818.345017818152,0,-1.6165636703941704,-0.23464361746916584,0
1930.0000001094304,-265.54856439935975,1818.1096556446864,0,-1.6163544263094003,-0.23608069850645552,0
1931.000000028871,-267.16481367131928,1817.8728564833291,0,-1.6161439046990189,-0.23751759295153885,0
1931.9999999483116,-268.78085178299807,1817.634620521334,0,-1.6159321057294174,-0.23895429966873083,0
1932.9999998677522,-270.396677457029,1817.3949479469447,0,-1.615719029567996,-0.2403908175224948,0
1934.0000001015142,-272.0122894164524,1817.1538389496272,0,-1.6155046763831646,-0.24182714537744354,0
1935.0000000209548,-273.6276863841922,1816.9112937198952,0,-1.6152890463443437,-0.24326328209833992,0
1935.9999999403954,-275.24286708357977,1816.6673124495428,0,-1.6150721396219607,-0.24469922655009768,0
1936.999999859836,-276.85783023794647,1816.4218953312957,0,-1.6148539563874535,-0.24613497759778269,0
1938.0000000935979,-278.47257457091473,1816.1750425591599,0,-1.6146344968132689,-0.24757053410661378,0
1939.0000000130385,-280.08709880616516,1815.9267543283058,0,-1.6144137610728613,-0.24900589494196346,0
1939.9999999324791,-281.70140166772762,1815.6770308348932,0,-1.6141917493406954,-0.25044105896935875,0
1940.9999998519197,-283.31548187957378,1815.4258722763625,0,-1.6139684617922434,-0.25187602505448248,0
1942.0000000856817,-284.92933816608274,1815.1732788511436,0,-1.6137438986039863,-0.25331079206317364,0
1943.0000000051223,-286.54296925163362,1814.9192507589469,0,-1.6135180599534129,-0.25474535886142879,0
1943.9999999245629,-288.15637386089657,1814.6637882005307,0,-1.6132909460190208,-0.25617972431540259,0
1944.9999998440035,-289.76955071865814,1814.4068913778174,0,-1.6130625569803145,-0.25761388729140899,0
1946.0000000777654,-291.38249854987953,1814.1485604938352,0,-1.6128328930178071,-0.25904784665592184,0
1946.999999997206,-292.99521607975475,1813.8887957527768,0,-1.6126019543130192,-0.26048160127557607,0
1947.9999999166466,-294.60770203365246,1813.6275973598822,0,-1.612369741048479,-0.26191515001716825,0
1949.0000001504086,-296.2199551370577,1813.3649655217305,0,-1.6121362534077217,-0.26334849174765773,0
1950.0000000698492,-297.83197411574656,1813.1009004457737,0,-1.6119014915752909,-0.26478162533416771,0
1950.9999999892898,-299.44375769555336,1812.8354023408028,0,-1.6116654557367354,-0.26621454964398528,0
1951.9999999087304,-301.05530460260343,1812.5684714166564,0,-1.6114281460786126,-0.26764726354456359,0
1953.0000001424924,-302.66661356313853,1812.3001078842208,0,-1.611189562788486,-0.26907976590352178,0
1954.000000061933,-304.27768330369145,1812.0303119557211,0,-1.6109497060549252,-0.27051205558864655,0
1954.9999999813735,-305.88851255085319,1811.7590838443139,0,-1.6107085760675071,-0.27194413146789198,0
1955.9999999008141,-307.4991000315058,1811.486423764436,0,-1.6104661730168146,-0.27337599240938171,0
1957.0000001345761,-309.10944447258953,1811.2123319315142,0,-1.6102224970944379,-0.27480763728140922,0
1958.0000000540167,-310.71954460145207,1810.9368085622555,0,-1.6099775484929713,-0.27623906495243855,0
1958.9999999734573,-312.32939914544113,1810.6598538744147,0,-1.6097313274060163,-0.27767027429110547,0
1959.9999998928979,-313.93900683213724,1810.3814680868527,0,-1.6094838340281801,-0.27910126416621839,0
1961.0000001266599,-315.54836638947017,1810.1016514195944,0,-1.6092350685550747,-0.28053203344675937,0
1962.0000000461005,-317.15747654531151,1809.820404093829,0,-1.6089850311833187,-0.2819625810018842,0
1962.9999999655411,-318.76633602794027,1809.5377263319097,0,-1.6087337221105342,-0.28339290570092468,0
1963.9999998849817,-320.37494356569368,1809.253618357121,0,-1.6084811415353504,-0.28482300641338831,0
1965.0000001187436,-321.98329788720002,1808.9680803940864,0,-1.6082272896574004,-0.28625288200895938,0
1966.0000000381842,-323.59139772132039,1808.6811126685352,0,-1.6079721666773221,-0.28768253135750077,0
1966.9999999576248,-325.19924179691589,1808.3927154071862,0,-1.6077157727967586,-0.28911195332905371,0
1967.9999998770654,-326.80682884331327,1808.1028888380388,0,-1.607458108218357,-0.29054114679383936,0
1969.0000001108274,-328.41415758989751,1807.8116331901401,0,-1.6071991731457687,-0.2919701106222593,0
1970.000000030268,-330.02122676617,1807.5189486937015,0,-1.6069389677836496,-0.29339884368489666,0
1970.9999999497086,-331.62803510209778,1807.2248355800402,0,-1.6066774923376592,-0.29482734485251705,0
1971.9999998691492,-333.23458132758969,1806.9292940816958,0,-1.6064147470144614,-0.29625561299606928,0
1973.0000001029111,-334.84086417290382,1806.6323244321393,0,-1.6061507320217228,-0.29768364698668648,0
1974.0000000223517,-336.44688236847287,1806.3339268661221,0,-1.605885447568115,-0.29911144569568671,0
1974.9999999417923,-338.05263464496238,1806.0341016195598,0,-1.6056188938633118,-0.300539007994574,0
1975.9999998612329,-339.65811973315431,1805.7328489292995,0,-1.6053510711179899,-0.30196633275503926,0
1977.0000000949949,-341.26333636423806,1805.4301690335851,0,-1.6050819795438305,-0.30339341884896109,0
1978.0000000144355,-342.86828326940304,1805.1260621715337,0,-1.6048116193535167,-0.30482026514840677,0
1978.9999999338761,-344.47295918012969,1804.8205285836011,0,-1.6045399907607338,-0.30624687052563326,0
1979.9999998533167,-346.07736282818951,1804.5135685111745,0,-1.6042670939801704,-0.30767323385308776,0
1981.0000000870787,-347.68149294547038,1804.2051821969217,0,-1.603992929227517,-0.30909935400340871,0
1982.0000000065193,-349.28534826403484,1803.8953698846162,0,-1.603717496719467,-0.31052522984942676,0
1982.9999999259599,-350.88892751635285,1803.5841318190796,0,-1.603440796673715,-0.31195086026416596,0
1983.9999998454005,-352.49222943495261,1803.2714682462392,0,-1.6031628293089577,-0.31337624412084408,0
1985.0000000791624,-354.09525275259512,1802.9573794133612,0,-1.6028835948448936,-0.31480138029287386,0
1985.999999998603,-355.69799620233243,1802.641865568643,0,-1.6026030935022224,-0.31622626765386364,0
1986.9999999180436,-357.30045851739123,1802.324926961388,0,-1.6023213255026456,-0.31765090507761862,0
1988.0000001518056,-358.90263843123103,1802.0065638421802,0,-1.6020382910688651,-0.31907529143814128,0
1989.0000000712462,-360.50453467748594,1801.6867764625931,0,-1.6017539904245839,-0.32049942560963285,0
1989.9999999906868,-362.10614599008113,1801.3655650753644,0,-1.6014684237945063,-0.3219233064664937,0
1990.9999999101274,-363.70747110317461,1801.0429299344542,0,-1.601181591404337,-0.3233469328833245,0
1992.0000001438893,-365.30850875104079,1800.7188712948118,0,-1.600893493480781,-0.32477030373492699,0
1993.0000000633299,-366.90925766836153,1800.3933894125512,0,-1.6006041302515439,-0.32619341789630474,0
1993.9999999827705,-368.50971658987692,1800.0664845449501,0,-1.6003135019453307,-0.32761627424266448,0
1994.9999999022111,-370.10988425061805,1799.7381569503923,0,-1.6000216087918473,-0.32903887164941659,0
1996.0000001359731,-371.70975938590709,1799.4084068883094,0,-1.5997284510217979,-0.33046120899217613,0
1997.0000000554137,-373.3093407311826,1799.0772346194717,0,-1.5994340288668869,-0.33188328514676357,0
1997.9999999748543,-374.90862702223239,1798.7446404054645,0,-1.5991383425598187,-0.33330509898920602,0
1998.9999998942949,-376.50761699501891,1798.4106245092698,0,-1.5988413923342957,-0.33472664939573782,0
2000.0000001280569,-378.1063093856792,1798.0751871948596,0,-1.5985431784250204,-0.33614793524280129,0
2001.0000000474975,-379.70470293069957,1797.7383287273697,0,-1.5982437010676931,-0.33756895540704834,0
2001.999999966938,-381.30279636674095,1797.4000493729836,0,-1.5979429604990132,-0.33898970876534085,0
2002.9999998863786,-382.9005884306971,1797.0603493991075,0,-1.5976409569566785,-0.34041019419475071,0
2004.0000001201406,-384.49807785975281,1796.7192290743114,0,-1.597337690679385,-0.34183041057256258,0
2005.0000000395812,-386.09526339126751,1796.3766886680387,0,-1.5970331619068268,-0.34325035677627347,0
2005.9999999590218,-387.69214376283344,1796.0327284511877,0,-1.5967273708796952,-0.34467003168359367,0
2006.9999998784624,-389.28871771233389,1795.6873486954719,0,-1.5964203178396805,-0.3460894341724482,0
2008.0000001122244,-390.88498397788499,1795.3405496740015,0,-1.5961120030294693,-0.34750856312097711,0
2009.000000031665,-392.48094129789388,1794.9923316608183,0,-1.5958024266927455,-0.34892741740753708,0
2009.9999999511056,-394.07658841088414,1794.6426949311281,0,-1.5954915890741908,-0.35034599591070126,0
2010.9999998705462,-395.67192405567039,1794.2916397613008,0,-1.5951794904194829,-0.35176429750926164,0
2012.0000001043081,-397.26694697141647,1793.9391664287541,0,-1.5948661309752969,-0.35318232108222791,0
2013.0000000237487,-398.86165589746088,1793.5852752121864,0,-1.5945515109893045,-0.35460006550883039,0
2013.9999999431893,-400.4560495733167,1793.229966391169,0,-1.594235630710173,-0.35601752966852007,0
2014.9999998626299,-402.0501267388463,1792.8732402466121,0,-1.5939184903875667,-0.35743471244096892,0
2016.0000000963919,-403.64388613414485,1792.5150970604736,0,-1.5936000902721448,-0.35885161270607158,0
2017.0000000158325,-405.23732649954036,1792.1555371157592,0,-1.5932804306155626,-0.36026822934394587,0
2017.9999999352731,-406.83044657565188,1791.7945606966969,0,-1.5929595116704713,-0.36168456123493409,0
2018.9999998547137,-408.42324510321487,1791.4321680885623,0,-1.5926373336905171,-0.36310060725960314,0
2020.0000000884756,-410.01572082343046,1791.0683595778537,0,-1.5923138969303408,-0.36451636629874618,0
2021.0000000079162,-411.60787247755798,1790.7031354520004,0,-1.5919892016455792,-0.36593183723338329,0
2021.9999999273568,-413.19969880726421,1790.3364959997707,0,-1.5916632480928632,-0.36734701894476163,0
2022.9999998467974,-414.79119855444878,1789.9684415109223,0,-1.5913360365298179,-0.36876191031435801,0
2024.0000000805594,-416.38237046106951,1789.5989722763188,0,-1.591007567215063,-0.37017651022387765,0
2025,-417.9732132696663,1789.2280885879882,0,-1.5906778404082127,-0.3715908175552568,0
2025.9999999194406,-419.56372572283726,1788.8557907390641,0,-1.5903468563698748,-0.37300483119066274,0
2027.0000001532026,-421.15390656341333,1788.4820790238446,0,-1.5900146153616506,-0.37441855001249502,0
2028.0000000726432,-422.7437545346329,1788.1069537376752,0,-1.5896811176461345,-0.37583197290338577,0
2028.9999999920838,-424.33326837990899,1787.7304151770659,0,-1.5893463634869149,-0.37724509874620138,0
2029.9999999115244,-425.92244684288744,1787.3524636395741,0,-1.5890103531485733,-0.37865792642404328,0
2031.0000001452863,-427.51128866756335,1786.9730994239799,0,-1.5886730868966839,-0.38007045482024815,0
2032.0000000647269,-429.09979259816464,1786.5923228301108,0,-1.5883345649978131,-0.38148268281838893,0
2032.9999999841675,-430.68795737909386,1786.2101341588423,0,-1.58799478771952,-0.38289460930227681,0
2033.9999999036081,-432.27578175521921,1785.8265337123885,0,-1.5876537553303556,-0.38430623315596091,0
2035.0000001373701,-433.86326447146712,1785.4415217937785,0,-1.5873114680998639,-0.38571755326372903,0
2036.0000000568107,-435.45040427322965,1785.0550987074384,0,-1.5869679262985799,-0.38712856851010979,0
2036.9999999762513,-437.0371999060153,1784.6672647587839,0,-1.5866231301980303,-0.38853927777987241,0
2037.9999998956919,-438.6236501156236,1784.2780202542781,0,-1.5862770800707329,-0.38994967995802809,0
2039.0000001294538,-440.20975364820333,1783.8873655016068,0,-1.5859297761901974,-0.39135977392983068,0
2040.0000000488944,-441.7955092501943,1783.4953008095035,0,-1.5855812188309235,-0.39276955858077711,0
2040.999999968335,-443.38091566815274,1783.101826487924,0,-1.5852314082684025,-0.39417903279660982,0
2041.9999998877756,-444.96597164904233,1782.7069428477553,0,-1.584880344779116,-0.39558819546331614,0
2043.0000001215376,-446.55067594017601,1782.3106502012233,0,-1.5845280286405352,-0.39699704546712899,0
2044.0000000409782,-448.1350272888667,1781.9129488614271,0,-1.5841744601311221,-0.39840558169452978,0
2044.9999999604188,-449.71902444306761,1781.5138391427463,0,-1.5838196395303279,-0.39981380303224656,0
2045.9999998798594,-451.30266615067376,1781.1133213606663,0,-1.5834635671185944,-0.4012217083672569,0
2047.0000001136214,-452.88595116010401,1780.7113958317204,0,-1.5831062431773526,-0.40262929658678825,0
2048.000000033062,-454.46887821995188,1780.3080628736061,0,-1.5827476679890213,-0.40403656657831855,0
2048.9999999525025,-456.05144607910188,1779.9033228050102,0,-1.5823878418370094,-0.40544351722957728,0
2049.9999998719431,-457.6336534867296,1779.4971759459586,0,-1.5820267650057152,-0.40685014742854597,0
2051.0000001057051,-459.21549919230165,1779.08962261735,0,-1.5816644377805238,-0.40825645606345984,0
2052.0000000251457,-460.79698194557568,1778.6806631413638,0,-1.5813008604478096,-0.40966244202280822,0
2052.9999999445863,-462.37810049660038,1778.2702978412271,0,-1.5809360332949354,-0.41106810419533546,0
2053.9999998640269,-463.95885359565727,1777.8585270412732,0,-1.5805699566102509,-0.41247344147004184,0
2055.0000000977889,-465.53923999337712,1777.4453510669991,0,-1.5802026306830941,-0.41387845273618429,0
2056.0000000172295,-467.11925844073994,1777.0307702448335,0,-1.57983405580379,-0.415283136883277,0
2056.9999999366701,-468.69890768878395,1776.614784902602,0,-1.5794642322636505,-0.41668749280109407,0
2057.9999998561107,-470.27818648912944,1776.1973953690613,0,-1.5790931603549754,-0.4180915193796676,0
2059.0000000898726,-471.85709359345492,1775.7786019740161,0,-1.5787208403710502,-0.41949521550929048,0
2060.0000000093132,-473.43562775396276,1775.3584050485515,0,-1.5783472726061474,-0.42089858008051717,0
2060.9999999287538,-475.01378772285534,1774.9368049247423,0,-1.5779724573555252,-0.42230161198416361,0
2061.9999998481944,-476.5915722529171,1774.5138019358274,0,-1.5775963949154281,-0.42370431011130871,0
2063.0000000819564,-478.16898009704892,1774.0893964161514,0,-1.5772190855830868,-0.42510667335329588,0
2064.000000001397,-479.7460100085591,1773.6635887011071,0,-1.5768405296567165,-0.42650870060173252,0
2064.9999999208376,-481.32266074093059,1773.2363791273092,0,-1.5764607274355187,-0.42791039074849146,0
2066.0000001545995,-482.89893104811199,1772.8077680323622,0,-1.5760796792196787,-0.42931174268571293,0
2067.0000000740401,-484.47481968416832,1772.3777557550347,0,-1.575697385310368,-0.43071275530580322,0
2067.9999999934807,-486.05032540357206,1771.9463426352013,0,-1.5753138460097418,-0.432113427501438,0
2068.9999999129213,-487.62544696114492,1771.5135290139006,0,-1.5749290616209402,-0.43351375816556093,0
2070.0000001466833,-489.20018311188323,1771.0793152331025,0,-1.5745430324480869,-0.43491374619138634,0
2071.0000000661239,-490.77453261119081,1770.6437016360578,0,-1.5741557587962889,-0.43631339047239903,0
2071.9999999855645,-492.34849421476247,1770.2066885671229,0,-1.5737672409716379,-0.43771268990235601,0
2072.9999999050051,-493.92206667852588,1769.7682763715857,0,-1.5733774792812092,-0.43911164337528574,0
2074.0000001387671,-495.49524875881616,1769.3284653960727,0,-1.5729864740330597,-0.44051024978549147,0
2075.0000000582077,-497.06803921220126,1768.8872559880838,0,-1.5725942255362306,-0.44190850802754955,0
2075.9999999776483,-498.64043679554015,1768.4446484963992,0,-1.5722007341007451,-0.44330641699631257,0
2076.9999998970889,-500.2124402661575,1768.0006432709051,0,-1.5718060000376084,-0.44470397558690844,0
2078.0000001308508,-501.78404838155257,1767.5552406624192,0,-1.5714100236588087,-0.44610118269474208,0
2079.0000000502914,-503.35525989951566,1767.1084410230396,0,-1.5710128052773158,-0.44749803721549675,0
2079.999999969732,-504.92607357818633,1766.660244705854,0,-1.5706143452070809,-0.44889453804513402,0
2080.9999998891726,-506.4964881761116,1766.2106520651723,0,-1.5702146437630369,-0.45029068407989448,0
2082.0000001229346,-508.06650245201308,1765.7596634563524,0,-1.5698137012610975,-0.45168647421630004,0
2083.0000000423752,-509.63611516507808,1765.3072792357416,0,-1.5694115180181576,-0.45308190735115328,0
2083.9999999618158,-511.2053250746103,1764.8534997610259,0,-1.5690080943520928,-0.45447698238153933,0
2084.9999998812564,-512.77413094037911,1764.3983253907063,0,-1.5686034305817587,-0.45587169820482654,0
2086.0000001150183,-514.34253152250312,1763.9417564846808,0,-1.5681975270269912,-0.45726605371866624,0
2087.0000000344589,-515.91052558127558,1763.4837934037787,0,-1.5677903840086063,-0.45866004782099556,0
2087.9999999538995,-517.47811187745538,1763.024436509877,0,-1.5673820018483995,-0.46005367941003661,0
2088.9999998733401,-519.04528917203424,1762.5636861661333,0,-1.5669723808691463,-0.46144694738429848,0
2090.0000001071021,-520.61205622635316,1762.1015427366947,0,-1.5665615213945998,-0.46283985064257738,0
2091.0000000265427,-522.17841180210235,1761.6380065868143,0,-1.566149423749494,-0.46423238808395773,0
2091.9999999459833,-523.74435466126306,1761.1730780828511,0,-1.5657360882595395,-0.46562455860781327,0
2092.9999998654239,-525.3098835661076,1760.7067575922702,0,-1.5653215152514262,-0.46701636111380784,0
2094.0000000991859,-526.87499727937393,1760.2390454836423,0,-1.5649057050528223,-0.46840779450189574,0
2095.0000000186265,-528.43969456397463,1759.7699421266443,0,-1.564488657992374,-0.46979885767232321,0
2095.999999938067,-530.00397418317152,1759.2994478920591,0,-1.5640703743997044,-0.47118954952562908,0
2096.9999998575076,-531.56783490069211,1758.8275631517754,0,-1.5636508546054144,-0.47257986896264625,0
2098.0000000912696,-533.13127548043849,1758.3542882786714,0,-1.5632300989410819,-0.47396981488450107,0
2099.0000000107102,-534.69429468672024,1757.8796236468479,0,-1.5628081077392615,-0.4753593861926152,0
2099.9999999301508,-536.25689128419617,1757.4035696315113,0,-1.5623848813334842,-0.47674858178870716,0
2100.9999998495914,-537.81906403775793,1756.9261266088579,0,-1.5619604200582577,-0.47813740057479182,0
2102.0000000833534,-539.38081171276281,1756.447294956306,0,-1.5615347242490649,-0.47952584145318178,0
2103.000000002794,-540.94213307485916,1755.9670750523219,0,-1.5611077942423657,-0.48091390332648853,0
2103.9999999222346,-542.50302688998636,1755.4854672763613,0,-1.5606796303755945,-0.48230158509762344,0
2105.0000001559965,-544.06349192443304,1755.0024720091606,0,-1.5602502329871608,-0.4836888856697974,0
2106.0000000754371,-545.62352694489527,1754.5180896324455,0,-1.5598196024164497,-0.48507580394652372,0
2106.9999999948777,-547.18313071830198,1754.0323205291061,0,-1.5593877390038209,-0.48646233883161727,0
2107.9999999143183,-548.74230201204773,1753.5451650829636,0,-1.5589546430906083,-0.48784848922919555,0
2109.0000001480803,-550.30103959375992,1753.0566236791783,0,-1.5585203150191196,-0.48923425404368082,0
2110.0000000675209,-551.85934223147342,1752.5666967037832,0,-1.5580847551326373,-0.49061963217979943,0
2110.9999999869615,-553.41720869357232,1752.075384544034,0,-1.5576479637754159,-0.49200462254258381,0
2111.9999999064021,-554.97463774867356,1751.5826875882922,0,-1.557209941292685,-0.49338922403737218,0
2113.000000140164,-556.53162816585973,1751.0886062259669,0,-1.5567706880306464,-0.49477343556981124,0
2114.0000000596046,-558.08817871456267,1750.5931408475153,0,-1.5563302043364746,-0.49615725604585437,0
2114.9999999790452,-559.64428816450527,1750.0962918446166,0,-1.5558884905583168,-0.4975406843717658,0
2115.9999998984858,-561.19995528581785,1749.5980596098816,0,-1.5554455470452926,-0.49892371945411851,0
2117.0000001322478,-562.75517884880537,1749.0984445371432,0,-1.5550013741474926,-0.50030636019979635,0
2118.0000000516884,-564.30995762441307,1748.5974470212823,0,-1.5545559722159807,-0.50168860551599515,0
2118.999999971129,-565.86429038370261,1748.0950674582855,0,-1.5541093416027909,-0.50307045431022346,0
2119.9999998905696,-567.4181758982013,1747.5913062451873,0,-1.553661482660929,-0.50445190549030283,0
2121.0000001243316,-568.97161293966928,1747.0861637801863,0,-1.5532123957443713,-0.50583295796436911,0
2122.0000000437722,-570.52460028044879,1746.5796404625289,0,-1.5527620812080642,-0.50721361064087367,0
2122.9999999632128,-572.07713669299847,1746.0717366925091,0,-1.5523105394079253,-0.50859386242858329,0
2123.9999998826534,-573.62922095030081,1745.5624528716435,0,-1.5518577707008419,-0.50997371223658228,0
2125.0000001164153,-575.18085182557115,1745.0517894024379,0,-1.5514037754446708,-0.51135315897427169,0
2126.0000000358559,-576.73202809249051,1744.539746688446,0,-1.5509485539982386,-0.51273220155137234,0
2126.9999999552965,-578.2827485249727,1744.0263251343858,0,-1.5504921067213404,-0.51411083887792386,0
2127.9999998747371,-579.83301189739723,1743.5115251461393,0,-1.5500344339747409,-0.51548906986428555,0
2129.0000001084991,-581.38281698455103,1742.9953471304616,0,-1.5495755361201726,-0.51686689342113912,0
2130.0000000279397,-582.93216256139567,1742.4777914954466,0,-1.5491154135203371,-0.51824430845948799,0
2130.9999999473803,-584.4810474034748,1741.9588586501195,0,-1.5486540665389037,-0.51962131389065758,0
2131.9999998668209,-586.02947028650669,1741.4385490045534,0,-1.5481914955405092,-0.5209979086262978,0
2133.0000001005828,-587.57742998667527,1740.9168629701016,0,-1.547727700890758,-0.52237409157838322,0
2134.0000000200234,-589.12492528051371,1740.3938009590493,0,-1.5472626829562217,-0.52374986165921356,0
2134.999999939464,-590.67195494490443,1739.869363384787,0,-1.5467964421044385,-0.52512521778141497,0
2135.9999998589046,-592.21851775719551,1739.3435506618116,0,-1.5463289787039138,-0.52650015885794099,0
2137.0000000926666,-593.76461249490967,1738.816363205784,0,-1.5458602931241188,-0.52787468380207248,0
2138.0000000121072,-595.31023793615168,1738.2878014332964,0,-1.5453903857354907,-0.52924879152742055,0
2138.9999999315478,-596.85539285925915,1737.7578657621634,0,-1.5449192569094319,-0.53062248094792452,0
2139.9999998509884,-598.40007604297716,1737.2265566111892,0,-1.5444469070183109,-0.53199575097785534,0
2141.0000000847504,-599.94428626640001,1736.6938744003419,0,-1.5439733364354613,-0.53336860053181512,0
2142.000000004191,-601.48802230908768,1736.1598195506376,0,-1.5434985455351815,-0.53474102852473859,0
2142.9999999236315,-603.03128295083297,1735.6243924841983,0,-1.5430225346927338,-0.53611303387189313,0
2143.9999998430721,-604.57406697195256,1735.0875936241355,0,-1.5425453042843456,-0.5374846154888806,0
2145.0000000768341,-606.11637315299595,1734.5494233948411,0,-1.5420668546872072,-0.53885577229163717,0
2145.9999999962747,-607.65820027503651,1734.0098822215223,0,-1.5415871862794737,-0.54022650319643595,0
2146.9999999157153,-609.19954711943865,1733.4689705307246,0,-1.5411062994402616,-0.54159680711988523,0
2148.0000001494773,-610.74041246791603,1732.9266887499834,0,-1.5406241945496526,-0.54296668297893214,0
2149.0000000689179,-612.28079510264797,1732.3830373078235,0,-1.5401408719886898,-0.54433612969086109,0
2149.9999999883585,-613.82069380610483,1731.8380166339921,0,-1.5396563321393795,-0.54570514617329602,0
2150.9999999077991,-615.36010736128082,1731.291627159284,0,-1.5391705753846898,-0.54707373134420112,0
2152.000000141561,-616.89903455134481,1730.7438693154254,0,-1.5386836021085499,-0.54844188412188144,0
2153.0000000610016,-618.43747416010592,1730.1947435355396,0,-1.5381954126958519,-0.54980960342498331,0
2153.9999999804422,-619.9754249714897,1729.6442502534483,0,-1.537706007532448,-0.55117688817249655,0
2154.9999998998828,-621.51288577006198,1729.0923899043701,0,-1.5372153870051517,-0.5525437372837535,0
2156.0000001336448,-623.04985534050502,1728.539162924455,0,-1.536723551501737,-0.55391014967843133,0
2157.0000000530854,-624.58633246819954,1727.9845697509591,0,-1.5362305014109381,-0.55527612427655215,0
2157.999999972526,-626.12231593864271,1727.4286108221859,0,-1.5357362371224497,-0.55664165999848447,0
2158.9999998919666,-627.65780453785555,1726.8712865776033,0,-1.5352407590269255,-0.55800675576494363,0
2160.0000001257285,-629.19279705220833,1726.3125974576687,0,-1.5347440675159794,-0.55937141049699179,0
2161.0000000451691,-630.72729226853698,1725.7525439040037,0,-1.5342461629821826,-0.56073562311604097,0
2161.9999999646097,-632.26128897396848,1725.191126359161,0,-1.533747045819067,-0.56209939254385199,0
2162.9999998840503,-633.79478595609544,1724.6283452669741,0,-1.5332467164211221,-0.56346271770253598,0
2164.0000001178123,-635.32778200285975,1724.0642010722077,0,-1.5327451751837962,-0.56482559751455519,0
2165.0000000372529,-636.86027590261074,1723.4986942207906,0,-1.5322424225034936,-0.56618803090272385,0
2165.9999999566935,-638.3922664441634,1722.9318251595832,0,-1.531738458777578,-0.56755001679020933,0
2166.9999998761341,-639.92375241662376,1722.3635943367262,0,-1.5312332844043695,-0.56891155410053207,0
2168.0000001098961,-641.45473260956351,1721.7940022012917,0,-1.5307268997831449,-0.57027264175756809,0
2169.0000000293367,-642.98520581290359,1721.2230492034578,0,-1.5302193053141382,-0.5716332786855477,0
2169.9999999487773,-644.51517081703059,1720.6507357945084,0,-1.5297105013985388,-0.57299346380905791,0
2170.9999998682179,-646.04462641268037,1720.0770624267752,0,-1.5292004884384927,-0.57435319605304325,0
2172.0000001019798,-647.57357139105443,1719.502029553696,0,-1.5286892668371006,-0.57571247434280515,0
2173.0000000214204,-649.10200454364531,1718.9256376297562,0,-1.5281768369984201,-0.57707129760400522,0
2173.999999940861,-650.62992466241121,1718.3478871105472,0,-1.5276631993274621,-0.57842966476266344,0
2174.9999998603016,-652.15733053983422,1717.7687784526497,0,-1.5271483542301934,-0.57978757474516096,0
2176.0000000940636,-653.68422096857103,1717.1883121138089,0,-1.5266323021135337,-0.58114502647823996,0
2177.0000000135042,-655.2105947418604,1716.6064885528176,0,-1.5261150433853583,-0.58250201888900521,0
2177.9999999329448,-656.73645065323217,1716.0233082294581,0,-1.5255965784544947,-0.58385855090492378,0
2178.9999998523854,-658.26178749679821,1715.4387716047931,0,-1.5250769077307251,-0.58521462145382785,0
2180.0000000861473,-659.78660406690324,1714.8528791407589,0,-1.5245560316247837,-0.58657022946391313,0
2181.0000000055879,-661.31089915841585,1714.2656313003972,0,-1.5240339505483578,-0.58792537386374155,0
2181.9999999250285,-662.83467156649567,1713.6770285479142,0,-1.5235106649140875,-0.58928005358224111,0
2182.9999998444691,-664.3579200868262,1713.0870713485056,0,-1.5229861751355638,-0.59063426754870729,0
2184.0000000782311,-665.88064351555659,1712.4957601684146,0,-1.5224604816273302,-0.59198801469280393,0
2184.9999999976717,-667.40284064901061,1711.903095475107,0,-1.5219335848048823,-0.59334129394456325,0
2185.9999999171123,-668.92451028415235,1711.3090777368634,0,-1.5214054850846652,-0.59469410423438762,0
2187.0000001508743,-670.44565121835331,1710.7137074233033,0,-1.520876182884076,-0.59604644449305022,0
2188.0000000703149,-671.96626224927604,1710.1169850049191,0,-1.520345678621462,-0.59739831365169527,0
2188.9999999897555,-673.48634217504878,1709.5189109533676,0,-1.51981397271612,-0.59874971064184002,0
2189.999999909196,-675.00588979426539,1708.9194857413531,0,-1.5192810655882965,-0.60010063439537431,0
2191.000000142958,-676.5249039059272,1708.3187098426861,0,-1.5187469576591881,-0.60145108384456247,0
2192.0000000623986,-678.04338330944302,1707.7165837321663,0,-1.5182116493509401,-0.60280105792204286,0
2192.9999999818392,-679.56132680468727,1707.1131078856415,0,-1.5176751410866469,-0.60415055556083053,0
2193.9999999012798,-681.07873319182545,1706.5082827801816,0,-1.5171374332903513,-0.60549957569431656,0
2195.0000001350418,-682.59560127154691,1705.902108893788,0,-1.5165985263870436,-0.60684811725626975,0
2196.0000000544824,-684.11192984500667,1705.2945867055678,0,-1.5160584208026617,-0.60819617918083702,0
2196.999999973923,-685.62771771370899,1704.6857166956761,0,-1.5155171169640922,-0.6095437604025441,0
2197.9999998933636,-687.142963679682,1704.0754993453156,0,-1.5149746152991677,-0.61089085985629721,0
2199.0000001271255,-688.65766654518666,1703.4639351369115,0,-1.5144309162366674,-0.61223747647738302,0
2200.0000000465661,-690.17182511312421,1702.8510245537036,0,-1.5138860202063176,-0.6135836092014697,0
2200.9999999660067,-691.68543818674516,1702.2367680801544,0,-1.51333992763879,-0.6149292569646081,0
2201.9999998854473,-693.19850456970744,1701.621166201774,0,-1.5127926389657025,-0.61627441870323219,0
2203.0000001192093,-694.71102306613466,1701.0042194051202,0,-1.5122441546196184,-0.61761909335416054,0
2204.0000000386499,-696.22299248055788,1700.3859281777986,0,-1.5116944750340457,-0.61896327985459565,0
2204.9999999580905,-697.73441161791561,1699.7662930084625,0,-1.5111436006434376,-0.62030697714212724,0
2205.9999998775311,-699.24527928372845,1699.1453143869294,0,-1.5105915318831908,-0.62165018415473083,0
2207.000000111293,-700.75559428374982,1698.522992803948,0,-1.5100382691896466,-0.62299289983076955,0
2208.0000000307336,-702.265355424257,1697.8993287513731,0,-1.5094838130000896,-0.62433512310899486,0
2208.9999999501742,-703.77456151205115,1697.2743227222236,0,-1.5089281637527481,-0.62567685292854769,0
2209.9999998696148,-705.28321135422448,1696.6479752103915,0,-1.5083713218867929,-0.62701808822895844,0
2211.0000001033768,-706.79130375845125,1696.0202867109329,0,-1.5078132878423385,-0.62835882795014886,0
2212.0000000228174,-708.29883753263857,1695.3912577200099,0,-1.5072540620604404,-0.6296990710324325,0
2212.999999942258,-709.80581148545025,1694.7608887347742,0,-1.5066936449830965,-0.63103881641651438,0
2213.9999998616986,-711.3122244256665,1694.1291802534251,0,-1.5061320370532463,-0.63237806304349464,0
2215.0000000954606,-712.81807516276604,1693.4961327752681,0,-1.5055692387147703,-0.63371680985486589,0
2216.0000000149012,-714.3233625064604,1692.861746800656,0,-1.5050052504124902,-0.63505505579251709,0
2216.9999999343418,-715.82808526704321,1692.2260228309897,0,-1.5044400725921685,-0.63639279979873198,0
2217.9999998537824,-717.33224225527374,1691.5889613687177,0,-1.5038737057005069,-0.637730040816192,0
2219.0000000875443,-718.83583228226053,1690.9505629173946,0,-1.5033061501851477,-0.63906677778797571,0
2220.0000000069849,-720.33885415957775,1690.310827981506,0,-1.5027374064946721,-0.64040300965755992,0
2220.9999999264255,-721.84130669932347,1689.6697570668184,0,-1.5021674750786005,-0.64173873536882076,0
2221.9999998458661,-723.34318871400319,1689.0273506798549,0,-1.5015963563873929,-0.64307395386603439,0
2223.0000000796281,-724.84449901652988,1688.3836093284772,0,-1.5010240508724466,-0.6444086640938782,0
2223.9999999990687,-726.34523642028216,1687.7385335214785,0,-1.5004505589860981,-0.64574286499743083,0
2224.9999999185093,-727.84539973916253,1687.0921237686416,0,-1.4998758811816206,-0.64707655552217358,0
2226.0000001522712,-729.34498778748093,1686.4443805809133,0,-1.4993000179132248,-0.64840973461399165,0
2227.0000000717118,-730.84399938001297,1685.7953044702299,0,-1.4987229696360578,-0.64974240121917337,0
2227.9999999911524,-732.34243333194172,1685.1448959496338,0,-1.4981447368062046,-0.65107455428441341,0
2228.999999910593,-733.84028845891589,1684.4931555331568,0,-1.497565319880686,-0.65240619275681133,0
2230.000000144355,-735.33756357710809,1683.840083735995,0,-1.4969847193174577,-0.65373731558387393,0
2231.0000000637956,-736.83425750315655,1683.1856810742756,0,-1.4964029355754118,-0.65506792171351547,0
2231.9999999832362,-738.33036905404879,1682.5299480651738,0,-1.4958199691143763,-0.65639801009405863,0
2232.9999999026768,-739.82589704729617,1681.8728852269705,0,-1.4952358203951124,-0.65772757967423467,0
2234.0000001364388,-741.32084030087572,1681.214493079111,0,-1.4946504898793165,-0.65905662940318632,0
2235.0000000558794,-742.81519763328834,1680.554772141797,0,-1.4940639780296194,-0.66038515823046595,0
2235.99999997532,-744.30896786332596,1679.8937229366275,0,-1.4934762853095849,-0.66171316510603784,0
2236.9999998947605,-745.80214981042081,1679.2313459859579,0,-1.4928874121837106,-0.66304064898027937,0
2238.0000001285225,-747.29474229441257,1678.567641813308,0,-1.4922973591174267,-0.66436760880398049,0
2239.0000000479631,-748.78674413549015,1677.9026109433617,0,-1.4917061265770963,-0.66569404352834594,0
2239.9999999674037,-750.27815415454097,1677.2362539016758,0,-1.4911137150300147,-0.6670199521049951,0
2240.9999998868443,-751.76897117274348,1676.5685712149134,0,-1.4905201249444089,-0.66834533348596403,0
2242.0000001206063,-753.25919401174178,1675.899563410785,0,-1.4899253567894375,-0.66967018662370426,0
2243.0000000400469,-754.74882149376208,1675.2292310180492,0,-1.4893294110351902,-0.6709945104710856,0
2243.9999999594875,-756.23785244143801,1674.5575745666283,0,-1.4887322881526877,-0.67231830398139603,0
2244.9999998789281,-757.72628567786887,1673.8845945872599,0,-1.4881339886138802,-0.67364156610834258,0
2246.00000011269,-759.21412002661964,1673.2102916118456,0,-1.4875345128916491,-0.67496429580605199,0
2247.0000000321306,-760.70135431172093,1672.5346661734511,0,-1.4869338614598042,-0.67628649202907298,0
2247.9999999515712,-762.18798735778546,1671.8577188059571,0,-1.4863320347930857,-0.6776081537323746,0
2248.9999998710118,-763.67401798971696,1671.1794500445249,0,-1.4857290333671622,-0.67892927987134932,0
2250.0000001047738,-765.15944503305946,1670.4998604251305,0,-1.4851248576586307,-0.6802498694018122,0
2251.0000000242144,-766.64426731376443,1669.8189504849142,0,-1.4845195081450158,-0.68156992128000227,0
2251.999999943655,-768.12848365824902,1669.1367207621224,0,-1.483912985304771,-0.6828894344625851,0
2252.9999998630956,-769.61209289345425,1668.4531717959326,0,-1.4833052896172767,-0.68420840790665016,0
2254.0000000968575,-771.09509384672856,1667.76830412657,0,-1.4826964215628398,-0.68552684056971447,0
2255.0000000162981,-772.5774853459443,1667.0821182953659,0,-1.4820863816226939,-0.6868447314097218,0
2255.9999999357387,-774.05926621949766,1666.3946148446994,0,-1.4814751702789999,-0.68816207938504481,0
2256.9999998551793,-775.5404352961923,1665.7057943178806,0,-1.4808627880148435,-0.68947888345448505,0
2258.0000000889413,-777.02099140535574,1665.0156572594424,0,-1.480249235314236,-0.69079514257727426,0
2259.0000000083819,-778.50093337683938,1664.3242042147322,0,-1.4796345126621138,-0.69211085571307418,0
2259.9999999278225,-779.98026004084386,1663.6314357303781,0,-1.4790186205443385,-0.69342602182197832,0
2260.9999998472631,-781.4589702282683,1662.9373523537652,0,-1.4784015594476958,-0.69474063986451318,0
2262.0000000810251,-782.93706277024467,1662.241954633675,0,-1.4777833298598946,-0.69605470880163745,0
2263.0000000004657,-784.41453649866162,1661.5452431195881,0,-1.4771639322695684,-0.69736822759474437,0
2263.9999999199063,-785.89139024564065,1660.8472183622071,0,-1.4765433671662731,-0.6986811952056623,0
2265.0000001536682,-787.36762284394354,1660.1478809132241,0,-1.4759216350404876,-0.69999361059665466,0
2266.0000000731088,-788.84323312685592,1659.4472313254373,0,-1.4752987363836132,-0.70130547273042187,0
2266.9999999925494,-790.3182199280709,1658.7452701525181,0,-1.4746746716879733,-0.70261678057010091,0
2267.99999991199,-791.79258208174724,1658.0419979494181,0,-1.4740494414468128,-0.7039275330792677,0
2269.000000145752,-793.26631842262577,1657.3374152718461,0,-1.4734230461542976,-0.70523772922193617,0
2270.0000000651926,-794.73942778585479,1656.6315226767329,0,-1.4727954863055148,-0.70654736796256068,0
2270.9999999846332,-796.21190900722286,1655.924320722057,0,-1.4721667623964723,-0.70785644826603589,0
2271.9999999040738,-797.6837609228096,1655.2158099667286,0,-1.4715368749240973,-0.70916496909769744,0
2273.0000001378357,-799.1549823693349,1654.5059909707052,0,-1.470905824386237,-0.71047292942332452,0
2274.0000000572763,-800.62557218404254,1653.7948642950505,0,-1.4702736112816577,-0.71178032820913772,0
2274.9999999767169,-802.09552920458373,1653.0824305018177,0,-1.4696402361100445,-0.7130871644218022,0
2275.9999998961575,-803.56485226907535,1652.3686901540495,0,-1.4690056993720007,-0.71439343702842806,0
2277.0000001299195,-805.03354021627456,1651.6536438159528,0,-1.4683700015690488,-0.71569914499657006,0
2278.0000000493601,-806.50159188534599,1650.9372920526075,0,-1.467733143203628,-0.71700428729423005,0
2278.9999999688007,-807.96900611597812,1650.2196354302578,0,-1.4670951247790949,-0.71830886288985674,0
2279.9999998882413,-809.43578174838331,1649.500674516079,0,-1.4664559467997231,-0.71961287075234603,0
2281.0000001220033,-810.90191762323957,1648.7804098783527,0,-1.4658156097707029,-0.7209163098510436,0
2282.0000000414439,-812.36741258174879,1648.0588420863496,0,-1.4651741141981405,-0.7222191791557443,0
2282.9999999608845,-813.83226546563674,1647.3359717103303,0,-1.4645314605890574,-0.72352147763669261,0
2283.999999880325,-815.29647511709481,1646.6117993216612,0,-1.4638876494513913,-0.72482320426458513,0
2285.000000114087,-816.76004037889652,1645.8863254927564,0,-1.4632426812939936,-0.72612435801056996,0
2286.0000000335276,-818.22296009416459,1645.1595507969614,0,-1.4625965566266308,-0.72742493784624873,0
2286.9999999529682,-819.68523310677847,1644.4314758087276,0,-1.4619492759599841,-0.72872494274367516,0
2287.9999998724088,-821.14685826096684,1643.7021011034376,0,-1.4613008398056477,-0.73002437167535883,0
2289.0000001061708,-822.60783440142404,1642.9714272576966,0,-1.4606512486761287,-0.73132322361426405,0
2290.0000000256114,-824.06816037348472,1642.2394548488664,0,-1.4600005030848475,-0.73262149753381101,0
2290.999999945052,-825.52783502294915,1641.5061844556476,0,-1.4593486035461369,-0.73391919240787695,0
2291.9999998644926,-826.98685719608329,1640.7716166574392,0,-1.4586955505752419,-0.73521630721079667,0
2293.0000000982545,-828.44522573979339,1640.0357520349207,0,-1.4580413446883191,-0.73651284091736302,0
2294.0000000176951,-829.90293950133491,1639.2985911696451,0,-1.4573859864024366,-0.73780879250282927,0
2294.9999999371357,-831.35999732860364,1638.5601346442709,0,-1.4567294762355725,-0.73910416094290776,0
2295.9999998565763,-832.8163980700192,1637.8203830425045,0,-1.4560718147066158,-0.74039894521377225,0
2297.0000000903383,-834.2721405744087,1637.0793369489256,0,-1.4554130023353657,-0.74169314429205813,0
2298.0000000097789,-835.72722369123949,1636.3369969492778,0,-1.4547530396425308,-0.74298675715486262,0
2298.9999999292195,-837.18164627044462,1635.5933636303525,0,-1.4540919271497288,-0.7442797827797476,0
2299.9999998486601,-838.63540716242278,1634.8484375798143,0,-1.4534296653794865,-0.7455722201447379,0
2301.000000082422,-840.08850521827117,1634.1022193864919,0,-1.4527662548552387,-0.74686406822832385,0
2302.0000000018626,-841.54093928943621,1633.3547096401453,0,-1.452101696101328,-0.74815532600946144,0
2302.9999999213032,-842.99270822788822,1632.6059089315822,0,-1.4514359896430054,-0.7494459924675736,0
2304.0000001550652,-844.44381088629598,1631.8558178526582,0,-1.4507691360064279,-0.75073606658254943,0
2305.0000000745058,-845.89424611773575,1631.1044369962183,0,-1.45010113571866,-0.7520255473347478,0
2305.9999999939464,-847.34401277569123,1630.351766956097,0,-1.4494319893076719,-0.75331443370499518,0
2306.999999913387,-848.79310971446102,1629.5978083272348,0,-1.4487616973023403,-0.75460272467458867,0
2308.000000147149,-850.24153578863479,1628.8425617055618,0,-1.448090260232447,-0.75589041922529576,0
2309.0000000665896,-851.68928985338425,1628.0860276879393,0,-1.447417678628679,-0.75717751633935526,0
2309.9999999860302,-853.13637076452142,1627.3282068723929,0,-1.4467439530226271,-0.75846401499947835,0
2310.9999999054708,-854.58277737832395,1626.5690998577629,0,-1.4460690839467876,-0.75974991418884863,0
2312.0000001392327,-856.02850855147699,1625.8087072441704,0,-1.4453930719345598,-0.76103521289112441,0
2313.0000000586733,-857.47356314136414,1625.0470296324929,0,-1.4447159175202466,-0.76231991009043798,0
2313.9999999781139,-858.91794000589289,1624.2840676248306,0,-1.4440376212390533,-0.76360400477139689,0
2314.9999998975545,-860.36163800337818,1623.5198218241567,0,-1.4433581836270888,-0.76488749591908578,0
2316.0000001313165,-861.80465599289164,1622.7542928344919,0,-1.4426776052213628,-0.76617038251906533,0
2317.0000000507571,-863.24699283373775,1621.9874812609632,0,-1.4419958865597875,-0.7674526635573744,0
2317.9999999701977,-864.68864738609409,1621.2193877095706,0,-1.4413130281811759,-0.76873433802053115,0
2318.9999998896383,-866.12961851037107,1620.4500127874198,0,-1.4406290306252414,-0.770015404895532,0
2320.0000001234002,-867.56990506779402,1619.6793571026647,0,-1.4399438944325993,-0.77129586316985377,0
2321.0000000428408,-869.0095059198793,1618.9074212642736,0,-1.4392576201447638,-0.77257571183145524,0
2321.9999999622814,-870.44841992889997,1618.1342058824957,0,-1.4385702083041481,-0.77385494986877679,0
2322.999999881722,-871.88664595747832,1617.3597115684533,0,-1.4378816594540658,-0.77513357627074031,0
2324.000000115484,-873.32418286899338,1616.5839389342,0,-1.4371919741387278,-0.77641159002675209,0
2325.0000000349246,-874.76102952711517,1615.8068885929533,0,-1.4365011529032445,-0.77768899012670234,0
2325.9999999543652,-876.19718479632866,1615.0285611588042,0,-1.4358091962936232,-0.77896577556096691,0
2326.9999998738058,-877.63264754146803,1614.2489572470658,0,-1.4351161048567691,-0.78024194532040614,0
2328.0000001075678,-879.06741662794957,1613.4680774737499,0,-1.4344218791404844,-0.7815174983963683,0
2329.0000000270084,-880.50149092182983,1612.6859224561485,0,-1.4337265196934668,-0.78279243378068819,0
2329.999999946449,-881.93486928963102,1611.9024928124272,0,-1.4330300270653111,-0.78406675046568941,0
2330.9999998658895,-883.36755059839925,1611.117789161799,0,-1.4323324018065082,-0.7853404474441843,0
2332.0000000996515,-884.79953371587908,1610.3318121244665,0,-1.4316336444684421,-0.7866135237094749,0
2333.0000000190921,-886.23081751016434,1609.5445623216219,0,-1.4309337556033934,-0.78788597825535445,0
2333.9999999385327,-887.66140085010557,1608.7560403755051,0,-1.4302327357645368,-0.78915781007610641,0
2334.9999998579733,-889.09128260490252,1607.9662469093455,0,-1.4295305855059406,-0.79042901816650735,0
2336.0000000917353,-890.52046164445346,1607.1751825474203,0,-1.4288273053825664,-0.79169960152182661,0
2337.0000000111759,-891.94893683923874,1606.3828479148797,0,-1.428122895950269,-0.79296955913782718,0
2337.9999999306165,-893.37670706014615,1605.5892436380382,0,-1.427417357765796,-0.79423889001076708,0
2338.9999998500571,-894.80377117870376,1604.7943703441415,0,-1.4267106913867866,-0.79550759313739905,0
2340.000000083819,-896.23012806702172,1603.9982286613667,0,-1.426002897371772,-0.7967756675149722,0
2341.0000000032596,-897.65577659773408,1603.2008192189969,0,-1.4252939762801751,-0.79804311214123269,0
2341.9999999227002,-899.08071564405691,1602.4021426473046,0,-1.4245839286723088,-0.7993099260144243,0
2343.0000001564622,-900.5049440797884,1601.6021995775518,0,-1.4238727551093766,-0.80057610813328994,0
2344.0000000759028,-901.92846077913418,1600.8009906419902,0,-1.423160456153473,-0.8018416574970707,0
2344.9999999953434,-903.35126461711479,1599.9985164738027,0,-1.4224470323675802,-0.80310657310550848,0
2345.999999914784,-904.77335446915822,1599.1947777073365,0,-1.4217324843155705,-0.80437085395884644,0
2347.000000148546,-906.19472921121633,1598.3897749778116,0,-1.4210168125622047,-0.80563449905782869,0
2348.0000000679865,-907.61538771988126,1597.5835089214961,0,-1.4203000176731311,-0.80689750740370236,0
2348.9999999874271,-909.03532887232723,1596.7759801755892,0,-1.419582100214887,-0.80815987799821731,0
2349.9999999068677,-910.45455154631054,1595.9671893783961,0,-1.4188630607548953,-0.80942160984362788,0
2351.0000001406297,-911.87305462005315,1595.1571371691534,0,-1.4181428998614678,-0.81068270194269332,0
2352.0000000600703,-913.29083697241731,1594.3458241880871,0,-1.4174216181038006,-0.81194315329867817,0
2352.9999999795109,-914.70789748284733,1593.5332510764711,0,-1.4166992160519767,-0.81320296291535388,0
2353.9999998989515,-916.12423503125319,1592.7194184765103,0,-1.4159756942769643,-0.81446212979699872,0
2355.0000001327135,-917.53984849830158,1591.9043270314578,0,-1.4152510533506168,-0.81572065294839879,0
2356.0000000521541,-918.95473676512484,1591.0879773855559,0,-1.4145252938456718,-0.81697853137484944,0
2356.9999999715947,-920.36889871337917,1590.2703701839782,0,-1.4137984163357518,-0.81823576408215537,0
2357.9999998910353,-921.78233322530286,1589.4515060729464,0,-1.413070421395362,-0.8194923500766319,0
2359.0000001247972,-923.19503918383271,1588.6313856997294,0,-1.4123413095998911,-0.82074828836510494,0
2360.0000000442378,-924.60701547242934,1587.8100097124698,0,-1.4116110815256109,-0.8220035779549133,0
2360.9999999636784,-926.01826097501907,1586.9873787603574,0,-1.4108797377496749,-0.82325821785390718,0
2361.999999883119,-927.42877457622671,1586.1634934936301,0,-1.4101472788501186,-0.82451220707045125,0
2363.000000116881,-928.83855516120093,1585.338354563457,0,-1.4094137054058591,-0.82576554461342422,0
2364.0000000363216,-930.24760161567247,1584.5119626219384,0,-1.4086790179966946,-0.82701822949221959,0
2364.9999999557622,-931.65591282607056,1583.6843183223391,0,-1.4079432172033033,-0.82827026071674714,0
2365.9999998752028,-933.0634876791737,1582.8554223187384,0,-1.4072063036072429,-0.82952163729743278,0
2367.0000001089647,-934.47032506251708,1582.0252752662636,0,-1.4064682777909518,-0.830772358245221,0
2368.0000000284053,-935.87642386421794,1581.1938778211479,0,-1.4057291403377477,-0.83202242257157299,0
2368.9999999478459,-937.28178297285922,1580.3612306403229,0,-1.4049888918318247,-0.83327182928846966,0
2369.9999998672865,-938.68640127772233,1579.5273343820591,0,-1.4042475328582569,-0.83452057740841146,0
2371.0000001010485,-940.09027766861254,1578.6921897053835,0,-1.4035050640029958,-0.83576866594441956,0
2372.0000000204891,-941.49341103597544,1577.8557972703711,0,-1.4027614858528701,-0.83701609391003651,0
2372.9999999399297,-942.89580027072225,1577.0181577380863,0,-1.4020167989955852,-0.83826286031932673,0
2373.9999998593703,-944.2974442645791,1576.179271770583,0,-1.401271004019722,-0.83950896418687782,0
2375.0000000931323,-945.69834190962138,1575.3391400309047,0,-1.4005241015147389,-0.84075440452780037,0
2376.0000000125729,-947.09849209862296,1574.4977631830261,0,-1.3997760920709679,-0.84199918035773036,0
2376.9999999320135,-948.49789372499799,1573.655141892028,0,-1.3990269762796175,-0.84324329069282822,0
2377.999999851454,-949.89654568262631,1572.8112768238061,0,-1.3982767547327697,-0.84448673454978074,0
2379.000000085216,-951.29444686602801,1571.9661686454201,0,-1.39752542802338,-0.8457295109458014,0
2380.0000000046566,-952.6915961704799,1571.1198180247447,0,-1.3967729967452789,-0.84697161889863093,0
2380.9999999240972,-954.08799249154981,1570.2722256307607,0,-1.3960194614931682,-0.84821305742653896,0
2381.9999998435378,-955.48363472567871,1569.4233921333216,0,-1.3952648228626237,-0.84945382554832394,0
2383.0000000772998,-956.8785217696568,1568.5733182034455,0,-1.3945090814500927,-0.85069392228331409,0
2383.9999999967404,-958.27265252114739,1567.722004512907,0,-1.3937522378528933,-0.85193334665136833,0
2384.999999916181,-959.66602587816305,1566.8694517345866,0,-1.392994292669216,-0.85317209767287683,0
2386.0000001499429,-961.05864073947305,1566.0156605423545,0,-1.392235246498122,-0.85441017436876232,0
2387.0000000693835,-962.45049600437051,1565.1606316109537,0,-1.3914750999395415,-0.85564757576048045,0
2387.9999999888241,-963.84159057278885,1564.3043656162336,0,-1.3907138535942754,-0.8568843008700201,0
2388.9999999082647,-965.23192334518535,1563.4468632349744,0,-1.389951508063993,-0.85812034871990539,0
2390.0000001420267,-966.6214932227158,1562.5881251448882,0,-1.3891880639512335,-0.85935571833319557,0
2391.0000000614673,-968.01029910711804,1561.7281520246761,0,-1.3884235218594034,-0.8605904087334858,0
2391.9999999809079,-969.39833990065381,1560.8669445541454,0,-1.3876578823927783,-0.86182441894490747,0
2392.9999999003485,-970.78561450628331,1560.0045034138602,0,-1.3868911461564992,-0.86305774799213042,0
2394.0000001341105,-972.17212182754884,1559.1408292855485,0,-1.3861233137565752,-0.86429039490036308,0
2395.000000053551,-973.55786076863296,1558.2759228517534,0,-1.3853543857998818,-0.86552235869535177,0
2395.9999999729916,-974.94283023418393,1557.4097847961821,0,-1.3845843628941605,-0.86675363840338404,0
2396.9999998924322,-976.32702912960667,1556.5424158032984,0,-1.383813245648017,-0.86798423305128725,0
2398.0000001261942,-977.7104563608882,1555.6738165587303,0,-1.3830410346709237,-0.86921414166643052,0
2399.0000000456348,-979.09311083459761,1554.8039877489791,0,-1.3822677305732161,-0.87044336327672578,0
2399.9999999650754,-980.47499145788606,1553.9329300615354,0,-1.3814933339660944,-0.87167189691062674,0
2400.999999884516,-981.85609713854501,1553.0606441848213,0,-1.380717845461622,-0.87289974159713213,0
2402.000000118278,-983.2364267850644,1552.1871308083064,0,-1.3799412656727257,-0.87412689636578389,0
2403.0000000377186,-984.61597930634161,1551.3123906223918,0,-1.3791635952131942,-0.87535336024667065,0
2403.9999999571592,-985.99475361208897,1550.43642431841,0,-1.3783848346976786,-0.87657913227042594,0
2404.9999998765998,-987.37274861260084,1549.5592325887992,0,-1.3776049847416918,-0.87780421146823095,0
2406.0000001103617,-988.74996321863728,1548.6808161267545,0,-1.3768240459616068,-0.87902859687181389,0
2407.0000000298023,-990.12639634177322,1547.8011756266351,0,-1.3760420189746583,-0.88025228751345164,0
2407.9999999492429,-991.50204689404927,1546.920311783615,0,-1.3752589043989401,-0.88147528242596973,0
2408.9999998686835,-992.87691378826275,1546.0382252940326,0,-1.3744747028534066,-0.88269758064274451,0
2410.0000001024455,-994.25099593767663,1545.1549168549245,0,-1.3736894149578709,-0.88391918119770208,0
2411.0000000218861,-995.62429225625237,1544.2703871644917,0,-1.3729030413330046,-0.88514008312532011,0
2411.9999999413267,-996.99680165864993,1543.3846369218663,0,-1.3721155826003375,-0.88636028546062906,0
2412.9999998607673,-998.36852305999491,1542.4976668270538,0,-1.3713270393822568,-0.8875797872392116,0
2414.0000000945292,-999.73945537611144,1541.6094775812235,0,-1.3705374123020071,-0.88879858749720497,0
2415.0000000139698,-1001.1095975235221,1540.7200698862434,0,-1.3697467019836895,-0.89001668527129951,0
2415.9999999334104,-1002.4789484192152,1539.8294444451458,0,-1.3689549090522621,-0.8912340795987419,0
2416.999999852851,-1003.8475069809356,1538.9376019618358,0,-1.3681620341335379,-0.89245076951733471,0
2418.000000086613,-1005.2152721270104,1538.0445431412663,0,-1.3673680778541848,-0.89366675406543694,0
2419.0000000060536,-1006.5822427764069,1537.1502686891472,0,-1.3665730408417254,-0.89488203228196483,0
2419.9999999254942,-1007.9484178486746,1536.2547793124686,0,-1.3657769237245374,-0.89609660320639406,0
2420.9999998449348,-1009.313796264003,1535.3580757188611,0,-1.3649797271318513,-0.89731046587875773,0
2422.0000000786968,-1010.6783769433387,1534.4601586170611,0,-1.3641814516937514,-0.89852361933964953,0
2422.9999999981374,-1012.0421588080353,1533.5610287169111,0,-1.3633820980411746,-0.8997360626302241,0
2423.999999917578,-1013.4051407802035,1532.6606867288938,0,-1.3625816668059092,-0.90094779479219689,0
2425.0000001513399,-1014.7673217826523,1531.759133364656,0,-1.3617801586205962,-0.90215881486784522,0
2426.0000000707805,-1016.1287007386563,1530.8563693368342,0,-1.3609775741187267,-0.90336912190000962,0
2426.9999999902211,-1017.4892765723052,1529.9523953588796,0,-1.3601739139346438,-0.90457871493209452,0
2427.9999999096617,-1018.8490482082125,1529.0472121452913,0,-1.3593691787035398,-0.90578759300806766,0
2429.0000001434237,-1020.2080145715736,1528.1408204114996,0,-1.3585633690614576,-0.90699575517246211,0
2430.0000000628643,-1021.566174588399,1527.2332208738662,0,-1.3577564856452884,-0.90820320047037784,0
2430.9999999823049,-1022.9235271851649,1526.3244142498006,0,-1.3569485290927723,-0.90940992794748066,0
2431.9999999017455,-1024.2800712891039,1525.4144012575853,0,-1.3561395000424981,-0.91061593665000307,0
2433.0000001355074,-1025.6358058279729,1524.5031826164341,0,-1.3553293991339015,-0.91182122562474655,0
2434.000000054948,-1026.9907297302852,1523.5907590465504,0,-1.3545182270072655,-0.91302579391908156,0
2434.9999999743886,-1028.3448419251363,1522.6771312691271,0,-1.3537059843037209,-0.91422964058094736,0
2435.9999998938292,-1029.6981413422618,1521.7623000062304,0,-1.3528926716652432,-0.91543276465885437,0
2437.0000001275912,-1031.0506269120378,1520.8462659809738,0,-1.3520782897346539,-0.91663516520188382,0
2438.0000000470318,-1032.4022975654807,1519.9290299173445,0,-1.3512628391556205,-0.91783684125968878,0
2438.9999999664724,-1033.7531522343052,1519.0105925402604,0,-1.3504463205726538,-0.91903779188249446,0
2439.999999885913,-1035.1031898508663,1518.0909545756876,0,-1.34962873463111,-0.92023801612110023,0
2441.000000119675,-1036.4524093480431,1517.1701167504652,0,-1.3488100819771873,-0.92143751302687937,0
2442.0000000391155,-1037.8008096594713,1516.2480797924218,0,-1.3479903632579293,-0.92263628165177958,0
2442.9999999585561,-1039.1483897193684,1515.324844430259,0,-1.3471695791212204,-0.92383432104832508,0
2443.9999998779967,-1040.4951484627672,1514.4004113937262,0,-1.3463477302157874,-0.92503163026961488,0
2445.0000001117587,-1041.8410848251078,1513.4747814134462,0,-1.3455248171911989,-0.92622820836932696,0
2446.0000000311993,-1043.1861977426452,1512.5479552209727,0,-1.3447008406978649,-0.92742405440171594,0
2446.9999999506399,-1044.5304861522163,1511.6199335489655,0,-1.3438758013870353,-0.92861916742161521,0
2447.9999998700805,-1045.8739489913569,1510.690717130783,0,-1.3430496999108001,-0.92981354648443815,0
2449.0000001038425,-1047.2165851982427,1509.7603067009477,0,-1.3422225369220895,-0.93100719064617754,0
2450.0000000232831,-1048.5583937116317,1508.8287029947969,0,-1.3413943130746717,-0.93220009896340716,0
2450.9999999427237,-1049.8993734709802,1507.8959067485994,0,-1.3405650290231534,-0.93339227049328277,0
2451.9999998621643,-1051.2395234164433,1506.9619186997297,0,-1.339734685422981,-0.93458370429354198,0
2453.0000000959262,-1052.5788424888742,1506.0267395862611,0,-1.3389032829304364,-0.93577439942250551,0
2454.0000000153668,-1053.9173296295921,1505.0903701474308,0,-1.3380708222026394,-0.9369643549390787,0
2454.9999999348074,-1055.254983780731,1504.1528111232328,0,-1.3372373038975454,-0.93815356990275023,0
2455.999999854248,-1056.591803885065,1503.2140632547671,0,-1.3364027286739459,-0.93934204337359517,0
2457.00000008801,-1057.9277888860088,1502.2741272839485,0,-1.3355670971914688,-0.94052977441227359,0
2458.0000000074506,-1059.2629377276171,1501.3330039537395,0,-1.3347304101105757,-0.94171676208003319,0
2458.9999999268912,-1060.5972493545851,1500.3906940079178,0,-1.3338926680925625,-0.94290300543870909,0
2459.9999998463318,-1061.9307227123645,1499.4471981912502,0,-1.3330538717995597,-0.94408850355072493,0
2461.0000000800937,-1063.2633567469893,1498.5025172495516,0,-1.3322140218945306,-0.94527325547909213,0
2461.9999999995343,-1064.5951504051336,1497.5566519293352,0,-1.3313731190412716,-0.94645726028741362,0
2462.9999999189749,-1065.9261026342865,1496.6096029783366,0,-1.3305311639044106,-0.94764051703988161,0
2464.0000001527369,-1067.2562123824027,1495.6613711449318,0,-1.3296881571494079,-0.94882302480128,0
2465.0000000721775,-1068.5854785982519,1494.7119571786607,0,-1.3288440994425543,-0.95000478263698429,0
2465.9999999916181,-1069.9139002311858,1493.7613618299365,0,-1.3279989914509718,-0.95118578961296352,0
2466.9999999110587,-1071.2414762313128,1492.8095858500456,0,-1.3271528338426128,-0.95236604479577947,0
2468.0000001448207,-1072.5682055492653,1491.8566299912636,0,-1.3263056272862581,-0.95354554725258811,0
2469.0000000642613,-1073.8940871364321,1490.9024950067396,0,-1.3254573724515188,-0.95472429605114084,0
2469.9999999837019,-1075.2191199449589,1489.9471816506702,0,-1.3246080700088343,-0.95590229025978402,0
2470.9999999031425,-1076.5433029275155,1488.990690678067,0,-1.3237577206294715,-0.9570795289474614,0
2472.0000001369044,-1077.8666350374697,1488.0330228449311,0,-1.3229063249855249,-0.95825601118371317,0
2473.000000056345,-1079.1891152289463,1487.0741789081949,0,-1.3220538837499156,-0.95943173603867749,0
2473.9999999757856,-1080.5107424566522,1486.1141596256639,0,-1.3212003975963922,-0.96060670258309133,0
2474.9999998952262,-1081.8315156760509,1485.152965756075,0,-1.3203458671995285,-0.96178090988829046,0
2476.0000001289882,-1083.151433843188,1484.190598059271,0,-1.3194902932347234,-0.96295435702621179,0
2477.0000000484288,-1084.4704959148658,1483.227057295735,0,-1.3186336763782012,-0.9641270430693919,0
2477.9999999678694,-1085.7887008485268,1482.2623442271142,0,-1.3177760173070103,-0.96529896709096963,0
2478.99999988731,-1087.1060476023122,1481.2964596158708,0,-1.3169173166990222,-0.96647012816468625,0
2480.0000001210719,-1088.4225351350033,1480.3294042253983,0,-1.3160575752329327,-0.96764052536488498,0
2481.0000000405125,-1089.7381624060799,1479.3611788200797,0,-1.3151967935882591,-0.96881015776651391,0
2481.9999999599531,-1091.0529283756623,1478.3917841651128,0,-1.3143349724453419,-0.96997902444512507,0
2482.9999998793937,-1092.3668320046854,1477.4212210267433,0,-1.3134721124853426,-0.97114712447687612,0
2484.0000001131557,-1093.6798722546082,1476.4494901720318,0,-1.3126082143902433,-0.97231445693853025,0
2485.0000000325963,-1094.9920480876463,1475.4765923690284,0,-1.3117432788428476,-0.97348102090745725,0
2485.9999999520369,-1096.3033584667137,1474.5025283866562,0,-1.3108773065267789,-0.9746468154616349,0
2486.9999998714775,-1097.6138023553067,1473.5272989948862,0,-1.3100102981264796,-0.97581183967964857,0
2488.0000001052395,-1098.9233787177945,1472.5509049643879,0,-1.3091422543272111,-0.97697609264069218,0
2489.00000002468,-1100.2320865190704,1471.5733470669948,0,-1.3082731758150532,-0.97813957342457025,0
2489.9999999441206,-1101.5399247247842,1470.5946260752389,0,-1.3074030632769038,-0.9793022811116967,0
2490.9999998635612,-1102.8468923011678,1469.6147427627584,0,-1.3065319174004779,-0.98046421478309653,0
2492.0000000973232,-1104.1529882153263,1468.6336979040061,0,-1.3056597388743065,-0.98162537352040746,0
2493.0000000167638,-1105.4582114349469,1467.6514922743663,0,-1.3047865283877385,-0.98278575640587851,0
2493.9999999362044,-1106.7625609283568,1466.6681266500964,0,-1.3039122866309363,-0.98394536252237275,0
2494.999999855645,-1108.0660356646986,1465.6836018085596,0,-1.3030370142948788,-0.98510419095336665,0
2496.000000089407,-1109.3686346136383,1464.6979185277596,0,-1.302160712071359,-0.98626224078295166,0
2497.0000000088476,-1110.6703567457735,1463.7110775868059,0,-1.301283380652984,-0.98741951109583426,0
2497.9999999282882,-1111.9712010321091,1462.7230797656812,0,-1.3004050207331745,-0.988576000977338,0
2498.9999998477288,-1113.2711664446397,1461.7339258452994,0,-1.299525633006164,-0.98973170951340217,0
2500.0000000814907,-1114.5702519557672,1460.7436166074476,0,-1.2986452181669983,-0.99088663579058367,0
2501.0000000009313,-1115.8684565388248,1459.7521528347861,0,-1.2977637769115344,-0.99204077889605846,0
2501.9999999203719,-1117.1657791676698,1458.7595353109646,0,-1.2968813099364422,-0.99319413791762068,0
2503.0000001541339,-1118.4622188170324,1457.7657648206223,0,-1.2959978179392007,-0.99434671194368485,0
2504.0000000735745,-1119.7577744621085,1456.770842149097,0,-1.2951133016180998,-0.99549850006328544,0
2504.9999999930151,-1121.0524450790253,1455.7747680827742,0,-1.2942277616722386,-0.99664950136607866,0
2505.9999999124557,-1122.3462296444923,1454.7775434089126,0,-1.2933411988015251,-0.99779971494234154,0
2507.0000001462176,-1123.6391271359171,1453.7791689157602,0,-1.2924536137066764,-0.99894913988297496,0
2508.0000000656582,-1124.9311365314061,1452.779645392322,0,-1.2915650070892177,-1.0000977752795026,0
2508.9999999850988,-1126.2222568098223,1451.7789736286504,0,-1.2906753796514809,-1.001245620224072,0
2509.9999999045394,-1127.512486950669,1450.7771544156712,0,-1.2897847320966049,-1.0023926738094553,0
2511.0000001383014,-1128.8018259342061,1449.7741885451251,0,-1.2888930651285349,-1.0035389351290507,0
2512.000000057742,-1130.090272741334,1448.7700768098002,0,-1.2880003794520225,-1.004684403276882,0
2512.9999999771826,-1131.3778263537679,1447.7648200033,0,-1.2871066757726228,-1.0058290773476006,0
2513.9999998966232,-1132.6644857538049,1446.7584189201007,0,-1.2862119547966973,-1.0069729564364844,0
2515.0000001303852,-1133.9502499244991,1445.7508743557264,0,-1.2853162172314103,-1.0081160396394413,0
2516.0000000498258,-1135.235117849661,1444.7421871063998,0,-1.2844194637847308,-1.0092583260530061,0
2516.9999999692664,-1136.5190885136835,1443.7323579695076,0,-1.2835216951654296,-1.0103998147743454,0
2517.999999888707,-1137.8021609018324,1442.7213877430768,0,-1.2826229120830801,-1.0115405049012554,0
2519.0000001224689,-1139.0843339998974,1441.7092772261822,0,-1.2817231152480579,-1.0126803955321635,0
2520.0000000419095,-1140.3656067945994,1440.6960272188298,0,-1.2808223053715402,-1.0138194857661289,0
2520.9999999613501,-1141.6459782732418,1439.6816385217826,0,-1.2799204831655036,-1.0149577747028429,0
2521.9999998807907,-1142.9254474237678,1438.6661119367927,0,-1.2790176493427257,-1.0160952614426315,0
2523.0000001145527,-1144.2040132349357,1437.6494482665439,0,-1.2781138046167835,-1.017231945086454,0
2524.0000000339933,-1145.4816746962606,1436.6316483145929,0,-1.2772089497020527,-1.018367824735904,0
2524.9999999534339,-1146.7584307978395,1435.6127128853695,0,-1.2763030853137083,-1.0195028994932116,0
2525.9999998728745,-1148.0342805306427,1434.5926427842351,0,-1.2753962121677223,-1.0206371684612421,0
2527.0000001066364,-1149.3092228861642,1433.5714388173656,0,-1.2744883309808641,-1.0217706307434977,0
2528.000000026077,-1150.5832568568294,1432.5491017919267,0,-1.2735794424707003,-1.0229032854441189,0
2528.9999999455176,-1151.8563814355875,1431.5256325159571,0,-1.2726695473555929,-1.0240351316678842,0
2529.9999998649582,-1153.128595616261,1430.5010317983688,0,-1.2717586463547006,-1.0251661685202107,0
2531.0000000987202,-1154.3998983932543,1429.4753004490049,0,-1.2708467401879759,-1.026296395107156,0
2532.0000000181608,-1155.6702887617867,1428.4484392785816,0,-1.2699338295761669,-1.027425810535417,0
2532.9999999376014,-1156.9397657178342,1427.4204490986303,0,-1.269019915240815,-1.0285544139123322,0
2533.999999857042,-1158.2083282579551,1426.3913307217299,0,-1.2681049979042542,-1.0296822043458824,0
2535.000000090804,-1159.4759753795224,1425.361084961216,0,-1.2671890782896127,-1.0308091809446909,0
2536.0000000102445,-1160.7427060806658,1424.3297126314137,0,-1.2662721571208102,-1.031935342818024,0
2536.9999999296851,-1162.0085193601553,1423.2972145474632,0,-1.2653542351225575,-1.0330606890757914,0
2537.9999998491257,-1163.2734142175759,1422.2635915254359,0,-1.2644353130203574,-1.0341852188285481,0
2539.0000000828877,-1164.5373896530946,1421.2288443822763,0,-1.2635153915405022,-1.0353089311874939,0
2540.0000000023283,-1165.8004446677514,1420.192973935802,0,-1.262594471410075,-1.0364318252644762,0
2540.9999999217689,-1167.0625782632851,1419.1559810048202,0,-1.2616725533569468,-1.0375539001719858,0
2542.0000001555309,-1168.3237894420745,1418.1178664088366,0,-1.2607496381097794,-1.038675155023165,0
2543.0000000749715,-1169.5840772073134,1417.0786309684045,0,-1.2598257263980213,-1.039795588931802,0
2543.9999999944121,-1170.8434405629523,1416.0382755048922,0,-1.2589008189519086,-1.0409152010123339,0
2544.9999999138527,-1172.1018785135821,1414.9968008405995,0,-1.2579749165024652,-1.0420339903798479,0
2546.0000001476146,-1173.3593900645501,1413.9542077986989,0,-1.2570480197815008,-1.0431519561500808,0
2547.0000000670552,-1174.6159742219606,1412.91049720312,0,-1.2561201295216109,-1.0442690974394213,0
2547.9999999864958,-1175.8716299926164,1411.8656698788982,0,-1.2551912464561765,-1.0453854133649085,0
2548.9999999059364,-1177.1263563841349,1410.8197266518255,0,-1.2542613713193638,-1.0465009030442354,0
2550.0000001396984,-1178.3801524048322,1409.7726683485089,0,-1.2533305048461216,-1.0476155655957462,0
2551.000000059139,-1179.6330170636647,1408.7244957966032,0,-1.2523986477721838,-1.0487294001384408,0
2551.9999999785796,-1180.8849493704038,1407.6752098245779,0,-1.2514658008340667,-1.0498424057919722,0
2552.9999998980202,-1182.1359483356355,1406.6248112616595,0,-1.2505319647690682,-1.0509545816766481,0
2554.0000001317821,-1183.3860129704699,1405.5733009380638,0,-1.2495971403152697,-1.0520659269134347,0
2555.0000000512227,-1184.6351422870066,1404.5206796849961,0,-1.248661328211532,-1.0531764406239512,0
2555.9999999706633,-1185.8833352979273,1403.4669483343023,0,-1.2477245291974974,-1.0542861219304762,0
2556.9999998901039,-1187.1305910167284,1402.4121077188756,0,-1.2467867440135887,-1.0553949699559462,0
2558.0000001238659,-1188.3769084574888,1401.3561586724245,0,-1.2458479734010068,-1.056502983823955,0
2559.0000000433065,-1189.6222866352764,1400.2991020295885,0,-1.2449082181017328,-1.0576101626587575,0
2559.9999999627471,-1190.8667245657416,1399.2409386257641,0,-1.2439674788585253,-1.058716505585267,0
2560.9999998821877,-1192.1102212652331,1398.1816692973371,0,-1.2430257564149207,-1.0598220117290578,0
2562.0000001159497,-1193.3527757510892,1397.1212948815082,0,-1.242083051515233,-1.0609266802163657,0
2563.0000000353903,-1194.5943870410556,1396.0598162164097,0,-1.2411393649045517,-1.0620305101740892,0
2563.9999999548309,-1195.8350541538675,1394.9972341409884,0,-1.240194697328743,-1.0631335007297888,0
2564.9999998742715,-1197.0747761089588,1393.9335494950647,0,-1.2392490495344484,-1.0642356510116886,0
2566.0000001080334,-1198.3135519264615,1392.8687631193316,0,-1.2383024222690837,-1.0653369601486782,0
2567.000000027474,-1199.5513806272647,1391.8028758554137,0,-1.2373548162808392,-1.0664374272703088,0
2567.9999999469146,-1200.7882612330141,1390.7358885457506,0,-1.2364062323186786,-1.0675370515068003,0
2568.9999998663552,-1202.02419276617,1389.6678020336549,0,-1.2354566711323391,-1.0686358319890372,0
2570.0000001001172,-1203.2591742497752,1388.5986171633122,0,-1.2345061334723297,-1.069733767848571,0
2571.0000000195578,-1204.4932047078619,1387.5283347797813,0,-1.2335546200899306,-1.0708308582176216,0
2571.9999999389984,-1205.7262831649859,1386.4569557289942,0,-1.2326021317371942,-1.0719271022290762,0
2572.999999858439,-1206.9584086465766,1385.384480857756,0,-1.2316486691669437,-1.0730224990164907,0
2574.0000000922009,-1208.1895801788196,1384.3109110136866,0,-1.2306942331327713,-1.074117047714092,0
2575.0000000116415,-1209.4197967885993,1383.236247045279,0,-1.2297388243890395,-1.0752107474567763,0
2575.9999999310821,-1210.649057503615,1382.1604898020159,0,-1.2287824436908781,-1.0763035973801109,0
2576.9999998505227,-1211.8773613522644,1381.0836401340785,0,-1.2278250917941873,-1.077395596620335,0
2578.0000000842847,-1213.1047073637601,1380.0056988926372,0,-1.2268667694556334,-1.0784867443143598,0
2579.0000000037253,-1214.331094567955,1378.9266669296194,0,-1.2259074774326506,-1.0795770395997701,0
2579.9999999231659,-1215.5565219956334,1377.8465450978838,0,-1.2249472164834385,-1.0806664816148248,0
2581.0000001569279,-1216.7809886782197,1376.7653342511039,0,-1.2239859873669627,-1.081755069498455,0
2582.0000000763685,-1218.0044936478953,1375.6830352438847,0,-1.2230237908429549,-1.0828428023902694,0
2582.999999995809,-1219.2270359376562,1374.5996489315876,0,-1.2220606276719113,-1.0839296794305513,0
2583.9999999152496,-1220.4486145812552,1373.5151761705638,0,-1.2210964986150905,-1.0850156997602605,0
2585.0000001490116,-1221.669228613202,1372.4296178179211,0,-1.2201314044345168,-1.0861008625210342,0
2586.0000000684522,-1222.8888770687045,1371.3429747316404,0,-1.2191653458929754,-1.0871851668551871,0
2586.9999999878928,-1224.1075589837856,1370.255247770634,0,-1.218198323754015,-1.0882686119057121,0
2587.9999999073334,-1225.3252733952831,1369.1664377945708,0,-1.2172303387819452,-1.0893511968162828,0
2589.0000001410954,-1226.5420193406753,1368.0765456639929,0,-1.2162613917418372,-1.0904329207312502,0
2590.000000060536,-1227.7577958583133,1366.9855722403736,0,-1.2152914833995216,-1.0915137827956478,0
2590.9999999799766,-1228.9726019873051,1365.8935183860012,0,-1.2143206145215899,-1.0925937821551894,0
2591.9999998994172,-1230.1864367673988,1364.8003849639208,0,-1.2133487858753922,-1.0936729179562703,0
2593.0000001331791,-1231.3992992393905,1363.706172838225,0,-1.2123759982290367,-1.0947511893459705,0
2594.0000000526197,-1232.6111884444836,1362.6108828736469,0,-1.211402252351391,-1.0958285954720504,0
2594.9999999720603,-1233.8221034249291,1361.5145159359672,0,-1.2104275490120782,-1.0969051354829551,0
2595.9999998915009,-1235.0320432236185,1360.4170728916652,0,-1.2094518889814798,-1.097980808527816,0
2597.0000001252629,-1236.2410068842582,1359.3185546082095,0,-1.2084752730307322,-1.0990556137564469,0
2598.0000000447035,-1237.448993451253,1358.2189619537094,0,-1.207497701931729,-1.1001295503193504,0
2598.9999999641441,-1238.6560019699973,1357.1182957973797,0,-1.2065191764571166,-1.101202617367713,0
2599.9999998835847,-1239.862031486351,1356.016557009134,0,-1.2055396973802974,-1.10227481405341,0
2601.0000001173466,-1241.0670810471056,1354.9137464597006,0,-1.2045592654754267,-1.1033461395290052,0
2602.0000000367872,-1242.2711496999254,1353.8098650207394,0,-1.2035778815174127,-1.1044165929477487,0
2602.9999999562278,-1243.4742364930571,1352.7049135647831,0,-1.2025955462819169,-1.1054861734635824,0
2603.9999998756684,-1244.6763404756784,1351.598892965063,0,-1.2016122605453521,-1.106554880231136,0
2605.0000001094304,-1245.8774606976076,1350.4918040958,0,-1.2006280250848822,-1.107622712405731,0
2606.000000028871,-1247.0775962095358,1349.3836478320882,0,-1.1996428406784221,-1.1086896691433807,0
2606.9999999483116,-1248.2767460629111,1348.2744250496035,0,-1.1986567081046364,-1.1097557496007884,0
2607.9999998677522,-1249.4749093099381,1347.1641366252443,0,-1.19766962814294,-1.1108209529353517,0
2609.0000001015142,-1250.6720850036363,1346.0527834364329,0,-1.1966816015734956,-1.1118852783051603,0
2610.0000000209548,-1251.8682721977821,1344.9403663615813,0,-1.1956926291772141,-1.1129487248689987,0
2610.9999999403954,-1253.0634699469665,1343.8268862799159,0,-1.194702711735754,-1.1140112917863458,0
2611.999999859836,-1254.2576773065375,1342.7123440714786,0,-1.1937118500315218,-1.1150729782173754,0
2613.0000000935979,-1255.4508933325415,1341.5967406172422,0,-1.1927200448476687,-1.1161337833229577,0
2614.0000000130385,-1256.643117081956,1340.4800767988781,0,-1.1917272969680932,-1.1171937062646593,0
2614.9999999324791,-1257.8343476125156,1339.3623534990475,0,-1.1907336071774375,-1.1182527462047434,0
2615.9999998519197,-1259.0245839825948,1338.2435716011096,0,-1.189738976261089,-1.1193109023061723,0
2617.0000000856817,-1260.2138252515579,1337.1237319892971,0,-1.1887434050051786,-1.1203681737326057,0
2618.0000000051223,-1261.4020704794675,1336.0028355487739,0,-1.1877468941965807,-1.1214245596484032,0
2618.9999999245629,-1262.5893187270267,1334.8808831654605,0,-1.1867494446229123,-1.1224800592186241,0
2619.9999998440035,-1263.7755690560443,1333.7578757260926,0,-1.1857510570725325,-1.1235346716090282,0
2621.0000000777654,-1264.960820528795,1332.6338141182787,0,-1.1847517323345416,-1.124588395986077,0
2621.999999997206,-1266.1450722085428,1331.5086992303841,0,-1.1837514711987802,-1.1256412315169331,0
2622.9999999166466,-1267.3283231593086,1330.3825319517637,0,-1.1827502744558291,-1.1266931773694617,0
2624.0000001504086,-1268.5105724458699,1329.2553131724708,0,-1.1817481428970096,-1.127744232712232,0
2625.0000000698492,-1269.6918191337609,1328.1270437834901,0,-1.1807450773143808,-1.1287943967145158,0
2625.9999999892898,-1270.8720622894471,1326.9977246764465,0,-1.1797410785007401,-1.12984366854629,0
2626.9999999087304,-1272.0513009799761,1325.867356744071,0,-1.1787361472496234,-1.1308920473782371,0
2628.0000001424924,-1273.2295342733851,1324.7359408796183,0,-1.1777302843553024,-1.1319395323817456,0
2629.000000061933,-1274.4067612384097,1323.6034779775073,0,-1.1767234906127853,-1.1329861227289091,0
2629.9999999813735,-1275.5829809446004,1322.4699689326808,0,-1.1757157668178169,-1.1340318175925292,0
2630.9999999008141,-1276.7581924622646,1321.3354146410711,0,-1.1747071137668768,-1.1350766161461157,0
2632.0000001345761,-1277.9323948626406,1320.1998159994255,0,-1.1736975322571781,-1.1361205175638855,0
2633.0000000540167,-1279.1055872176075,1319.0631739052478,0,-1.1726870230866691,-1.1371635210207658,0
2633.9999999734573,-1280.277768599859,1317.9254892569734,0,-1.1716755870540301,-1.1382056256923923,0
2634.9999998928979,-1281.44893808302,1316.7867629537359,0,-1.170663224958675,-1.1392468307551131,0
2636.0000001266599,-1282.6190947413561,1315.6469958956004,0,-1.1696499376007492,-1.1402871353859854,0
2637.0000000461005,-1283.7882376500638,1314.5061889833887,0,-1.1686357257811291,-1.1413265387627791,0
2637.9999999655411,-1284.9563658850384,1313.3643431187957,0,-1.1676205903014225,-1.142365040063976,0
2638.9999998849817,-1286.1234785230481,1312.2214592042728,0,-1.166604531963966,-1.1434026384687708,0
2640.0000001187436,-1287.2895746416179,1311.0775381430867,0,-1.1655875515718268,-1.1444393331570724,0
2641.0000000381842,-1288.4546533190878,1309.9325808394351,0,-1.1645696499288005,-1.1454751233095024,0
2641.9999999576248,-1289.6187136346707,1308.7865881982725,0,-1.1635508278394109,-1.1465100081074,0
2642.9999998770654,-1290.7817546682199,1307.6395611253101,0,-1.1625310861089091,-1.1475439867328174,0
2644.0000001108274,-1291.9437755005783,1306.4915005271323,0,-1.1615104255432729,-1.1485770583685242,0
2645.000000030268,-1293.1047752132872,1305.3424073111382,0,-1.1604888469492065,-1.1496092221980065,0
2645.9999999497086,-1294.264752888761,1304.1922823856003,0,-1.1594663511341403,-1.1506404774054695,0
2646.9999998691492,-1295.4237076101126,1303.0411266594892,0,-1.1584429389062287,-1.1516708231758344,0
2648.0000001029111,-1296.5816384613281,1301.8889410426491,0,-1.157418611074351,-1.1527002586947415,0
2649.0000000223517,-1297.7385445273248,1300.7357264457969,0,-1.1563933684481098,-1.1537287831485514,0
2649.9999999417923,-1298.8944248936023,1299.5814837803482,0,-1.1553672118378306,-1.1547563957243443,0
2650.9999998612329,-1300.0492786465911,1298.4262139585917,0,-1.1543401420545623,-1.1557830956099218,0
2652.0000000949949,-1301.2031048735953,1297.2699178936309,0,-1.1533121599100744,-1.1568088819938052,0
2653.0000000144355,-1302.3559026625589,1296.1125964993262,0,-1.1522832662168581,-1.1578337540652399,0
2653.9999999338761,-1303.5076711024158,1294.9542506905273,0,-1.1512534617881249,-1.1588577110141929,0
2654.9999998533167,-1304.6584092828562,1293.7948813826079,0,-1.1502227474378064,-1.1598807520313543,0
2656.0000000870787,-1305.808116294269,1292.6344894920476,0,-1.1491911239805528,-1.1609028763081382,0
2657.0000000065193,-1306.9567912280327,1291.4730759358499,0,-1.1481585922317332,-1.1619240830366835,0
2657.9999999259599,-1308.1044331762241,1290.3106416320661,0,-1.1471251530074342,-1.1629443714098544,0
2658.9999998454005,-1309.2510412318516,1289.1471874994459,0,-1.1460908071244609,-1.1639637406212413,0
2660.0000000791624,-1310.3966144885635,1287.9827144574956,0,-1.1450555554003334,-1.16498218986516,0
2660.999999998603,-1311.5411520409398,1286.8172234266531,0,-1.1440193986532885,-1.1659997183366544,0
2661.9999999180436,-1312.6846529844333,1285.6507153279963,0,-1.142982337702279,-1.1670163252314947,0
2663.0000001518056,-1313.8271164152538,1284.4831910835928,0,-1.1419443733669705,-1.1680320097461818,0
2664.0000000712462,-1314.9685414303094,1283.3146516162669,0,-1.1409055064677445,-1.169046771077944,0
2664.9999999906868,-1316.1089271276142,1282.1450978494831,0,-1.1398657378256947,-1.1700606084247391,0
2665.9999999101274,-1317.2482726056478,1280.9745307076373,0,-1.138825068262628,-1.1710735209852563,0
2667.0000001438893,-1318.3865769640543,1279.8029511159984,0,-1.1377834986010631,-1.172085507958915,0
2668.0000000633299,-1319.5238393031177,1278.630360000534,0,-1.1367410296642309,-1.1730965685458665,0
2668.9999999827705,-1320.6600587239373,1277.4567582879681,0,-1.1356976622760717,-1.1741067019469937,0
2669.9999999022111,-1321.7952343284851,1276.2821469059563,0,-1.1346533972612369,-1.175115907363913,0
2671.0000001359731,-1322.9293652194901,1275.1065267828526,0,-1.1336082354450878,-1.176124183998974,0
2672.0000000554137,-1324.0624505006708,1273.9298988478258,0,-1.1325621776536929,-1.1771315310552606,0
2672.9999999748543,-1325.1944892764441,1272.7522640308598,0,-1.13151522471383,-1.1781379477365908,0
2673.9999998942949,-1326.3254806520417,1271.5736232627532,0,-1.1304673774529843,-1.1791434332475181,0
2675.0000001280569,-1327.4554237335105,1270.3939774750033,0,-1.1294186366993482,-1.1801479867933333,0
2676.0000000474975,-1328.5843176278868,1269.2133276000968,0,-1.1283690032818194,-1.1811516075800617,0
2676.999999966938,-1329.7121614427888,1268.0316745710443,0,-1.1273184780300016,-1.1821542948144677,0
2677.9999998863786,-1330.8389542869409,1266.8490193219041,0,-1.1262670617742032,-1.1831560477040517,0
2679.0000001201406,-1331.9646952696494,1265.6653627873748,0,-1.1252147553454372,-1.1841568654570542,0
2680.0000000395812,-1333.089383501152,1264.4807059029699,0,-1.1241615595754204,-1.1851567472824536,0
2680.9999999590218,-1334.2130180926179,1263.295049605018,0,-1.1231074752965704,-1.1861556923899692,0
2681.9999998784624,-1335.3355981558561,1262.1083948306623,0,-1.1220525033420103,-1.1871536999900605,0
2683.0000001122244,-1336.4571228036657,1260.9207425178029,0,-1.120996644545563,-1.1881507692939268,0
2684.000000031665,-1337.5775911496021,1259.7320936050965,0,-1.1199398997417525,-1.1891468995135097,0
2684.9999999511056,-1338.6970023080939,1258.5424490320729,0,-1.118882269765803,-1.1901420898614936,0
2685.9999998705462,-1339.8153553943848,1257.3518097389606,0,-1.1178237554536385,-1.1911363395513046,0
2687.0000001043081,-1340.9326495245332,1256.1601766668027,0,-1.116764357641882,-1.1921296477971137,0
2688.0000000237487,-1342.0488838154124,1254.9675507574575,0,-1.1157040771678539,-1.1931220138138348,0
2688.9999999431893,-1343.1640573848854,1253.7739329534816,0,-1.1146429148695747,-1.1941134368171267,0
2689.9999998626299,-1344.2781693515135,1252.5793241984211,0,-1.1135808715857589,-1.1951039160233943,0
2691.0000000963919,-1345.3912188346731,1251.3837254363461,0,-1.1125179481558187,-1.1960934506497878,0
2692.0000000158325,-1346.5032049547299,1250.1871376121999,0,-1.1114541454198623,-1.1970820399142041,0
2692.9999999352731,-1347.6141268326901,1248.9895616718568,0,-1.1103894642186922,-1.1980696830352868,0
2693.9999998547137,-1348.7239835906075,1247.7909985617734,0,-1.1093239053938058,-1.1990563792324282,0
2695.0000000884756,-1349.8327743512345,1246.5914492292795,0,-1.1082574697873935,-1.2000421277257685,0
2696.0000000079162,-1350.9404982381966,1245.3909146225196,0,-1.1071901582423389,-1.2010269277361969,0
2696.9999999273568,-1352.0471543760505,1244.1893956902786,0,-1.1061219716022184,-1.2020107784853529,0
2697.9999998467974,-1353.1527418899932,1242.9868933822145,0,-1.1050529107112987,-1.2029936791956253,0
2699.0000000805594,-1354.2572599063278,1241.7834086488001,0,-1.1039829764145397,-1.2039756290901544,0
2700,-1355.3607075519976,1240.5789424412069,0,-1.1029121695575901,-1.204956627392832,0
2700.9999999194406,-1356.4630839548772,1239.3734957114793,0,-1.1018404909867878,-1.2059366733283015,0
2702.0000001532026,-1357.5643882436561,1238.1670694123022,0,-1.1007679415491611,-1.2069157661219598,0
2703.0000000726432,-1358.6646195479552,1236.9596644971753,0,-1.0996945220924259,-1.2078939049999569,0
2703.9999999920838,-1359.7637769980938,1235.7512819205294,0,-1.0986202334649857,-1.2088710891891963,0
2704.9999999115244,-1360.861859725439,1234.5419226373197,0,-1.0975450765159309,-1.2098473179173364,0
2706.0000001452863,-1361.9588668619981,1233.3315876034321,0,-1.096469052095038,-1.2108225904127905,0
2707.0000000647269,-1363.054797540768,1232.1202777755097,0,-1.0953921610527697,-1.2117969059047282,0
2707.9999999841675,-1364.1496508955024,1230.9079941108939,0,-1.0943144042402739,-1.2127702636230753,0
2708.9999999036081,-1365.2434260609443,1229.694737567741,0,-1.0932357825093817,-1.2137426627985144,0
2710.0000001373701,-1366.3361221725354,1228.4805091050221,0,-1.0921562967126088,-1.2147141026624855,0
2711.0000000568107,-1367.4277383665903,1227.2653096824652,0,-1.0910759477031531,-1.2156845824471871,0
2711.9999999762513,-1368.5182737804716,1226.0491402604384,0,-1.0899947363348954,-1.2166541013855769,0
2712.9999998956919,-1369.6077275521238,1224.8320018002414,0,-1.0889126634623976,-1.2176226587113721,0
2714.0000001294538,-1370.696098820481,1223.6138952638139,0,-1.0878297299409025,-1.2185902536590489,0
2715.0000000488944,-1371.7833867254085,1222.3948216139688,0,-1.0867459366263335,-1.2195568854638448,0
2715.999999968335,-1372.8695904074702,1221.1747818141594,0,-1.0856612843752937,-1.2205225533617585,0
2716.9999998877756,-1373.9547090081032,1219.9537768287701,0,-1.0845757740450646,-1.2214872565895503,0
2718.0000001215376,-1375.0387416697922,1218.7318076228257,0,-1.0834894064936058,-1.2224509943847441,0
2719.0000000409782,-1376.1216875356622,1217.5088751620497,0,-1.0824021825795551,-1.2234137659856248,0
2719.9999999604188,-1377.2035457497695,1216.2849804131547,0,-1.0813141031622262,-1.2243755706312429,0
2720.9999998798594,-1378.2843154571019,1215.0601243433775,0,-1.0802251691016103,-1.2253364075614122,0
2722.0000001136214,-1379.3639958034037,1213.8343079208862,0,-1.0791353812583726,-1.226296276016712,0
2723.000000033062,-1380.4425859352923,1212.6075321144308,0,-1.0780447404938545,-1.2272551752384859,0
2723.9999999525025,-1381.5200850003748,1211.3797978936927,0,-1.0769532476700707,-1.2282131044688442,0
2724.9999998719431,-1382.5964921468985,1210.1511062290519,0,-1.0758609036497093,-1.2291700629506641,0
2726.0000001057051,-1383.6718065242167,1208.921458091645,0,-1.0747677092961312,-1.2301260499275897,0
2727.0000000251457,-1384.746027282381,1207.6908544533071,0,-1.0736736654733692,-1.2310810646440333,0
2727.9999999445863,-1385.8191535723163,1206.4592962866882,0,-1.0725787730461283,-1.2320351063451755,0
2728.9999998640269,-1386.8911845458788,1205.226784565195,0,-1.071483032879784,-1.2329881742769657,0
2730.0000000977889,-1387.9621193557396,1203.9933202629909,0,-1.0703864458403811,-1.2339402676861229,0
2731.0000000172295,-1389.0319571555592,1202.7589043549378,0,-1.0692890127946346,-1.2348913858201369,0
2731.9999999366701,-1390.1006970996386,1201.5235378167126,0,-1.0681907346099273,-1.2358415279272679,0
2732.9999998561107,-1391.1683383433265,1200.2872216246906,0,-1.0670916121543115,-1.2367906932565478,0
2734.0000000898726,-1392.2348800428445,1199.0499567560037,0,-1.0659916462965044,-1.2377388810577803,0
2735.0000000093132,-1393.3003213551128,1197.811744188657,0,-1.0648908379058919,-1.2386860905815422,0
2735.9999999287538,-1394.3646614380996,1196.5725849011797,0,-1.0637891878525252,-1.2396323210791822,0
2736.9999998481944,-1395.4278994505294,1195.3324798730901,0,-1.0626866970071205,-1.2405775718028238,0
2738.0000000819564,-1396.4900345521164,1194.0914300844306,0,-1.0615833662410585,-1.2415218420053655,0
2739.000000001397,-1397.5510659033316,1192.849436516175,0,-1.060479196426384,-1.2424651309404795,0
2739.9999999208376,-1398.6109926655772,1191.6065001498791,0,-1.059374188435805,-1.2434074378626139,0
2741.0000001545995,-1399.6698140011285,1190.36262196803,0,-1.0582683431426914,-1.244348762026994,0
2742.0000000740401,-1400.7275290730759,1189.1178029536386,0,-1.0571616614210755,-1.24528910268962,0
2742.9999999934807,-1401.7841370454407,1187.8720440907055,0,-1.0560541441456508,-1.2462284591072712,0
2743.9999999129213,-1402.8396370831179,1186.6253463637549,0,-1.0549457921917706,-1.2471668305375039,0
2745.0000001466833,-1403.894028351875,1185.3777107582428,0,-1.0538366064354485,-1.2481042162386529,0
2746.0000000661239,-1404.9473100183532,1184.1291382601485,0,-1.0527265877533563,-1.2490406154698324,0
2746.9999999855645,-1405.9994812500081,1182.8796298563248,0,-1.051615737022825,-1.2499760274909364,0
2747.9999999050051,-1407.0505412153434,1181.6291865344392,0,-1.0505040551218432,-1.2509104515626384,0
2749.0000001387671,-1408.1004890835029,1180.3778092827997,0,-1.0493915429290561,-1.2518438869463939,0
2750.0000000582077,-1409.1493240247364,1179.1254990903544,0,-1.0482782013237646,-1.2527763329044386,0
2750.9999999776483,-1410.1970452099922,1177.872256947041,0,-1.0471640311859263,-1.2537077886997912,0
2751.9999998970889,-1411.2436518112081,1176.6180838432629,0,-1.0460490333961525,-1.2546382535962524,0
2753.0000001308508,-1412.289143001195,1175.3629807703546,0,-1.0449332088357091,-1.255567726858406,0
2754.0000000502914,-1413.3335179535788,1174.1069487203495,0,-1.0438165583865162,-1.2564962077516206,0
2754.999999969732,-1414.3767758429749,1172.8499886859208,0,-1.042699082931146,-1.2574236955420481,0
2755.9999998891726,-1415.4189158447552,1171.5921016605571,0,-1.0415807833528226,-1.2583501894966254,0
2757.0000001229346,-1416.4599371352233,1170.3332886384451,0,-1.0404616605354216,-1.2592756888830756,0
2758.0000000423752,-1417.499838891672,1169.0735506145284,0,-1.0393417153634692,-1.2602001929699069,0
2758.9999999618158,-1418.5386202921509,1167.8128885845072,0,-1.0382209487221421,-1.2611237010264151,0
2759.9999998812564,-1419.5762805155828,1166.551303544722,0,-1.0370993614972659,-1.2620462123226828,0
2761.0000001150183,-1420.6128187419381,1165.2887964923866,0,-1.0359769545753148,-1.26296772612958,0
2762.0000000344589,-1421.6482341518276,1164.0253684252384,0,-1.0348537288434105,-1.263888241718766,0
2762.9999999538995,-1422.6825259269681,1162.7610203418881,0,-1.0337296851893218,-1.2648077583626884,0
2763.9999998733401,-1423.7156932498328,1161.4957532417029,0,-1.0326048245014652,-1.2657262753345844,0
2765.0000001071021,-1424.747735303943,1160.2295681246906,0,-1.0314791476689014,-1.2666437919084821,0
2766.0000000265427,-1425.7786512734601,1158.9624659916153,0,-1.0303526555813374,-1.2675603073591986,0
2766.9999999459833,-1426.8084403436515,1157.69444784394,0,-1.0292253491291237,-1.2684758209623439,0
2767.9999998654239,-1427.8371017005411,1156.4255146838841,0,-1.0280972292032549,-1.2693903319943192,0
2769.0000000991859,-1428.8646345311427,1155.1556675143656,0,-1.0269682966953679,-1.2703038397323183,0
2770.0000000186265,-1429.8910380233428,1153.8849073390593,0,-1.0258385524977431,-1.2712163434543271,0
2770.999999938067,-1430.9163113659015,1152.6132351623964,0,-1.0247079975033013,-1.2721278424391262,0
2771.9999998575076,-1431.9404537483933,1151.3406519893906,0,-1.0235766326056051,-1.2730383359662905,0
2773.0000000912696,-1432.9634643614409,1150.0671588258701,0,-1.0224444586988564,-1.2739478233161881,0
2774.0000000107102,-1433.9853423964232,1148.7927566783619,0,-1.0213114766778961,-1.2748563037699834,0
2774.9999999301508,-1435.0060870457091,1147.5174465541495,0,-1.0201776874382056,-1.275763776609637,0
2775.9999998495914,-1436.0256975025404,1146.2412294612732,0,-1.0190430918759024,-1.2766702411179045,0
2777.0000000833534,-1437.0441729609738,1144.9641064082971,0,-1.0179076908877425,-1.27757569657834,0
2778.000000002794,-1438.0615126161138,1143.6860784046585,0,-1.0167714853711176,-1.2784801422752941,0
2778.9999999222346,-1439.0777156638796,1142.4071464605513,0,-1.0156344762240563,-1.2793835774939157,0
2780.0000001559965,-1440.0927813010057,1141.1273115867516,0,-1.0144966643452216,-1.2802860015201529,0
2781.0000000754371,-1441.1067087252741,1139.8465747948503,0,-1.0133580506339115,-1.2811874136407526,0
2781.9999999948777,-1442.1194971352816,1138.5649370970204,0,-1.0122186359900571,-1.2820878131432609,0
2782.9999999143183,-1443.1311457305565,1137.2823995063081,0,-1.0110784213142232,-1.2829871993160253,0
2784.0000001480803,-1444.1416537115583,1135.9989630363998,0,-1.0099374075076064,-1.2838855714481936,0
2785.0000000675209,-1445.1510202795034,1134.7146287016803,0,-1.0087955954720351,-1.2847829288297152,0
2785.9999999869615,-1446.159244636714,1133.4293975172332,0,-1.0076529861099686,-1.2856792707513418,0
2786.9999999064021,-1447.1663259862689,1132.1432704988983,0,-1.0065095803244966,-1.2865745965046269,0
2788.000000140164,-1448.1722635321785,1130.8562486631563,0,-1.0053653790193378,-1.2874689053819277,0
2789.0000000596046,-1449.1770564794424,1129.5683330273023,0,-1.0042203830988399,-1.2883621966764061,0
2789.9999999790452,-1450.1807040338172,1128.2795246092719,0,-1.0030745934679792,-1.2892544696820267,0
2790.9999998984858,-1451.183205402107,1126.989824427641,0,-1.0019280110323583,-1.290145723693559,0
2792.0000001322478,-1452.184559791931,1125.6992335017421,0,-1.000780636698207,-1.2910359580065784,0
2793.0000000516884,-1453.1847664118395,1124.4077528517228,0,-0.9996324713723812,-1.2919251719174674,0
2793.999999971129,-1454.1838244713144,1123.1153834983124,0,-0.99848351596236162,-1.2928133647234126,0
2794.9999998905696,-1455.1817331807106,1121.822126462881,0,-0.99733377137625334,-1.2937005357224096,0
2796.0000001243316,-1456.1784917513141,1120.5279827676713,0,-0.99618323852278523,-1.294586684213261,0
2797.0000000437722,-1457.1740993952844,1119.2329534355667,0,-0.99503191831130966,-1.2954718094955768,0
2797.9999999632128,-1458.1685553257703,1117.9370394899743,0,-0.99387981165180084,-1.2963559108697771,0
2798.9999998826534,-1459.1618587567355,1116.6402419553488,0,-0.99272691945485469,-1.2972389876370896,0
2800.0000001164153,-1460.1540089031332,1115.3425618564943,0,-0.99157324263168811,-1.2981210390995537,0
2801.0000000358559,-1461.14500498079,1114.0440002191463,0,-0.99041878209413803,-1.299002064560018,0
2801.9999999552965,-1462.1348462064052,1112.7445580696221,0,-0.98926353875466067,-1.299882063322142,0
2802.9999998747371,-1463.123531797668,1111.4442364349379,0,-0.9881075135263313,-1.3007610346903973,0
2804.0000001084991,-1464.1110609731404,1110.1430363429245,0,-0.98695070732284296,-1.3016389779700672,0
2805.0000000279397,-1465.0974329522578,1108.8409588219365,0,-0.98579312105850581,-1.3025158924672473,0
2805.9999999473803,-1466.0826469555032,1107.5380049011437,0,-0.98463475564824676,-1.3033917774888468,0
2806.9999998668209,-1467.0667022041744,1106.234175610356,0,-0.98347561200760869,-1.3042666323425882,0
2808.0000001005828,-1468.0495979204425,1104.9294719800819,0,-0.9823156910527493,-1.3051404563370084,0
2809.0000000200234,-1469.031333327468,1103.6238950415282,0,-0.98115499370044068,-1.3060132487814595,0
2809.999999939464,-1470.0119076493429,1102.3174458266003,0,-0.97999352086806857,-1.3068850089861082,0
2810.9999998589046,-1470.9913201110321,1101.010125367844,0,-0.97883127347363208,-1.3077557362619365,0
2812.0000000926666,-1471.969569938432,1099.7019346986199,0,-0.97766825243574162,-1.3086254299207454,0
2813.0000000121072,-1472.9466563583119,1098.3928748528124,0,-0.97650445867361979,-1.309494089275149,0
2813.9999999315478,-1473.9225785984891,1097.0829468650627,0,-0.97533989310709979,-1.3103617136385823,0
2814.9999998509884,-1474.8973358875955,1095.7721517707687,0,-0.97417455665662456,-1.3112283023252964,0
2816.0000000847504,-1475.8709274551366,1094.4604906058521,0,-0.97300845024324656,-1.3120938546503615,0
2817.000000004191,-1476.8433525317232,1093.1479644071078,0,-0.97184157478862687,-1.3129583699296672,0
2817.9999999236315,-1477.8146103486652,1091.8345742119127,0,-0.97067393121503431,-1.3138218474799224,0
2818.9999998430721,-1478.7847001384362,1090.520321058284,0,-0.96950552044534477,-1.3146842866186563,0
2820.0000000768341,-1479.7536211341503,1089.2052059850539,0,-0.96833634340304053,-1.315545686664219,0
2820.9999999962747,-1480.7213725700858,1087.8892300315783,0,-0.96716640101220963,-1.3164060469357821,0
2821.9999999157153,-1481.687953681394,1086.57239423797,0,-0.96599569419754483,-1.3172653667533376,0
2823.0000001494773,-1482.6533637039829,1085.2546996450983,0,-0.96482422388434308,-1.3181236454377019,0
2824.0000000689179,-1483.6176018749247,1083.9361472943565,0,-0.96365199099850474,-1.3189808823105125,0
2824.9999999883585,-1484.5806674321066,1082.6167382279527,0,-0.96247899646653312,-1.3198370766942316,0
2825.9999999077991,-1485.5425596142886,1081.2964734887355,0,-0.9613052412155334,-1.3206922279121442,0
2827.000000141561,-1486.5032776612788,1079.9753541200771,0,-0.96013072617321227,-1.3215463352883612,0
2828.0000000610016,-1487.4628208137001,1078.6533811663394,0,-0.95895545226787648,-1.3223993981478173,0
2828.9999999804422,-1488.4211883131647,1077.3305556722335,0,-0.95777942042843267,-1.3232514158162729,0
2829.9999998998828,-1489.3783794022165,1076.0068786832853,0,-0.95660263158438663,-1.3241023876203155,0
2831.0000001336448,-1490.3343933243304,1074.6823512458359,0,-0.95542508666584258,-1.3249523128873582,0
2832.0000000530854,-1491.2892293238547,1073.3569744065753,0,-0.95424678660350215,-1.3258011909456417,0
2832.999999972526,-1492.2428866461269,1072.0307492131833,0,-0.95306773232866382,-1.3266490211242341,0
2833.9999998919666,-1493.195364537416,1070.7036767138634,0,-0.95188792477322237,-1.3274958027530326,0
2835.0000001257285,-1494.1466622448643,1069.3757579574594,0,-0.95070736486966767,-1.3283415351627612,0
2836.0000000451691,-1495.0967790166615,1068.0469939935138,0,-0.94952605355108455,-1.3291862176849754,0
2836.9999999646097,-1496.0457141018123,1066.7173858722672,0,-0.94834399175115136,-1.3300298496520586,0
2837.9999998840503,-1496.9934667503112,1065.3869346446008,0,-0.9471611804041401,-1.3308724303972266,0
2839.0000001178123,-1497.9400362130837,1064.0556413620943,0,-0.9459776204449144,-1.3317139592545248,0
2840.0000000372529,-1498.8854217419866,1062.7235070769675,0,-0.94479331280893042,-1.332554435558829,0
2840.9999999566935,-1499.8296225898084,1061.3905328420224,0,-0.94360825843223506,-1.3333938586458489,0
2841.9999998761341,-1500.7726380102686,1060.056719710934,0,-0.9424224582514652,-1.3342322278521257,0
2843.0000001098961,-1501.714467258018,1058.7220687378431,0,-0.94123591320384714,-1.3350695425150325,0
2844.0000000293367,-1502.6551095886971,1057.3865809776471,0,-0.94004862422719604,-1.3359058019727788,0
2844.9999999487773,-1503.5945642588194,1056.0502574858838,0,-0.93886059225991525,-1.3367410055644051,0
2845.9999998682179,-1504.5328305258299,1054.7130993186729,0,-0.93767181824099521,-1.3375751526297881,0
2847.0000001019798,-1505.4699076482211,1053.3751075330074,0,-0.93648230311001246,-1.3384082425096393,0
2848.0000000214204,-1506.4057948853588,1052.0362831862876,0,-0.93529204780712971,-1.3392402745455052,0
2848.999999940861,-1507.3404914974235,1050.6966273367289,0,-0.93410105327309478,-1.3400712480797687,0
2849.9999998603016,-1508.2739967458183,1049.3561410431867,0,-0.93290932044923969,-1.3409011624556493,0
2851.0000000940636,-1509.2063098925864,1048.0148253650987,0,-0.93171685027747964,-1.3417300170172028,0
2852.0000000135042,-1510.1374302008771,1046.6726813626592,0,-0.93052364370031304,-1.3425578111093255,0
2852.9999999329448,-1511.0673569348291,1045.3297100965865,0,-0.92932970166081985,-1.343384544077749,0
2853.9999998523854,-1511.9960893593379,1043.9859126284136,0,-0.92813502510266188,-1.3442102152690441,0
2855.0000000861473,-1512.9236267404631,1042.6412900201976,0,-0.92693961497008126,-1.3450348240306216,0
2856.0000000055879,-1513.8499683450791,1041.2958433346939,0,-0.92574347220789988,-1.345858369710732,0
2856.9999999250285,-1514.7751134409918,1039.9495736353565,0,-0.92454659776151848,-1.3466808516584645,0
2857.9999998444691,-1515.6990612970549,1038.6024819861632,0,-0.92334899257691649,-1.347502269223751,0
2859.0000000782311,-1516.6218111828784,1037.2545694519067,0,-0.92215065760065085,-1.3483226217573638,0
2859.9999999976717,-1517.5433623692952,1035.9058370979037,0,-0.92095159377985492,-1.3491419086109167,0
2860.9999999171123,-1518.4637141278363,1034.5562859901693,0,-0.91975180206223861,-1.3499601291368668,0
2862.0000001508743,-1519.3828657310805,1033.2059171953006,0,-0.91855128339608672,-1.3507772826885127,0
2863.0000000703149,-1520.3008164525963,1031.8547317806515,0,-0.91735003873025889,-1.3515933686199977,0
2863.9999999897555,-1521.2175655668834,1030.502730814158,0,-0.91614806901418855,-1.3524083862863066,0
2864.999999909196,-1522.1331123492564,1029.1499153643963,0,-0.91494537519788199,-1.3532223350432717,0
2866.000000142958,-1523.0474560761941,1027.7962865005829,0,-0.91374195823191795,-1.3540352142475678,0
2867.0000000623986,-1523.9605960249901,1026.4418452926329,0,-0.91253781906744702,-1.354847023256716,0
2867.9999999818392,-1524.8725314739277,1025.0865928109852,0,-0.91133295865618991,-1.3556577614290821,0
2868.9999999012798,-1525.7832617022214,1023.7305301268934,0,-0.91012737795043808,-1.3564674281238804,0
2870.0000001350418,-1526.6927859900752,1022.3736583121354,0,-0.90892107790305177,-1.3572760227011704,0
2871.0000000544824,-1527.6011036185664,1021.0159784390708,0,-0.90771405946745987,-1.3580835445218589,0
2871.999999973923,-1528.5082138698781,1019.6574915808742,0,-0.9065063235976597,-1.3588899929477019,0
2872.9999998933636,-1529.4141160269501,1018.298198811186,0,-0.9052978712482147,-1.3596953673413021,0
2874.0000001271255,-1530.3188093738281,1016.9381012044032,0,-0.90408870337425529,-1.3604996670661129,0
2875.0000000465661,-1531.2222931954893,1015.5771998355049,0,-0.90287882093147698,-1.3613028914864365,0
2875.9999999660067,-1532.1245667778421,1014.2154957801104,0,-0.90166822487614018,-1.3621050399674239,0
2876.9999998854473,-1533.0256294077262,1012.8529901144211,0,-0.90045691616506929,-1.3629061118750765,0
2878.0000001192093,-1533.9254803729127,1011.4896839153953,0,-0.89924489575565225,-1.3637061065762484,0
2879.0000000386499,-1534.8241189622786,1010.1255782605731,0,-0.89803216460583901,-1.3645050234386438,0
2879.9999999580905,-1535.721544465574,1008.7606742280186,0,-0.89681872367414195,-1.3653028618308189,0
2880.9999998775311,-1536.6177561733639,1007.3949728966109,0,-0.89560457391963377,-1.3660996211221832,0
2882.000000111293,-1537.5127533774357,1006.0284753456945,0,-0.89438971630194786,-1.3668953006829971,0
2883.0000000307336,-1538.4065353703336,1004.6611826553708,0,-0.89317415178127668,-1.3676898998843765,0
2883.9999999501742,-1539.2991014457075,1003.2930959062651,0,-0.89195788131837206,-1.3684834180982899,0
2884.9999998696148,-1540.1904508979642,1001.924216179701,0,-0.89074090587454313,-1.3692758546975603,0
2886.0000001033768,-1541.0805830227328,1000.5545445575844,0,-0.88952322641165649,-1.370067209055867,0
2887.0000000228174,-1541.9694971164572,999.18408212251961,0,-0.88830484389213515,-1.3708574805477429,0
2887.999999942258,-1542.8571924765129,997.81282995769288,0,-0.88708575927895761,-1.3716466685485769,0
2888.9999998616986,-1543.7436684013228,996.4407891468145,0,-0.88586597353565766,-1.3724347724346153,0
2890.0000000954606,-1544.6289241901832,995.06796077440958,0,-0.88464548762632311,-1.3732217915829605,0
2891.0000000149012,-1545.5129591434961,993.69434592541074,0,-0.88342430251559523,-1.3740077253715732,0
2891.9999999343418,-1546.3957725624787,992.31994568562368,0,-0.88220241916866748,-1.3747925731792705,0
2892.9999998537824,-1547.2773637493956,990.94476114126155,0,-0.8809798385512857,-1.3755763343857286,0
2894.0000000875443,-1548.1577320075012,989.56879337929422,0,-0.87975656162974669,-1.3763590083714834,0
2895.0000000069849,-1549.0368766408646,988.19204348715721,0,-0.87853258937089751,-1.377140594517928,0
2895.9999999264255,-1549.9147969547776,986.81451255304273,0,-0.87730792274213487,-1.3779210922073173,0
2896.9999998458661,-1550.79149225523,985.43620166572509,0,-0.87608256271140417,-1.3787005008227651,0
2898.0000000796281,-1551.6669618493761,984.05711191461887,0,-0.87485651024719902,-1.3794788197482468,0
2898.9999999990687,-1552.5412050452433,982.67724438966252,0,-0.87362976631856004,-1.3802560483685991,0
2899.9999999185093,-1553.4142211518483,981.29660018155118,0,-0.87240233189507499,-1.3810321860695196,0
2901.0000001522712,-1554.2860094791977,979.91518038138747,0,-0.87117420794687672,-1.3818072322375694,0
2902.0000000717118,-1555.156569338229,978.53298608108889,0,-0.86994539544464333,-1.3825811862601716,0
2902.9999999911524,-1556.0259000408696,977.15001837315504,0,-0.86871589535959715,-1.3833540475256121,0
2903.999999910593,-1556.8940009000944,975.76627835049294,0,-0.86748570866350394,-1.3841258154230403,0
2905.000000144355,-1557.7608712296351,974.38176710694097,0,-0.86625483632867195,-1.3848964893424718,0
2906.0000000637956,-1558.6265103445039,972.99648573668674,0,-0.86502327932795164,-1.385666068674785,0
2906.9999999832362,-1559.4909175604116,971.61043533467455,0,-0.86379103863473428,-1.3864345528117232,0
2907.9999999026768,-1560.3540921941749,970.22361699631438,0,-0.86255811522295178,-1.3872019411458965,0
2909.0000001364388,-1561.2160335635999,968.8360318178311,0,-0.86132451006707589,-1.387968233070781,0
2910.0000000558794,-1562.0767409874243,967.44768089585705,0,-0.86009022414211656,-1.3887334279807186,0
2910.99999997532,-1562.9362137853168,966.05856532772304,0,-0.85885525842362231,-1.3894975252709179,0
2911.9999998947605,-1563.7944512779941,964.6686862114002,0,-0.85761961388767871,-1.3902605243374575,0
2913.0000001285225,-1564.6514527871623,963.27804464532528,0,-0.85638329151090797,-1.3910224245772809,0
2914.0000000479631,-1565.5072176354006,961.88664172874996,0,-0.85514629227046768,-1.3917832253882014,0
2914.9999999674037,-1566.3617451463942,960.49447856127517,0,-0.8539086171440512,-1.3925429261689017,0
2915.9999998868443,-1567.2150346447015,959.10155624325853,0,-0.85267026710988503,-1.3933015263189337,0
2917.0000001206063,-1568.0670854559285,957.70787587569794,0,-0.85143124314673013,-1.3940590252387179,0
2918.0000000400469,-1568.9178969066706,956.31343856005697,0,-0.8501915462338796,-1.3948154223295477,0
2918.9999999594875,-1569.767468324455,954.91824539849767,0,-0.84895117735115855,-1.3955707169935856,0
2919.9999998789281,-1570.6157990377396,953.5222974937642,0,-0.84771013747892299,-1.3963249086338658,0
2921.00000011269,-1571.4628883760306,952.12559594912454,0,-0.84646842759805963,-1.3970779966542941,0
2922.0000000321306,-1572.3087356699398,950.728141868487,0,-0.84522604868998419,-1.3978299804596486,0
2922.9999999515712,-1573.1533402507775,949.32993635645835,0,-0.84398300173664176,-1.3985808594555813,0
2923.9999998710118,-1573.9967014510185,947.93098051805282,0,-0.84273928772050499,-1.3993306330486159,0
2925.0000001047738,-1574.8388186041848,946.53127545904135,0,-0.84149490762457391,-1.4000793006461494,0
2926.0000000242144,-1575.6796910445555,945.13082228566054,0,-0.84024986243237543,-1.4008268616564554,0
2926.999999943655,-1576.5193181076902,943.72962210478727,0,-0.83900415312796139,-1.40157331548868,0
2927.9999998630956,-1577.3576991297887,942.32767602393869,0,-0.837757780695909,-1.4023186615528453,0
2929.0000000968575,-1578.1948334483313,940.92498515109764,0,-0.83651074612131937,-1.4030628992598482,0
2930.0000000162981,-1579.0307204016717,939.52155059506185,0,-0.83526305038981707,-1.4038060280214624,0
2930.9999999357387,-1579.8653593290364,938.11737346492009,0,-0.83401469448754939,-1.4045480472503371,0
2931.9999998551793,-1580.6987495708745,936.71245487057604,0,-0.83276567940118518,-1.4052889563599997,0
2933.0000000889413,-1581.5308904684498,935.30679592245724,0,-0.8315160061179141,-1.4060287547648542,0
2934.0000000083819,-1582.361781364074,933.90039773145691,0,-0.83026567562544662,-1.406767441880183,0
2934.9999999278225,-1583.19142160099,932.49326140928315,0,-0.82901468891201202,-1.4075050171221457,0
2935.9999998472631,-1584.0198105234886,931.08538806805154,0,-0.8277630469663585,-1.4082414799077827,0
2937.0000000810251,-1584.8469474768499,929.67677882051794,0,-0.82651075077775238,-1.4089768296550109,0
2938.0000000004657,-1585.6728318072855,928.26743477996206,0,-0.8252578013359767,-1.4097110657826306,0
2938.9999999199063,-1586.4974628620548,926.85735706036212,0,-0.82400419963133098,-1.4104441877103187,0
2940.0000001536682,-1587.3208399894647,925.44654677610379,0,-0.82274994665463042,-1.4111761948586334,0
2941.0000000731088,-1588.1429625386372,924.03500504238764,0,-0.82149504339720458,-1.4119070866490167,0
2941.9999999925494,-1588.9638298598002,922.6227329748217,0,-0.82023949085089765,-1.4126368625037893,0
2942.99999991199,-1589.7834413042292,921.20973168953788,0,-0.81898329000806613,-1.4133655218461545,0
2944.000000145752,-1590.601796224073,919.79600230348296,0,-0.8177264418615795,-1.4140930641001983,0
2945.0000000651926,-1591.4188939725282,918.38154593389481,0,-0.81646894740481879,-1.4148194886908909,0
2945.9999999846332,-1592.2347339037806,916.96636369882617,0,-0.81521080763167564,-1.415544795044084,0
2946.9999999040738,-1593.0493153730058,915.55045671679545,0,-0.81395202353655194,-1.4162689825865136,0
2948.0000001378357,-1593.8626377364271,914.13382610678673,0,-0.81269259611435885,-1.4169920507458005,0
2949.0000000572763,-1594.6747003511409,912.71647298859898,0,-0.81143252636051555,-1.4177139989504501,0
2949.9999999767169,-1595.4855025753495,911.29839848238043,0,-0.81017181527094984,-1.4184348266298519,0
2950.9999998961575,-1596.2950437682448,909.87960370903602,0,-0.80891046384209531,-1.4191545332142832,0
2952.0000001299195,-1597.1033232898917,908.46008978987811,0,-0.80764847307089249,-1.4198731181349054,0
2953.0000000493601,-1597.9103405015776,907.03985784685938,0,-0.80638584395478685,-1.4205905808237669,0
2953.9999999688007,-1598.7160947653465,905.61890900245635,0,-0.80512257749172855,-1.4213069207138043,0
2954.9999998882413,-1599.5205854444648,904.19724437984405,0,-0.80385867468017103,-1.42202213723884,0
2956.0000001220033,-1600.3238119029556,902.77486510266317,0,-0.80259413651907174,-1.4227362298335853,0
2957.0000000414439,-1601.1257735060644,901.35177229502006,0,-0.80132896400788933,-1.4234491979336394,0
2957.9999999608845,-1601.9264696198516,899.92796708177775,0,-0.80006315814658391,-1.4241610409754899,0
2958.999999880325,-1602.7258996115415,898.50345058826497,0,-0.79879671993561663,-1.4248717583965149,0
2960.000000114087,-1603.5240628492902,897.07822394039249,0,-0.79752965037594803,-1.4255813496349807,0
2961.0000000335276,-1604.3209587021847,895.65228826459497,0,-0.7962619504690378,-1.4262898141300455,0
2961.9999999529682,-1605.1165865404182,894.22564468788914,0,-0.79499362121684369,-1.4269971513217552,0
2962.9999998724088,-1605.9109457351733,892.79829433793202,0,-0.79372466362182159,-1.4277033606510492,0
2964.0000001061708,-1606.704035658564,891.37023834272986,0,-0.792455078686923,-1.4284084415597578,0
2965.0000000256114,-1607.4958556837519,889.94147783110384,0,-0.79118486741559579,-1.4291123934906027,0
2965.999999945052,-1608.2864051849465,888.51201393228257,0,-0.7899140308117828,-1.4298152158871971,0
2966.9999998644926,-1609.0756835372886,887.08184777601855,0,-0.78864256987992098,-1.4305169081940501,0
2968.0000000982545,-1609.8636901169084,885.65098049276276,0,-0.78737048562494105,-1.4312174698565596,0
2969.0000000176951,-1610.6504243011004,884.21941321337363,0,-0.78609777905226619,-1.4319169003210215,0
2969.9999999371357,-1611.4358854679158,882.78714706934988,0,-0.78482445116781141,-1.4326151990346228,0
2970.9999998565763,-1612.220072996628,881.35418319277233,0,-0.7835505029779829,-1.4333123654454449,0
2972.0000000903383,-1613.0029862674419,879.9205227161292,0,-0.782275935489677,-1.4340083990024666,0
2973.0000000097789,-1613.7846246615518,878.48616677254904,0,-0.78100074971027955,-1.4347032991555597,0
2973.9999999292195,-1614.5649875611416,877.05111649580067,0,-0.77972494664766501,-1.4353970653554931,0
2974.9999998486601,-1615.3440743493848,875.61537302000215,0,-0.77844852731019576,-1.4360896970539314,0
2976.000000082422,-1616.1218844106188,874.17893748002825,0,-0.77717149270672148,-1.4367811937034358,0
2977.0000000018626,-1616.8984171300544,872.74181101116119,0,-0.77589384384657822,-1.4374715547574652,0
2977.9999999213032,-1617.6736718939501,871.30399474920705,0,-0.77461558173958678,-1.4381607796703755,0
2979.0000001550652,-1618.4476480894955,869.86548983067041,0,-0.77333670739605354,-1.4388488678974212,0
2980.0000000745058,-1619.2203451049863,868.42629739252152,0,-0.77205722182676817,-1.4395358188947545,0
2980.9999999939464,-1619.9917623297079,866.98641857213806,0,-0.77077712604300397,-1.4402216321194263,0
2981.999999913387,-1620.761899153993,865.54585450771265,0,-0.76949642105651594,-1.4409063070293882,0
2983.000000147149,-1621.5307549691061,864.10460633772891,0,-0.76821510787954106,-1.4415898430834899,0
2984.0000000665896,-1622.298329167359,862.66267520131078,0,-0.76693318752479656,-1.4422722397414818,0
2984.9999999860302,-1623.0646211421117,861.22006223822245,0,-0.76565066100548007,-1.4429534964640154,0
2985.9999999054708,-1623.8296302876552,859.7767685885774,0,-0.76436752933526786,-1.4436336127126417,0
2987.0000001392327,-1624.5933559993864,858.33279539312935,0,-0.76308379352831501,-1.4443125879498147,0
2988.0000000586733,-1625.355797673692,856.8881437931559,0,-0.76179945459925347,-1.4449904216388894,0
2988.9999999781139,-1626.1169547078898,855.44281493051676,0,-0.76051451356319255,-1.4456671132441228,0
2989.9999998975545,-1626.8768265004619,853.99680994753726,0,-0.75922897143571699,-1.446342662230675,0
2991.0000001313165,-1627.6354124507052,852.55012998712482,0,-0.75794282923288647,-1.4470170680646097,0
2992.0000000507571,-1628.3927119591972,851.10277619265253,0,-0.75665608797123574,-1.4476903302128936,0
2992.9999999701977,-1629.1487244273303,849.65474970813375,0,-0.75536874866777226,-1.4483624481433974,0
2993.9999998896383,-1629.9034492575447,848.2060516779311,0,-0.75408081233997626,-1.4490334213248954,0
2995.0000001234002,-1630.6568858533283,846.7566832472221,0,-0.75279228000580012,-1.4497032492270687,0
2996.0000000428408,-1631.4090336192166,845.3066455614171,0,-0.75150315268366707,-1.450371931320501,0
2996.9999999622814,-1632.159891960735,843.85593976668315,0,-0.75021343139247088,-1.4510394670766833,0
2997.999999881722,-1632.9094602843397,842.40456700959476,0,-0.74892311715157456,-1.451705855968012,0
2999.000000115484,-1633.6577379977098,840.95252843719209,0,-0.74763221098080967,-1.452371097467791,0
3000.0000000349246,-1634.4047245093388,839.499825197272,0,-0.74634071390047596,-1.4530351910502295,0
3000.9999999543652,-1635.1504192288849,838.04645843792241,0,-0.74504862693133966,-1.4536981361904446,0
3001.9999998738058,-1635.894821566937,836.5924293078715,0,-0.74375595109463399,-1.454359932364462,0
3003.0000001075678,-1636.6379309351323,835.13773895637132,0,-0.74246268741205712,-1.4550205790492146,0
3004.0000000270084,-1637.3797467461554,833.6823885331396,0,-0.74116883690577184,-1.4556800757225439,0
3004.999999946449,-1638.1202684136806,832.22637918841792,0,-0.73987440059840492,-1.4563384218631996,0
3005.9999998658895,-1638.8594953524298,830.76971207308816,0,-0.73857937951304597,-1.4569956169508427,0
3007.0000000996515,-1639.5974269781145,829.31238833838142,0,-0.73728377467324691,-1.4576516604660426,0
3008.0000000190921,-1640.334062707494,827.85440913616912,0,-0.73598758710302092,-1.4583065518902787,0
3008.9999999385327,-1641.0694019584334,826.39577561878832,0,-0.73469081782684176,-1.458960290705942,0
3009.9999998579733,-1641.8034441496129,824.93648893915815,0,-0.7333934678696431,-1.4596128763963339,0
3011.0000000917353,-1642.5361887009349,823.47655025054701,0,-0.73209553825681772,-1.4602643084456659,0
3012.0000000111759,-1643.2676350332331,822.01596070697997,0,-0.73079703001421625,-1.4609145863390642,0
3012.9999999306165,-1643.9977825684473,820.55472146277316,0,-0.72949794416814651,-1.4615637095625647,0
3013.9999998500571,-1644.7266307293903,819.09283367288299,0,-0.72819828174537315,-1.4622116776031175,0
3015.000000083819,-1645.4541789400391,817.63029849278973,0,-0.72689804377311651,-1.4628584899485841,0
3016.0000000032596,-1646.1804266254185,816.16711707843933,0,-0.72559723127905162,-1.4635041460877414,0
3016.9999999227002,-1646.9053732114844,814.70329058618518,0,-0.72429584529130797,-1.4641486455102783,0
3018.0000001564622,-1647.6290181251825,813.23882017313736,0,-0.72299388683846799,-1.4647919877067999,0
3019.0000000759028,-1648.3513607946807,811.773706996697,0,-0.72169135694956654,-1.4654341721688238,0
3019.9999999953434,-1649.0724006489618,810.30795221490553,0,-0.72038825665409023,-1.4660751983887845,0
3020.999999914784,-1649.7921371181728,808.84155698615359,0,-0.71908458698197675,-1.4667150658600296,0
3022.000000148546,-1650.5105696334504,807.37452246958856,0,-0.71778034896361353,-1.4673537740768259,0
3023.0000000679865,-1651.2276976269786,805.90684982459061,0,-0.71647554362983723,-1.4679913225343533,0
3023.9999999874271,-1651.9435205319896,804.43854021123843,0,-0.71517017201193311,-1.4686277107287105,0
3024.9999999068677,-1652.6580377825885,802.96959479007637,0,-0.71386423514163366,-1.4692629381569113,0
3026.0000001406297,-1653.3712488141609,801.50001472205622,0,-0.71255773405111822,-1.4698970043168891,0
3027.0000000600703,-1654.0831530629657,800.02980116871186,0,-0.71125066977301254,-1.4705299087074937,0
3027.9999999795109,-1654.7937499663094,798.55895529204281,0,-0.70994304334038683,-1.4711616508284928,0
3028.9999998989515,-1655.5030389626045,797.0874782546307,0,-0.70863485578675611,-1.471792230180575,0
3030.0000001327135,-1656.2110194911947,795.61537121946458,0,-0.70732610814607855,-1.472421646265345,0
3031.0000000521541,-1656.9176909925882,794.14263534999918,0,-0.70601680145275525,-1.4730498985853282,0
3031.9999999715947,-1657.6230529081076,792.66927181032952,0,-0.70470693674162888,-1.4736769866439705,0
3032.9999998910353,-1658.3271046803566,791.19528176495805,0,-0.70339651504798328,-1.4743029099456375,0
3034.0000001247972,-1659.0298457528697,789.72066637891112,0,-0.70208553740754287,-1.4749276679956149,0
3035.0000000442378,-1659.7312755702296,788.24542681756429,0,-0.70077400485647101,-1.4755512603001102,0
3035.9999999636784,-1660.4313935780083,786.76956424704986,0,-0.69946191843137007,-1.4761736863662516,0
3036.999999883119,-1661.1301992228255,785.29307983373292,0,-0.6981492791692796,-1.4767949457020886,0
3038.000000116881,-1661.8276919524069,783.81597474467708,0,-0.69683608810767661,-1.477415037816594,0
3039.0000000363216,-1662.5238712154096,782.33825014735339,0,-0.69552234628447385,-1.4780339622196639,0
3039.9999999557622,-1663.218736461713,780.85990720964037,0,-0.69420805473801972,-1.4786517184221135,0
3040.9999998752028,-1663.9122871420113,779.3809471000568,0,-0.69289321450709718,-1.4792683059356868,0
3042.0000001089647,-1664.6045227081631,777.90137098752894,0,-0.69157782663092249,-1.4798837242730472,0
3043.0000000284053,-1665.2954426130746,776.42118004139047,0,-0.69026189214914502,-1.4804979729477832,0
3043.9999999478459,-1665.9850463106413,774.9403754316736,0,-0.68894541210184601,-1.481111051474409,0
3044.9999998672865,-1666.6733332557487,773.45895832870156,0,-0.68762838752953781,-1.481722959368363,0
3046.0000001010485,-1667.3603029045044,771.97692990332143,0,-0.68631081947316364,-1.4823336961460081,0
3047.0000000204891,-1668.0459547138889,770.4942913269042,0,-0.68499270897409548,-1.4829432613246334,0
3047.9999999399297,-1668.7302881419891,769.0110437713447,0,-0.68367405707413464,-1.4835516544224547,0
3048.9999998593703,-1669.4133026479394,767.52718840894522,0,-0.68235486481551033,-1.4841588749586128,0
3050.0000000931323,-1670.0949976918637,766.04272641247371,0,-0.68103513324087861,-1.4847649224531767,0
3051.0000000125729,-1670.7753727349918,764.55765895516379,0,-0.67971486339332199,-1.4853697964271413,0
3051.9999999320135,-1671.4544272396015,763.07198721094755,0,-0.67839405631634819,-1.4859734964024294,0
3052.999999851454,-1672.1321606689016,761.58571235387353,0,-0.67707271305388983,-1.4865760219018913,0
3054.000000085216,-1672.8085724873235,760.09883555874694,0,-0.67575083465030317,-1.4871773724493071,0
3055.0000000046566,-1673.4836621601717,758.61135800078046,0,-0.67442842215036725,-1.4877775475693849,0
3055.9999999240972,-1674.1574291539146,757.1232808555942,0,-0.67310547659928355,-1.4883765467877599,0
3056.9999998435378,-1674.8298729360104,755.63460529933218,0,-0.67178199904267455,-1.4889743696309998,0
3058.0000000772998,-1675.5009929750231,754.14533250860404,0,-0.67045799052658372,-1.4895710156265998,0
3058.9999999967404,-1676.1707887404482,752.65546366054332,0,-0.66913345209747366,-1.4901664843029863,0
3059.999999916181,-1676.8392597029451,751.16499993263278,0,-0.66780838480222626,-1.490760775189516,0
3061.0000001499429,-1677.5064053341048,749.67394250287907,0,-0.66648278968814079,-1.4913538878164756,0
3062.0000000693835,-1678.1722251066822,748.18229254987091,0,-0.66515666780293425,-1.4919458217150847,0
3062.9999999888241,-1678.83671849448,746.69005125254625,0,-0.6638300201947398,-1.4925365764174938,0
3063.9999999082647,-1679.4998849722324,745.19721979025053,0,-0.66250284791210623,-1.4931261514567851,0
3065.0000001420267,-1680.1617240157793,743.70379934296943,0,-0.66117515200399668,-1.4937145463669732,0
3066.0000000614673,-1680.8222351020086,742.20979109109612,0,-0.65984693351978851,-1.494301760683006,0
3066.9999999809079,-1681.481417708972,740.71519621531479,0,-0.65851819350927177,-1.4948877939407641,0
3067.9999999003485,-1682.1392713155365,739.22001589700812,0,-0.65718893302264925,-1.495472645677062,0
3069.0000001341105,-1682.7957954018493,737.72425131796626,0,-0.65585915311053455,-1.4960563154296467,0
3070.000000053551,-1683.4509894489893,736.22790366032859,0,-0.65452885482395207,-1.4966388027372013,0
3070.9999999729916,-1684.1048529390828,734.73097410675837,0,-0.65319803921433583,-1.4972201071393423,0
3071.9999998924322,-1684.757385355304,733.23346384050092,0,-0.65186670733352903,-1.4978002281766216,0
3073.0000001261942,-1685.4085861819913,731.7353740450344,0,-0.65053486023378249,-1.4983791653905261,0
3074.0000000456348,-1686.0584549044142,730.23670590447728,0,-0.64920249896775439,-1.4989569183234783,0
3074.9999999650754,-1686.7069910088903,728.73746060329722,0,-0.64786962458850961,-1.4995334865188368,0
3075.999999884516,-1687.3541939829011,727.23763932648581,0,-0.64653623814951799,-1.5001088695208968,0
3077.000000118278,-1688.0000633148593,725.73724325950025,0,-0.64520234070465476,-1.5006830668748912,0
3078.0000000377186,-1688.6445984942839,724.23627358814701,0,-0.64386793330819836,-1.5012560781269868,0
3078.9999999571592,-1689.2877990118577,722.73473149875645,0,-0.64253301701483079,-1.5018279028242925,0
3079.9999998765998,-1689.9296643590787,721.23261817812454,0,-0.64119759287963585,-1.5023985405148501,0
3081.0000001103617,-1690.5701940286672,719.72993481351295,0,-0.63986166195809924,-1.5029679907476441,0
3082.0000000298023,-1691.209387514391,718.22668259259081,0,-0.63852522530610678,-1.503536253072594,0
3082.9999999492429,-1691.8472443110659,716.72286270349286,0,-0.63718828397994431,-1.5041033270405606,0
3083.9999998686835,-1692.4837639144971,715.21847633481957,0,-0.63585083903629624,-1.5046692122033423,0
3085.0000001024455,-1693.1189458215958,713.7135246755206,0,-0.63451289153224522,-1.5052339081136781,0
3086.0000000218861,-1693.7527895303792,712.20800891512772,0,-0.63317444252527111,-1.5057974143252468,0
3086.9999999413267,-1694.3852945398539,710.70193024358014,0,-0.63183549307325004,-1.506359730392667,0
3087.9999998607673,-1695.0164603500743,709.19528985122452,0,-0.63049604423445393,-1.5069208558714986,0
3089.0000000945292,-1695.6462864622008,707.68808892887319,0,-0.62915609706754916,-1.5074807903182423,0
3090.0000000139698,-1696.2747723784414,706.18032866774593,0,-0.627815652631596,-1.50803953329034,0
3090.9999999334104,-1696.901917602052,704.67201025958639,0,-0.62647471198604787,-1.5085970843461758,0
3091.999999852851,-1697.5277216373943,703.16313489648746,0,-0.62513327619075021,-1.5091534430450746,0
3093.000000086613,-1698.1521839897614,701.65370377106592,0,-0.62379134630593991,-1.5097086089473046,0
3094.0000000060536,-1698.7753041656106,700.14371807634598,0,-0.62244892339224422,-1.5102625816140773,0
3094.9999999254942,-1699.3970816725632,698.6331790057593,0,-0.62110600851068043,-1.510815360607547,0
3095.9999998449348,-1700.0175160189974,697.12208775314502,0,-0.61976260272265438,-1.5113669454908103,0
3097.0000000786968,-1700.6366067146882,695.61044551292434,0,-0.61841870708996016,-1.5119173358279088,0
3097.9999999981374,-1701.2543532702839,694.09825347986771,0,-0.61707432267477846,-1.5124665311838286,0
3098.999999917578,-1701.8707551974803,692.5855128490366,0,-0.61572945053967698,-1.5130145311244982,0
3100.0000001513399,-1702.4858120091376,691.07222481619101,0,-0.61438409174760855,-1.5135613352167936,0
3101.0000000707805,-1703.0995232191053,689.55839057738194,0,-0.6130382473619107,-1.5141069430285343,0
3101.9999999902211,-1703.7118883423391,688.04401132906787,0,-0.61169191844630511,-1.5146513541284858,0
3102.9999999096617,-1704.3229068948422,686.52908826817293,0,-0.61034510606489534,-1.5151945680863588,0
3104.0000001434237,-1704.9325783936656,685.0136225920869,0,-0.60899781128216834,-1.5157365844728115,0
3105.0000000628643,-1705.5409023569664,683.49761549854884,0,-0.60765003516299165,-1.5162774028594468,0
3105.9999999823049,-1706.147878303891,681.98106818582164,0,-0.60630177877261326,-1.5168170228188167,0
3106.9999999017455,-1706.7535057548084,680.46398185251746,0,-0.60495304317666088,-1.5173554439244188,0
3108.0000001355074,-1707.3577842309023,678.94635769771412,0,-0.60360382944114099,-1.5178926657506988,0
3109.000000054948,-1707.9607132546371,677.42819692095509,0,-0.60225413863243815,-1.5184286878730497,0
3109.9999999743886,-1708.5622923494666,675.90950072201667,0,-0.60090397181731381,-1.5189635098678143,0
3110.9999998938292,-1709.1625210399507,674.39027030137368,0,-0.59955333006290557,-1.5194971313122809,0
3112.0000001275912,-1709.7613988516387,672.87050685973372,0,-0.59820221443672639,-1.52002955178469,0
3113.0000000470318,-1710.3589253112441,671.35021159827011,0,-0.59685062600666372,-1.5205607708642304,0
3113.9999999664724,-1710.9550999464118,669.82938571862178,0,-0.59549856584097927,-1.5210907881310389,0
3114.999999885913,-1711.549922286009,668.30803042277694,0,-0.59414603500830665,-1.5216196031662039,0
3116.000000119675,-1712.1433918598923,666.78614691318944,0,-0.5927930345776522,-1.5221472155517632,0
3117.0000000391155,-1712.7355081990245,665.26373639266239,0,-0.59143956561839339,-1.5226736248707056,0
3117.9999999585561,-1713.3262708352995,663.74080006458098,0,-0.59008562920027752,-1.5231988307069697,0
3118.9999998779967,-1713.9156793019501,662.21733913256321,0,-0.58873122639342179,-1.5237228326454471,0
3120.0000001117587,-1714.5037331330241,660.69335480075097,0,-0.5873763582683118,-1.5242456302719787,0
3121.0000000311993,-1715.0904318637331,659.16884827357717,0,-0.58602102589580096,-1.5247672231733596,0
3121.9999999506399,-1715.675775030395,657.64382075611502,0,-0.58466523034710993,-1.5252876109373354,0
3122.9999998700805,-1716.2597621703753,656.11827345355414,0,-0.58330897269382498,-1.5258067931526056,0
3124.0000001038425,-1716.8423928220873,654.59220757178264,0,-0.58195225400789796,-1.5263247694088209,0
3125.0000000232831,-1717.4236665251083,653.06562431686325,0,-0.58059507536164501,-1.5268415392965862,0
3125.9999999427237,-1718.0035828198888,651.53852489544079,0,-0.5792374378277455,-1.5273571024074593,0
3126.9999998621643,-1718.58214124816,650.0109105144511,0,-0.57787934247924189,-1.5278714583339532,0
3128.0000000959262,-1719.1593413525843,648.48278238129569,0,-0.57652079038953818,-1.5283846066695332,0
3129.0000000153668,-1719.7351826770464,646.95414170378353,0,-0.5751617826323997,-1.5288965470086198,0
3129.9999999348074,-1720.3096647663042,645.42498969007283,0,-0.57380232028195177,-1.5294072789465889,0
3130.999999854248,-1720.8827871663962,643.89532754884567,0,-0.57244240441267913,-1.5299168020797702,0
3132.00000008801,-1721.4545494243503,642.36515648901695,0,-0.57108203609942465,-1.5304251160054501,0
3133.0000000074506,-1722.024951088184,640.83447772002546,0,-0.56972121641738926,-1.5309322203218694,0
3133.9999999268912,-1722.5939917070791,639.30329245171743,0,-0.56835994644213039,-1.5314381146282265,0
3134.9999998463318,-1723.1616708313231,637.77160189423012,0,-0.56699822724956084,-1.5319427985246752,0
3136.0000000800937,-1723.7279880121932,636.23940725822467,0,-0.56563605991594945,-1.5324462716123262,0
3136.9999999995343,-1724.2929428021307,634.70670975476969,0,-0.56427344551791847,-1.5329485334932462,0
3137.9999999189749,-1724.8565347545664,633.17351059510838,0,-0.56291038513244418,-1.5334495837704618,0
3139.0000001527369,-1725.4187634240952,631.63981099118246,0,-0.56154687983685481,-1.5339494220479533,0
3140.0000000721775,-1725.9796283663018,630.10561215516645,0,-0.5601829307088303,-1.5344480479306633,0
3140.9999999916181,-1726.5391291379347,628.57091529958416,0,-0.55881853882640176,-1.5349454610244893,0
3141.9999999110587,-1727.0972652967321,627.03572163748322,0,-0.55745370526794991,-1.5354416609362893,0
3143.0000001448207,-1727.6540364015964,625.50003238226054,0,-0.55608843111220441,-1.5359366472738785,0
3144.0000000642613,-1728.2094420124195,623.96384874760406,0,-0.55472271743824375,-1.536430419646033,0
3144.9999999837019,-1728.7634816903155,622.42717194772558,0,-0.55335656532549349,-1.536922977662488,0
3145.9999999031425,-1729.316154997272,620.89000319718616,0,-0.55198997585372522,-1.5374143209339373,0
3147.0000001369044,-1729.8674614966149,619.35234371089609,0,-0.55062295010305662,-1.5379044490720353,0
3148.000000056345,-1730.4174007524271,617.81419470423134,0,-0.54925548915395062,-1.5383933616893986,0
3148.9999999757856,-1730.9659723301884,616.2755573928589,0,-0.54788759408721366,-1.5388810583996015,0
3149.9999998952262,-1731.5131757962517,614.73643299285322,0,-0.54651926598399525,-1.5393675388171815,0
3151.0000001289882,-1732.0590107181924,613.19682272075443,0,-0.5451505059257874,-1.539852802557637,0
3152.0000000484288,-1732.6034766645171,611.65672779345186,0,-0.54378131499442317,-1.5403368492374279,0
3152.9999999678694,-1733.1465732048964,610.11614942812594,0,-0.54241169427207647,-1.5408196784739752,0
3153.99999988731,-1733.6882999101654,608.5750888424227,0,-0.54104164484126105,-1.5413012898856639,0
3155.0000001210719,-1734.228656352032,607.03354725439567,0,-0.53967116778482904,-1.5417816830918403,0
3156.0000000405125,-1734.767642103543,605.4915258824476,0,-0.53830026418597099,-1.5422608577128134,0
3156.9999999599531,-1735.3052567386185,603.9490259453305,0,-0.53692893512821427,-1.5427388133698556,0
3157.9999998793937,-1735.8414998323424,602.40604866214562,0,-0.53555718169542277,-1.5432155496852034,0
3159.0000001131557,-1736.3763709609048,600.86259525251808,0,-0.53418500497179555,-1.5436910662820558,0
3160.0000000325963,-1736.9098697015434,599.31866693630582,0,-0.5328124060418663,-1.5441653627845768,0
3160.9999999520369,-1737.4419956326019,597.77426493377425,0,-0.53143938599050267,-1.5446384388178949,0
3161.9999998714775,-1737.9727483334718,596.22939046559623,0,-0.53006594590290479,-1.5451102940081021,0
3163.0000001052395,-1738.5021273847669,594.68404475279385,0,-0.52869208686460489,-1.5455809279822565,0
3164.00000002468,-1739.0301323679159,593.13822901685489,0,-0.5273178099614666,-1.5460503403683812,0
3164.9999999441206,-1739.5567628657445,591.59194447938353,0,-0.52594311627968349,-1.5465185307954634,0
3165.9999998635612,-1740.0820184619515,590.04519236268243,0,-0.52456800690577843,-1.5469854988934579,0
3167.0000000973232,-1740.6058987413417,588.49797388917068,0,-0.52319248292660325,-1.5474512442932857,0
3168.0000000167638,-1741.1284032899421,586.95029028179124,0,-0.52181654542933709,-1.5479157666268326,0
3168.9999999362044,-1741.6495316947112,585.40214276371989,0,-0.52044019550148635,-1.5483790655269516,0
3169.999999855645,-1742.1692835438298,583.8535325586563,0,-0.51906343423088297,-1.5488411406274638,0
3171.000000089407,-1742.6876584264683,582.30446089053294,0,-0.51768626270568441,-1.5493019915631558,0
3172.0000000088476,-1743.2046559328446,580.75492898368975,0,-0.51630868201437186,-1.549761617969784,0
3172.9999999282882,-1743.7202756544575,579.20493806287413,0,-0.51493069324575047,-1.5502200194840698,0
3173.9999998477288,-1744.2345171836787,577.65448935318273,0,-0.51355229748894771,-1.550677195743706,0
3175.0000000814907,-1744.7473801141023,576.10358407994499,0,-0.51217349583341254,-1.5511331463873501,0
3176.0000000009313,-1745.2588640404283,574.55222346907249,0,-0.51079428936891469,-1.551587871054632,0
3176.9999999203719,-1745.7689685582882,573.00040874659317,0,-0.50941467918554428,-1.5520413693861481,0
3178.0000001541339,-1746.2776932645938,571.44814113917528,0,-0.50803466637371042,-1.5524936410234642,0
3179.0000000735745,-1746.7850377571885,569.89542187360348,0,-0.50665425202414016,-1.5529446856091171,0
3179.9999999930151,-1747.2910016351379,568.34225217706989,0,-0.50527343722787788,-1.5533945027866121,0
3180.9999999124557,-1747.7955844985554,566.7886332772905,0,-0.50389222307628478,-1.5538430922004252,0
3182.0000001462176,-1748.2987859485438,565.23456640203949,0,-0.50251061066103753,-1.5542904534960029,0
3183.0000000656582,-1748.8006055874866,563.68005277978955,0,-0.50112860107412738,-1.5547365863197622,0
3183.9999999850988,-1749.3010430186405,562.12509363901336,0,-0.49974619540786003,-1.555181490319091,0
3184.9999999045394,-1749.8000978466007,560.56969020882389,0,-0.49836339475485386,-1.5556251651423483,0
3186.0000001383014,-1750.2977696768939,559.01384371856693,0,-0.4969802002080394,-1.5560676104388638,0
3187.000000057742,-1750.7940581160947,557.45755539793754,0,-0.49559661286065859,-1.5565088258589417,0
3187.9999999771826,-1751.2889627720579,555.90082647692179,0,-0.49421263380626401,-1.5569488110538554,0
3188.9999998966232,-1751.7824832535116,554.34365818602964,0,-0.49282826413871755,-1.5573875656758527,0
3190.0000001303852,-1752.2746191704646,552.78605175588746,0,-0.4914435049521898,-1.5578250893781513,0
3191.0000000498258,-1752.765370133915,551.22800841770368,0,-0.49005835734115949,-1.5582613818149453,0
3191.9999999692664,-1753.2547357560252,549.66952940280316,0,-0.48867282240041227,-1.5586964426413989,0
3192.999999888707,-1753.7427156500053,548.11061594303465,0,-0.48728690122503976,-1.5591302715136521,0
3194.0000001224689,-1754.2293094301131,546.55126927053789,0,-0.48590059491043908,-1.5595628680888169,0
3195.0000000419095,-1754.7145167118288,544.99149061774369,0,-0.48451390455231147,-1.5599942320249807,0
3195.9999999613501,-1755.1983371115639,543.43128121749032,0,-0.48312683124666189,-1.5604243629812031,0
3196.9999998807907,-1755.6807702470105,541.87064230290707,0,-0.48173937608979817,-1.5608532606175203,0
3198.0000001145527,-1756.1618157368503,540.30957510747248,0,-0.48035154017832959,-1.5612809245949433,0
3199.0000000339933,-1756.6414732008125,538.74808086501434,0,-0.47896332460916663,-1.5617073545754554,0
3199.9999999534339,-1757.1197422598489,537.1861608097679,0,-0.47757473047951948,-1.5621325502220187,0
3200.9999998728745,-1757.5966225359589,535.62381617614301,0,-0.47618575888689807,-1.5625565111985686,0
3202.0000001066364,-1758.0721136521897,534.0610481990152,0,-0.47479641092911024,-1.5629792371700169,0
3203.000000026077,-1758.5462152326945,532.49785811360925,0,-0.47340668770426136,-1.5634007278022515,0
3203.9999999455176,-1759.0189269028488,530.93424715532456,0,-0.4720165903107536,-1.5638209827621383,0
3204.9999998649582,-1759.4902482889593,529.37021656008437,0,-0.4706261198472847,-1.5642400017175171,0
3206.0000000987202,-1759.9601790185552,527.80576756398659,0,-0.46923527741284726,-1.5646577843372069,0
3207.0000000181608,-1760.4287187202135,526.24090140359476,0,-0.46784406410672802,-1.5650743302910022,0
3207.9999999376014,-1760.8958670235006,524.67561931576347,0,-0.46645248102850662,-1.5654896392496753,0
3208.999999857042,-1761.36162355938,523.10992253758013,0,-0.46506052927805525,-1.5659037108849776,0
3210.000000090804,-1761.8259879595716,521.54381230653962,0,-0.4636682099555372,-1.5663165448696368,0
3211.0000000102445,-1762.2889598571346,519.97728986048605,0,-0.46227552416140638,-1.5667281408773586,0
3211.9999999296851,-1762.7505388861173,518.41035643755458,0,-0.46088247299640656,-1.5671384985828292,0
3212.9999998491257,-1763.210724681674,516.8430132761714,0,-0.45948905756156999,-1.5675476176617109,0
3214.0000000828877,-1763.6695168801816,515.27526161522837,0,-0.45809527895821689,-1.5679554977906482,0
3215.0000000023283,-1764.1269151188899,513.70710269367555,0,-0.45670113828795467,-1.5683621386472617,0
3215.9999999217689,-1764.5829190363875,512.13853775110329,0,-0.4553066366526769,-1.5687675399101524,0
3217.0000001555309,-1765.0375282722525,510.56956802716013,0,-0.45391177515456205,-1.5691717012589024,0
3218.0000000749715,-1765.490742467111,509.00019476201851,0,-0.45251655489607362,-1.5695746223740721,0
3218.9999999944121,-1765.9425612628111,507.43041919596726,0,-0.45112097697995834,-1.5699763029372034,0
3219.9999999138527,-1766.3929843022488,505.86024256976089,0,-0.44972504250924555,-1.5703767426308186,0
3221.0000001476146,-1766.8420112293679,504.28966612444492,0,-0.44832875258724653,-1.5707759411384186,0
3222.0000000670552,-1767.2896416892763,502.71869110129774,0,-0.44693210831755353,-1.5711738981444892,0
3222.9999999864958,-1767.735875328246,501.14731874206336,0,-0.44553511080403879,-1.5715706133344929,0
3223.9999999059364,-1768.1807117935386,499.57555028866045,0,-0.44413776115085379,-1.5719660863948779,0
3225.0000001396984,-1768.6241507335217,498.00338698341511,0,-0.44274006046242831,-1.5723603170130716,0
3226.000000059139,-1769.066191797785,496.43083006888628,0,-0.44134200984346955,-1.5727533048774842,0
3226.9999999785796,-1769.5068346369662,494.85788078804035,0,-0.43994361039896135,-1.5731450496775077,0
3227.9999998980202,-1769.9460789026925,493.28454038401833,0,-0.4385448632341632,-1.5735355511035174,0
3229.0000001317821,-1770.3839242478716,491.71081010036869,0,-0.43714576945460937,-1.5739248088468705,0
3230.0000000512227,-1770.8203703264589,490.13669118098915,0,-0.43574633016610842,-1.5743128225999081,0
3230.9999999706633,-1771.2554167933995,488.56218486995203,0,-0.43434654647474147,-1.574699592055953,0
3231.9999998901039,-1771.689063304977,486.98729241173714,0,-0.43294641948686213,-1.575085116909313,0
3233.0000001238659,-1772.1213095183484,485.4120150511153,0,-0.43154595030909543,-1.5754693968552798,0
3234.0000000433065,-1772.5521550918929,483.83635403309017,0,-0.43014514004833665,-1.5758524315901266,0
3234.9999999627471,-1772.9815996850957,482.26031060307287,0,-0.42874398981175088,-1.5762342208111138,0
3235.9999998821877,-1773.4096429585479,480.68388600676553,0,-0.42734250070677171,-1.5766147642164843,0
3237.0000001159497,-1773.8362845739466,479.10708149004495,0,-0.42594067384110063,-1.5769940615054661,0
3238.0000000353903,-1774.2615241940366,477.52989829919534,0,-0.42453851032270606,-1.5773721123782725,0
3238.9999999548309,-1774.6853614827269,475.95233768085018,0,-0.42313601125982259,-1.5777489165361018,0
3239.9999998742715,-1775.1077961050323,474.37440088181756,0,-0.42173317776094998,-1.5781244736811377,0
3241.0000001080334,-1775.528827727132,472.79608914925484,0,-0.42033001093485223,-1.5784987835165487,0
3242.000000027474,-1775.9484560161945,471.21740373061039,0,-0.41892651189055702,-1.5788718457464892,0
3242.9999999469146,-1776.3666806405527,469.63834587374004,0,-0.41752268173735435,-1.5792436600761022,0
3243.9999998663552,-1776.7835012696451,468.05891682655783,0,-0.41611852158479601,-1.5796142262115138,0
3245.0000001001172,-1777.1989175740746,466.47911783744348,0,-0.41471403254269462,-1.5799835438598375,0
3246.0000000195578,-1777.6129292254918,464.89895015506772,0,-0.41330921572112284,-1.5803516127291748,0
3246.9999999389984,-1778.0255358966533,463.31841502833413,0,-0.41190407223041231,-1.5807184325286137,0
3247.999999858439,-1778.4367372614215,461.73751370649552,0,-0.41049860318115278,-1.581084002968228,0
3249.0000000922009,-1778.8465329948813,460.15624743897934,0,-0.40909280968419137,-1.5814483237590811,0
3250.0000000116415,-1779.2549227729905,458.57461747562047,0,-0.40768669285063186,-1.5818113946132222,0
3250.9999999310821,-1779.6619062731625,456.99262506648665,0,-0.40628025379183325,-1.58217321524369,0
3251.9999998505227,-1780.0674831735669,455.41027146193665,0,-0.40487349361940939,-1.5825337853645105,0
3253.0000000842847,-1780.4716531537124,453.82755791267846,0,-0.40346641344522793,-1.5828931046906978,0
3254.0000000037253,-1780.8744158941554,452.24448566959472,0,-0.40205901438140934,-1.5832511729382557,0
3254.9999999231659,-1781.2757710765582,450.66105598391732,0,-0.40065129754032619,-1.5836079898241753,0
3256.0000001569279,-1781.6757183836889,449.07727010716917,0,-0.39924326403460225,-1.5839635550664384,0
3257.0000000763685,-1782.0742574994219,447.49312929110602,0,-0.39783491497711165,-1.584317868384014,0
3257.999999995809,-1782.4713881087955,445.90863478783285,0,-0.39642625148097776,-1.5846709294968626,0
3258.9999999152496,-1782.8671098979539,444.3237878496293,0,-0.39501727465957248,-1.5850227381259343,0
3260.0000001490116,-1783.2614225540892,442.73858972912421,0,-0.3936079856265155,-1.5853732939931673,0
3261.0000000684522,-1783.6543257654994,441.15304167929571,0,-0.39219838549567326,-1.5857225968214923,0
3261.9999999878928,-1784.0458192217629,439.56714495329652,0,-0.39078847538115769,-1.5860706463348277,0
3262.9999999073334,-1784.4359026133316,437.9809008045122,0,-0.38937825639732632,-1.5864174422580852,0
3264.0000001410954,-1784.8245756319375,436.39431048673578,0,-0.38796772965878057,-1.5867629843171658,0
3265.000000060536,-1785.2118379704189,434.80737525393488,0,-0.38655689628036494,-1.5871072722389614,0
3265.9999999799766,-1785.5976893226616,433.22009636036819,0,-0.38514575737716639,-1.5874503057513558,0
3266.9999998994172,-1785.9821293837158,431.63247506064363,0,-0.38373431406451342,-1.5877920845832247,0
3268.0000001331791,-1786.3651578496792,430.04451260954374,0,-0.38232256745797499,-1.5881326084644338,0
3269.0000000526197,-1786.7467744178721,428.45621026208391,0,-0.38091051867336001,-1.5884718771258424,0
3269.9999999720603,-1787.1269787866622,426.86756927374518,0,-0.37949816882671611,-1.5888098902993,0
3270.9999998915009,-1787.5057706555817,425.27859090012498,0,-0.37808551903432869,-1.5891466477176501,0
3272.0000001252629,-1787.8831497251522,423.68927639699541,0,-0.37667257041272045,-1.5894821491147288,0
3273.0000000447035,-1788.2591156971757,422.09962702065241,0,-0.3752593240786502,-1.5898163942253638,0
3273.9999999641441,-1788.6336682744441,420.50964402739191,0,-0.37384578114911204,-1.5901493827853761,0
3274.9999998835847,-1789.0068071609712,418.91932867397554,0,-0.37243194274133451,-1.5904811145315803,0
3276.0000001173466,-1789.378532061819,417.32868221733952,0,-0.37101780997277983,-1.590811589201784,0
3277.0000000367872,-1789.7488426831551,415.73770591471111,0,-0.36960338396114256,-1.5911408065347881,0
3277.9999999562278,-1790.1177387323696,414.14640102349222,0,-0.36818866582434917,-1.5914687662703875,0
3278.9999998756684,-1790.485219917784,412.55476880143397,0,-0.36677365668055734,-1.5917954681493716,0
3280.0000001094304,-1790.8512859490584,410.96281050657853,0,-0.36535835764815422,-1.5921209119135222,0
3281.000000028871,-1791.2159365368425,409.37052739708452,0,-0.36394276984575635,-1.5924450973056188,0
3281.9999999483116,-1791.579171392892,407.77792073151795,0,-0.36252689439220848,-1.5927680240694322,0
3282.9999998677522,-1791.9409902301268,406.1849917685613,0,-0.36111073240658265,-1.5930896919497295,0
3284.0000001015142,-1792.3013927625725,404.59174176730448,0,-0.35969428500817763,-1.5934101006922727,0
3285.0000000209548,-1792.6603787053609,402.99817198695382,0,-0.35827755331651745,-1.5937292500438187,0
3285.9999999403954,-1793.0179477747879,401.4042836871231,0,-0.35686053845135107,-1.5940471397521199,0
3286.999999859836,-1793.3740996882552,399.8100781274261,0,-0.35544324153265106,-1.5943637695659238,0
3288.0000000935979,-1793.7288341642125,398.21555656800047,0,-0.354025663680613,-1.5946791392349753,0
3289.0000000130385,-1794.0821509223315,396.62072026910027,0,-0.35260780601565461,-1.594993248510014,0
3289.9999999324791,-1794.4340496833902,395.02557049121242,0,-0.35118966965841475,-1.5953060971427746,0
3290.9999998519197,-1794.7845301691559,393.43010849511484,0,-0.34977125572975237,-1.5956176848859915,0
3292.0000000856817,-1795.1335921026766,391.83433554181829,0,-0.34835256535074594,-1.5959280114933925,0
3293.0000000051223,-1795.481235208048,390.23825289256638,0,-0.34693359964269244,-1.5962370767197029,0
3293.9999999245629,-1795.8274592105299,388.64186180895194,0,-0.34551435972710642,-1.5965448803206459,0
3294.9999998440035,-1796.1722638364881,387.04516355256783,0,-0.34409484672571905,-1.5968514220529419,0
3296.0000000777654,-1796.5156488133362,385.44815938553074,0,-0.34267506176047768,-1.5971567016743076,0
3296.999999997206,-1796.8576138697099,383.85085057001561,0,-0.34125500595354413,-1.5974607189434564,0
3297.9999999166466,-1797.1981587353512,382.25323836848838,0,-0.33983468042729492,-1.5977634736201025,0
3299.0000001504086,-1797.5372831410496,380.65532404370606,0,-0.33841408630431913,-1.5980649654649559,0
3300.0000000698492,-1797.874986818817,379.05710885860026,0,-0.33699322470741855,-1.598365194239725,0
3300.9999999892898,-1798.2112695017131,377.45859407633543,0,-0.33557209675960609,-1.5986641597071158,0
3301.9999999087304,-1798.5461309239035,375.85978096036706,0,-0.3341507035841052,-1.598961861630835,0
3303.0000001424924,-1798.8795708208345,374.26067077432526,0,-0.33272904630434913,-1.5992582997755851,0
3304.000000061933,-1799.2115889288834,372.66126478213118,0,-0.33130712604397988,-1.5995534739070698,0
3304.9999999813735,-1799.5421849856502,371.0615642479388,0,-0.32988494392684714,-1.5998473837919907,0
3305.9999999008141,-1799.8713587297825,369.46157043607673,0,-0.3284625010770077,-1.6001400291980485,0
3307.0000001345761,-1800.1991099012666,367.86128461110638,0,-0.3270397986187244,-1.6004314098939445,0
3308.0000000540167,-1800.5254382409039,366.26070803793846,0,-0.32561683767646515,-1.600721525649379,0
3308.9999999734573,-1800.8503434908343,364.65984198154183,0,-0.32419361937490221,-1.6010103762350503,0
3309.9999998928979,-1801.1738253942458,363.05868770723464,0,-0.32277014483891142,-1.6012979614226595,0
3311.0000001266599,-1801.495883695432,361.45724648056785,0,-0.32134641519357099,-1.6015842809849057,0
3312.0000000461005,-1801.8165181399672,359.85551956720883,0,-0.31992243156416078,-1.6018693346954898,0
3312.9999999655411,-1802.135728474299,358.25350823317422,0,-0.31849819507616117,-1.6021531223291126,0
3313.9999998849817,-1802.4535144462134,356.65121374465525,0,-0.31707370685525288,-1.6024356436614748,0
3315.0000001187436,-1802.7698758044862,355.04863736807602,0,-0.31564896802731524,-1.6027168984692797,0
3316.0000000381842,-1803.0848122990574,353.445780369977,0,-0.31422397971842575,-1.60299688653023,0
3316.9999999576248,-1803.3983236810891,351.84264401730616,0,-0.31279874305485905,-1.6032756076230297,0
3317.9999998770654,-1803.7104097027914,350.23922957712784,0,-0.31137325916308622,-1.6035530615273861,0
3319.0000001108274,-1804.0210701174219,348.63553831673926,0,-0.30994752916977347,-1.6038292480240057,0
3320.000000030268,-1804.3303046794608,347.03157150361221,0,-0.3085215542017819,-1.6041041668945979,0
3320.9999999497086,-1804.6381131445523,345.42733040556777,0,-0.3070953353861659,-1.6043778179218742,0
3321.9999998691492,-1804.9444952693302,343.82281629048521,0,-0.30566887385017272,-1.6046502008895467,0
3323.0000001029111,-1805.2494508117088,342.21803042653482,0,-0.30424217072124138,-1.6049213155823319,0
3324.0000000223517,-1805.552979530592,340.61297408211976,0,-0.30281522712700193,-1.6051911617859465,0
3324.9999999417923,-1805.8550811861642,339.00764852587599,0,-0.30138804419527454,-1.6054597392871117,0
3325.9999998612329,-1806.1557555395993,337.40205502649769,0,-0.2999606230540684,-1.6057270478735504,0
3327.0000000949949,-1806.4550023532356,335.7961948531447,0,-0.29853296483158098,-1.6059930873339892,0
3328.0000000144355,-1806.7528213906335,334.19006927497685,0,-0.29710507065619729,-1.6062578574581563,0
3328.9999999338761,-1807.0492124162847,332.58367956144502,0,-0.29567694165648867,-1.6065213580367845,0
3329.9999998533167,-1807.3441751960199,330.97702698217472,0,-0.29424857896121215,-1.60678358886161,0
3331.0000000870787,-1807.6377094967174,329.37011280702427,0,-0.29281998369930956,-1.607044549725372,0
3332.0000000065193,-1807.9298150863033,327.76293830608483,0,-0.2913911569999062,-1.6073042404218141,0
3332.9999999259599,-1808.2204917339259,326.1555047496222,0,-0.28996209999231065,-1.6075626607456825,0
3333.9999998454005,-1808.5097392098978,324.54781340813497,0,-0.28853281380601331,-1.6078198104927282,0
3335.0000000791624,-1808.7975572855212,322.93986555223819,0,-0.28710329957068581,-1.6080756894597075,0
3335.999999998603,-1809.0839457333786,321.33166245283792,0,-0.28567355841617997,-1.6083302974443801,0
3336.9999999180436,-1809.3689043271006,319.72320538107306,0,-0.28424359147252704,-1.6085836342455084,0
3338.0000001518056,-1809.6524328414234,318.11449560814071,0,-0.2828133998699367,-1.6088356996628637,0
3339.0000000712462,-1809.9345310523058,316.50553440558724,0,-0.28138298473879614,-1.6090864934972187,0
3339.9999999906868,-1810.2151987367542,314.89632304507541,0,-0.27995234720966933,-1.6093360155503529,0
3340.9999999101274,-1810.4944356729975,313.28686279850081,0,-0.27852148841329588,-1.6095842656250501,0
3342.0000001438893,-1810.7722416402539,311.67715493793366,0,-0.27709040948059038,-1.6098312435250994,0
3343.0000000633299,-1811.0486164189642,310.06720073556062,0,-0.27565911154264128,-1.6100769490552964,0
3343.9999999827705,-1811.3235597906751,308.45700146397576,0,-0.27422759573071043,-1.610321382021441,0
3344.9999999022111,-1811.5970715381554,306.84655839577317,0,-0.27279586317623156,-1.6105645422303398,0
3346.0000001359731,-1811.8691514451639,305.23587280383799,0,-0.27136391501080986,-1.610806429489805,0
3347.0000000554137,-1812.1397992966813,303.62494596117176,0,-0.26993175236622086,-1.6110470436086552,0
3347.9999999748543,-1812.4090148787946,302.01377914106706,0,-0.26849937637440968,-1.611286384396716,0
3348.9999998942949,-1812.6767979786964,300.40237361687468,0,-0.26706678816748997,-1.6115244516648173,0
3350.0000001280569,-1812.9431483847438,298.79073066229466,0,-0.26563398887774337,-1.6117612452247969,0
3351.0000000474975,-1813.2080658864579,297.17885155108524,0,-0.26420097963761802,-1.6119967648894991,0
3351.999999966938,-1813.4715502744075,295.5667375572375,0,-0.26276776157972814,-1.6122310104727757,0
3352.9999998863786,-1813.7336013403838,293.95438995491713,0,-0.26133433583685289,-1.6124639817894844,0
3354.0000001201406,-1813.9942188772256,292.34181001846446,0,-0.25990070354193584,-1.6126956786554911,0
3355.0000000395812,-1814.2534026789945,290.72899902245263,0,-0.2584668658280837,-1.6129261008876672,0
3355.9999999590218,-1814.5111525407992,289.11595824162941,0,-0.25703282382856529,-1.6131552483038951,0
3356.9999998784624,-1814.7674682589713,287.50268895085901,0,-0.25559857867681124,-1.6133831207230602,0
3358.0000001122244,-1815.0223496308317,285.88919242523843,0,-0.25416413150641254,-1.6136097179650593,0
3359.000000031665,-1815.2757964549819,284.27546994003933,0,-0.2527294834511199,-1.6138350398507946,0
3359.9999999511056,-1815.5278085311293,282.66152277070796,0,-0.251294635644843,-1.614059086202178,0
3360.9999998705462,-1815.7783856600872,281.04735219286522,0,-0.24985958922164897,-1.6142818568421295,0
3362.0000001043081,-1816.0275276437751,279.43295948230661,0,-0.2484243453157623,-1.6145033515945764,0
3363.0000000237487,-1816.2752342852764,277.81834591506049,0,-0.24698890506156335,-1.6147235702844538,0
3363.9999999431893,-1816.5215053888387,276.20351276715519,0,-0.24555326959358781,-1.6149425127377084,0
3364.9999998626299,-1816.7663407597574,274.58846131502651,0,-0.24411744004652558,-1.6151601787812919,0
3366.0000000963919,-1817.0097402046085,272.97319283511024,0,-0.24268141755521999,-1.6153765682431676,0
3367.0000000158325,-1817.2517035309575,271.35770860413322,0,-0.24124520325466681,-1.6155916809523061,0
3367.9999999352731,-1817.4922305475338,269.7420098988805,0,-0.23980879828001356,-1.6158055167386882,0
3368.9999998547137,-1817.7313210642897,268.12609799636994,0,-0.23837220376655832,-1.6160180754333031,0
3370.0000000884756,-1817.9689748922829,266.50997417373583,0,-0.23693542084974895,-1.6162293568681498,0
3371.0000000079162,-1818.2051918436191,264.8936397084035,0,-0.23549845066518227,-1.6164393608762377,0
3371.9999999273568,-1818.4399717315682,263.27709587785648,0,-0.23406129434860329,-1.6166480872915843,0
3372.9999998467974,-1818.6733143706224,261.66034395975294,0,-0.23262395303590383,-1.6168555359492172,0
3374.0000000805594,-1818.9052195763215,260.04338523192564,0,-0.23118642786312216,-1.6170617066851749,0
3375,-1819.135687165428,258.42622097244021,0,-0.22974871996644164,-1.617266599336505,0
3375.9999999194406,-1819.3647169557516,256.80885245936224,0,-0.22831083048219036,-1.6174702137412655,0
3377.0000001532026,-1819.5923087662668,255.1912809710484,0,-0.22687276054683969,-1.6176725497385247,0
3378.0000000726432,-1819.8184624170535,253.57350778608816,0,-0.22543451129700359,-1.6178736071683615,0
3378.9999999920838,-1820.0431777294725,251.95553418295458,0,-0.22399608386943803,-1.6180733858718646,0
3379.9999999115244,-1820.2664545258158,250.33736144058639,0,-0.22255747940103954,-1.6182718856911342,0
3381.0000001452863,-1820.4882926295977,248.71899083792232,0,-0.22111869902884462,-1.6184691064692822,0
3382.0000000647269,-1820.7086918656132,247.10042365407571,0,-0.21967974389002892,-1.6186650480504285,0
3382.9999999841675,-1820.9276520595304,245.48166116827633,0,-0.21824061512190607,-1.6188597102797071,0
3383.9999999036081,-1821.145173038356,243.86270466004498,0,-0.21680131386192708,-1.6190530930032612,0
3385.0000001373701,-1821.3612546301447,242.24355540884426,0,-0.21536184124767921,-1.6192451960682468,0
3386.0000000568107,-1821.5758966641151,240.624214694486,0,-0.2139221984168852,-1.6194360193228294,0
3386.9999999762513,-1821.789098970592,239.00468379684025,0,-0.21248238650740225,-1.6196255626161882,0
3387.9999998956919,-1822.0008613811224,237.38496399595169,0,-0.21104240665722118,-1.6198138257985129,0
3389.0000001294538,-1822.211183728301,235.7650565719814,0,-0.20960226000446558,-1.6200008087210038,0
3390.0000000488944,-1822.4200658459449,234.1449628053233,0,-0.20816194768739105,-1.6201865112358753,0
3390.999999968335,-1822.6275075688609,232.52468397637131,0,-0.20672147084438386,-1.6203709331963529,0
3391.9999998877756,-1822.8335087331361,230.90422136581037,0,-0.20528083061396052,-1.6205540744566744,0
3393.0000001215376,-1823.038069176022,229.28357625444187,0,-0.20384002813476654,-1.6207359348720889,0
3394.0000000409782,-1823.2411887357011,227.66274992306717,0,-0.20239906454557566,-1.6209165142988593,0
3394.9999999604188,-1823.4428672517533,226.04174365283689,0,-0.20095794098528907,-1.6210958125942589,0
3395.9999998798594,-1823.6431045647478,224.42055872495985,0,-0.19951665859293433,-1.6212738296165758,0
3397.0000001136214,-1823.8419005163596,222.79919642076129,0,-0.19807521850766463,-1.6214505652251106,0
3398.000000033062,-1824.0392549496028,221.17765802168287,0,-0.19663362186875755,-1.6216260192801744,0
3398.9999999525025,-1824.2351677083061,219.55594480945729,0,-0.19519186981561476,-1.6218001916430933,0
3399.9999998719431,-1824.4296386377537,217.93405806570081,0,-0.19374996348776041,-1.6219730821762059,0
3401.0000001057051,-1824.6226675842772,216.31199907237897,0,-0.19230790402484088,-1.6221446907428643,0
3402.0000000251457,-1824.8142543951399,214.6897691115737,0,-0.19086569256662339,-1.622315017207433,0
3402.9999999445863,-1825.0043989191181,213.06736946542514,0,-0.1894233302529954,-1.6224840614352907,0
3403.9999998640269,-1825.1931010057451,211.44480141618988,0,-0.1879808182239634,-1.622651823292828,0
3405.0000000977889,-1825.3803605060093,209.82206624629907,0,-0.18653815761965264,-1.6228183026474521,0
3406.0000000172295,-1825.5661772718886,208.19916523841675,0,-0.18509534958030532,-1.6229834993675802,0
3406.9999999366701,-1825.7505511564086,206.57609967514873,0,-0.18365239524628041,-1.6231474133226456,0
3407.9999998561107,-1825.933482013992,204.95287083939184,0,-0.18220929575805256,-1.623310044383095,0
3409.0000000898726,-1826.1149696999346,203.32948001410114,0,-0.18076605225621112,-1.6234713924203894,0
3410.0000000093132,-1826.2950140708708,201.70592848228989,0,-0.17932266588145901,-1.6236314573070021,0
3410.9999999287538,-1826.4736149844248,200.08221752720419,0,-0.17787913777461239,-1.6237902389164227,0
3411.9999998481944,-1826.6507722995593,198.45834843226476,0,-0.17643546907659935,-1.6239477371231545,0
3413.0000000819564,-1826.8264858761104,196.83432248083409,0,-0.17499166092845908,-1.6241039518027143,0
3414.000000001397,-1827.0007555753109,195.21014095650753,0,-0.17354771447134093,-1.6242588828316342,0
3414.9999999208376,-1827.1735812593251,193.58580514305504,0,-0.1721036308465036,-1.624412530087461,0
3416.0000001545995,-1827.3449627916561,191.96131632430479,0,-0.17065941119531425,-1.6245648934487549,0
3417.0000000740401,-1827.5149000367965,190.33667578420136,0,-0.16921505665924752,-1.6247159727950926,0
3417.9999999934807,-1827.6833928604028,188.71188480674755,0,-0.16777056837988469,-1.6248657680070639,0
3418.9999999129213,-1827.8504411293543,187.08694467623718,0,-0.16632594749891272,-1.6250142789662751,0
3420.0000001466833,-1828.0160447115777,185.46185667696409,0,-0.16488119515812327,-1.6251615055553472,0
3421.0000000661239,-1828.1802034762222,183.83662209333852,0,-0.16343631249941215,-1.6253074476579163,0
3421.9999999855645,-1828.3429172934848,182.21124220982892,0,-0.16199130066477796,-1.6254521051586326,0
3422.9999999050051,-1828.5041860348429,180.585718311253,0,-0.16054616079632145,-1.6255954779431618,0
3424.0000001387671,-1828.6640095728217,178.96005168225383,0,-0.15910089403624461,-1.6257375658981876,0
3425.0000000582077,-1828.8223877809942,177.33424360776553,0,-0.15765550152684976,-1.6258783689114065,0
3425.9999999776483,-1828.9793205343303,175.70829537278041,0,-0.1562099844105384,-1.6260178868715305,0
3426.9999998970889,-1829.1348077086732,174.08220826240722,0,-0.15476434382981075,-1.626156119668289,0
3428.0000001308508,-1829.2888491812046,172.45598356187111,0,-0.15331858092726436,-1.6262930671924258,0
3429.0000000502914,-1829.4414448301541,170.82962255645543,0,-0.1518726968455939,-1.6264287293357014,0
3429.999999969732,-1829.5925945348572,169.20312653167639,0,-0.15042669272758935,-1.626563105990892,0
3430.9999998891726,-1829.7422981759883,167.57649677299196,0,-0.14898056971613582,-1.6266961970517895,0
3432.0000001229346,-1829.8905556350364,165.94973456615116,0,-0.14753432895421226,-1.6268280024132018,0
3433.0000000423752,-1830.0373667950043,164.32284119678661,0,-0.14608797158489073,-1.6269585219709537,0
3433.9999999618158,-1830.1827315397677,162.69581795082195,0,-0.14464149875133558,-1.6270877556218859,0
3434.9999998812564,-1830.3266497544246,161.06866611423902,0,-0.1431949115968022,-1.6272157032638557,0
3436.0000001150183,-1830.4691213252372,159.44138697301969,0,-0.14174821126463655,-1.627342364795735,0
3437.0000000344589,-1830.6101461395738,157.81398181337863,0,-0.14030139889827398,-1.6274677401174151,0
3437.9999999538995,-1830.7497240860248,156.18645192153053,0,-0.13885447564123821,-1.6275918291298019,0
3438.9999998733401,-1830.8878550542868,154.55879858392291,0,-0.13740744263714066,-1.6277146317348197,0
3440.0000001071021,-1831.0245389351039,152.93102308688685,0,-0.13596030102967993,-1.6278361478354073,0
3441.0000000265427,-1831.159775620501,151.30312671710271,0,-0.13451305196263974,-1.6279563773355217,0
3441.9999999459833,-1831.2935650036088,149.67511076113442,0,-0.13306569657988931,-1.6280753201401363,0
3442.9999998654239,-1831.4259069786058,148.04697650577873,0,-0.13161823602538159,-1.6281929761552427,0
3444.0000000991859,-1831.5568014410092,146.4187252377742,0,-0.13017067144315275,-1.6283093452878474,0
3445.0000000186265,-1831.6862482872093,144.79035824415041,0,-0.12872300397732139,-1.6284244274459754,0
3445.999999938067,-1831.8142474150518,143.16187681193696,0,-0.12727523477208691,-1.6285382225386691,0
3446.9999998575076,-1831.9407987232553,141.53328222816344,0,-0.12582736497172964,-1.6286507304759881,0
3448.0000000912696,-1832.065902111819,139.90457578003407,0,-0.12437939572060919,-1.6287619511690079,0
3449.0000000107102,-1832.1895574819064,138.27575875492766,0,-0.12293132816316377,-1.6288718845298236,0
3449.9999999301508,-1832.3117647357285,136.64683244010666,0,-0.12148316344390919,-1.6289805304715457,0
3450.9999998495914,-1832.4325237767771,135.01779812312452,0,-0.12003490270743833,-1.6290878889083038,0
3452.0000000833534,-1832.5518345095334,133.3886570915347,0,-0.11858654709841965,-1.6291939597552441,0
3453.000000002794,-1832.6696968397591,131.75941063283244,0,-0.117138097761597,-1.6292987429285306,0
3453.9999999222346,-1832.7861106742057,130.13006003492046,0,-0.11568955584178786,-1.6294022383453464,0
3455.0000001559965,-1832.9010759209632,128.50060658546863,0,-0.11424092248388307,-1.629504445923891,0
3456.0000000754371,-1833.014592489053,126.87105157237966,0,-0.11279219883284586,-1.6296053655833815,0
3456.9999999948777,-1833.1266602888936,125.24139628361445,0,-0.11134338603371075,-1.6297049972440543,0
3457.9999999143183,-1833.2372792318347,123.61164200725034,0,-0.10989448523158252,-1.6298033408271624,0
3459.0000001480803,-1833.3464492303901,121.98179003136465,0,-0.1084454975716358,-1.6299003962549778,0
3460.0000000675209,-1833.4541701983544,120.35184164415114,0,-0.1069964241991137,-1.6299961634507909,0
3460.9999999869615,-1833.5604420506279,118.72179813386174,0,-0.1055472662593272,-1.6300906423389092,0
3461.9999999064021,-1833.6652647031005,117.09166078892304,0,-0.10409802489765407,-1.6301838328446585,0
3463.000000140164,-1833.7686380730011,115.46143089764519,0,-0.10264870125953773,-1.6302757348943839,0
3464.0000000596046,-1833.8705620785477,113.83110974862939,0,-0.1011992964904872,-1.6303663484154485,0
3464.9999999790452,-1833.9710366392974,112.20069863036042,0,-0.099749811736075111,-1.6304556733362336,0
3465.9999998984858,-1834.0700616757385,110.57019883149769,0,-0.098300248141937607,-1.6305437095861386,0
3467.0000001322478,-1834.1676371096983,108.93961164075881,0,-0.096850606853773002,-1.6306304570955827,0
3468.0000000516884,-1834.263762863935,107.3089383469196,0,-0.095400889017341006,-1.6307159157960021,0
3468.999999971129,-1834.3584388626041,105.67818023881409,0,-0.093951095778461946,-1.6308000856198528,0
3469.9999998905696,-1834.4516650307341,104.04733860533452,0,-0.092501228283015879,-1.630882966500609,0
3471.0000001243316,-1834.5434412948089,102.41641473548952,0,-0.09105128767694104,-1.6309645583727637,0
3472.0000000437722,-1834.6337675821269,100.78540991828777,0,-0.089601275106233946,-1.6310448611718287,0
3472.9999999632128,-1834.7226438213838,99.154325442854315,0,-0.088151191716947741,-1.6311238748343349,0
3473.9999998826534,-1834.810069942323,97.523162598372437,0,-0.086701038655191631,-1.6312015992978313,0
3475.0000001164153,-1834.896045875852,95.891922674025409,0,-0.085250817067130003,-1.6312780345008875,0
3476.0000000358559,-1834.9805715539842,94.26060695911292,0,-0.083800528098981197,-1.6313531803830905,0
3476.9999999552965,-1835.0636469099554,92.629216743051074,0,-0.082350172897016849,-1.6314270368850474,0
3477.9999998747371,-1835.1452718781075,90.997753315139562,0,-0.080899752607560993,-1.6314996039483824,0
3479.0000001084991,-1835.225446393888,89.36621796496911,0,-0.079449268376989068,-1.6315708815157415,0
3480.0000000279397,-1835.3041703939089,87.73461198201403,0,-0.077998721351727252,-1.6316408695307894,0
3480.9999999473803,-1835.3814438160043,86.102936655806843,0,-0.076548112678251012,-1.631709567938207,0
3481.9999998668209,-1835.4572665991145,84.471193275996484,0,-0.075097443503084782,-1.6317769766836991,0
3483.0000001005828,-1835.5316386832274,82.839383132348303,0,-0.073646714972800731,-1.6318430957139869,0
3484.0000000200234,-1835.6045600096695,81.207507514511235,0,-0.072195928234017881,-1.6319079249768109,0
3484.999999939464,-1835.676030520699,79.575567712308839,0,-0.070745084433401551,-1.6319714644209324,0
3485.9999998589046,-1835.7460501599126,77.94356501562288,0,-0.069294184717661689,-1.6320337139961314,0
3487.0000000926666,-1835.8146188718965,76.311500714276917,0,-0.067843230233552876,-1.6320946736532074,0
3488.0000000121072,-1835.8817366024596,74.679376098269131,0,-0.066392222127872769,-1.6321543433439789,0
3488.9999999315478,-1835.9474032986327,73.047192457597703,0,-0.064941161547461324,-1.6322127230212851,0
3489.9999998509884,-1836.0116189084947,71.414951082260814,0,-0.063490049639200241,-1.6322698126389836,0
3491.0000000847504,-1836.0743833811721,69.78265326237306,0,-0.062038887550011412,-1.6323256121519534,0
3492.000000004191,-1836.1356966672465,68.150300287990831,0,-0.060587676426856807,-1.6323801215160905,0
3492.9999999236315,-1836.1955587181146,66.517893449403346,0,-0.059136417416736919,-1.6324333406883123,0
3493.9999998430721,-1836.2539694864536,64.885434036725201,0,-0.057685111666689992,-1.632485269626557,0
3495.0000000768341,-1836.3109289262211,63.252923340245616,0,-0.056233760323791571,-1.6325359082897801,0
3495.9999999962747,-1836.3664369923063,61.62036265025381,0,-0.054782364535152728,-1.6325852566379582,0
3496.9999999157153,-1836.4204936408787,59.987753257097211,0,-0.053330925447920174,-1.6326333146320884,0
3498.0000001494773,-1836.4730988291558,58.355096451123245,0,-0.051879444209274483,-1.6326800822341856,0
3499.0000000689179,-1836.5242525156355,56.722393522737548,0,-0.050427921966429756,-1.6327255594072874,0
3499.9999999883585,-1836.5739546598052,55.089645762462169,0,-0.048976359866632402,-1.632769746115448,0
3500.9999999077991,-1836.622205222433,53.456854460702743,0,-0.047524759057160249,-1.6328126423237452,0
3502.000000141561,-1836.6690041653928,51.824020907981321,0,-0.046073120685321989,-1.6328542479982733,0
3503.0000000610016,-1836.7143514516647,50.19114639487816,0,-0.044621445898455736,-1.6328945631061491,0
3503.9999999804422,-1836.7582470454508,48.558232211973518,0,-0.04316973584392847,-1.6329335876155084,0
3504.9999998998828,-1836.8006909120013,46.925279649847653,0,-0.041717991669135035,-1.6329713214955077,0
3506.0000001336448,-1836.8416830177885,45.292289999197237,0,-0.040266214521497368,-1.6330077647163226,0
3507.0000000530854,-1836.8812233304488,43.659264550660737,0,-0.038814405548463382,-1.6330429172491492,0
3507.999999972526,-1836.9193118186668,42.026204594934825,0,-0.037362565897505973,-1.633076779066204,0
3508.9999998919666,-1836.9559484523488,40.393111422774382,0,-0.03591069671612257,-1.6331093501407232,0
3510.0000001257285,-1836.991133202624,38.759986324934289,0,-0.034458799151833697,-1.633140630446964,0
3511.0000000451691,-1837.0248660416109,37.126830592111219,0,-0.033006874352182525,-1.633170619960203,0
3511.9999999646097,-1837.0571469426504,35.493645515234675,0,-0.031554923464733653,-1.6331993186567368,0
3512.9999998840503,-1837.0879758801893,33.860432385117747,0,-0.03010294763707233,-1.6332267265138833,0
3514.0000001178123,-1837.1173528299551,32.227192492515314,0,-0.028650948016803346,-1.6332528435099793,0
3515.0000000372529,-1837.1452777687227,30.593927128356881,0,-0.027198925751550584,-1.6332776696243829,0
3515.9999999566935,-1837.1717506743153,28.960637583571952,0,-0.025746881988955472,-1.6333012048374729,0
3516.9999998761341,-1837.1967715258943,27.327325149031822,0,-0.024294817876676866,-1.6333234491306472,0
3518.0000001098961,-1837.2203403036692,25.693991115607787,0,-0.022842734562389388,-1.6333444024863242,0
3519.0000000293367,-1837.2424569890136,24.060636774345767,0,-0.021390633193782871,-1.6333640648879433,0
3519.9999999487773,-1837.2631215644069,22.427263416175265,0,-0.019938514918561467,-1.6333824363199634,0
3520.9999998682179,-1837.2823340136092,20.793872332025785,0,-0.018486380884442877,-1.6333995167678643,0
3522.0000001019798,-1837.3000943213119,19.160464812943246,0,-0.017034232239156788,-1.6334153062181458,0
3523.0000000214204,-1837.3164024736034,17.52704214991536,0,-0.015582070130444881,-1.6334298046583291,0
3523.999999940861,-1837.3312584575033,15.893605633988045,0,-0.01412989570605927,-1.6334430120769543,0
3524.9999998603016,-1837.3446622612537,14.260156556149013,0,-0.012677710113761953,-1.6334549284635826,0
3526.0000000940636,-1837.3566138743772,12.626696207385976,0,-0.011225514501323586,-1.6334655538087963,0
3527.0000000135042,-1837.3671132873278,10.993225878861267,0,-0.0097733100165227071,-1.6334748881041965,0
3527.9999999329448,-1837.37616049184,9.3597468615625985,0,-0.0083210978071450725,-1.6334829313424066,0
3528.9999998523854,-1837.3837554807542,7.7262604465358891,0,-0.0068688790209824324,-1.6334896835170687,0
3530.0000000861473,-1837.389898248075,6.0927679248852655,0,-0.0054166548058317554,-1.6334951446228461,0
3531.0000000055879,-1837.3945887889131,4.459270587656647,0,-0.0039644263094943399,-1.6334993146554218,0
3531.9999999250285,-1837.3978270996013,2.8257697258959524,0,-0.0025121946797745931,-1.6335021936115017,0
3532.9999998444691,-1837.3996131776366,1.1922666307655163,0,-0.0010599610644799196,-1.6335037814888096,0
3534.0000000782311,-1837.3999470214476,-0.44123740668874234,0,0.00039227338858116578,-1.6335040782860899,0
3534.9999999976717,-1837.3988286309177,-2.0747410954209045,0,0.0018445075315993709,-1.6335030840031084,0
3535.9999999171123,-1837.3962580069201,-3.7082431443268433,0,0.0032967402167654036,-1.6335007986406502,0
3537.0000001508743,-1837.3922351513756,-5.3417422623606399,0,0.0047489702962715263,-1.6334972222005233,0
3538.0000000703149,-1837.3867600675439,-6.9752371583599597,0,0.0062011966223117776,-1.6334923546855531,0
3538.9999999897555,-1837.3798327597906,-8.6087265413370915,0,0.0076534180470831936,-1.6334861960995868,0
3539.999999909196,-1837.3714532334707,-10.242209120246116,0,0.0091056334227868074,-1.6334787464474925,0
3541.000000142958,-1837.3616214953363,-11.875683603924699,0,0.010557841601628315,-1.6334700057351577,0
3542.0000000623986,-1837.3503375530709,-13.509148701326922,0,0.012010041435819185,-1.6334599739694915,0
3542.9999999818392,-1837.3376014156383,-15.14260312152328,0,0.013462231777577438,-1.6334486511584219,0
3543.9999999012798,-1837.3234130930505,-16.776045573293231,0,0.014914411479128531,-1.6334360373108989,0
3545.0000001350418,-1837.3077725965995,-18.409474765765481,0,0.01636657939270636,-1.633422132436892,0
3546.0000000544824,-1837.2906799385673,-20.042889407835901,0,0.017818734370554368,-1.6334069365473911,0
3546.999999973923,-1837.2721351325163,-21.67628820851678,0,0.01927087526492588,-1.6333904496544069,0
3547.9999998933636,-1837.2521381931147,-23.309669876820408,0,0.020723000928085433,-1.63337267177097,0
3549.0000001271255,-1837.2306891361368,-24.943033121759072,0,0.02217511021230989,-1.6333536029111313,0
3550.0000000465661,-1837.2077879785211,-26.576376652345061,0,0.023627201969888767,-1.6333332430899627,0
3550.9999999660067,-1837.1834347384283,-28.209699177590664,0,0.025079275053125349,-1.6333115923235566,0
3551.9999998854473,-1837.1576294350671,-29.842999406682793,0,0.026531328314338021,-1.6332886506290243,0
3553.0000001192093,-1837.13037208881,-31.476276048575528,0,0.027983360605860597,-1.6332644180244991,0
3554.0000000386499,-1837.1016627211939,-33.109527812397573,0,0.029435370780043435,-1.633238894529133,0
3554.9999999580905,-1837.071501354978,-34.74275340733584,0,0.030887357689254547,-1.6332120801630996,0
3555.9999998775311,-1837.0398880139692,-36.375951542460825,0,0.03233932018588026,-1.6331839749475925,0
3557.000000111293,-1837.0068227231386,-38.00912092695944,0,0.033791257122326224,-1.6331545789048245,0
3558.0000000307336,-1836.9723055086215,-39.642260270018596,0,0.035243167351018179,-1.6331238920580307,0
3558.9999999501742,-1836.9363363977172,-41.275368280825205,0,0.036695049724402962,-1.6330919144314651,0
3559.9999998696148,-1836.8989154188312,-42.908443668624386,0,0.038146903094949614,-1.6330586460504009,0
3561.0000001033768,-1836.860042601591,-44.541485142661259,0,0.039598726315149935,-1.6330240869411332,0
3562.0000000228174,-1836.8197179766139,-46.174491412297357,0,0.041050518237519706,-1.632988237130977,0
3562.999999942258,-1836.7779415759142,-47.807461186719593,0,0.042502277714599357,-1.6329510966482665,0
3563.9999998616986,-1836.7347134324373,-49.440393175347708,0,0.043954003598954738,-1.6329126655223569,0
3565.0000000954606,-1836.6900335802929,-51.073286087543238,0,0.045405694743178793,-1.6328729437836236,0
3566.0000000149012,-1836.6439020548714,-52.706138632725924,0,0.046857349999891329,-1.6328319314634601,0
3566.9999999343418,-1836.5963188926689,-54.338949520315509,0,0.048308968221740911,-1.6327896285942833,0
3567.9999998537824,-1836.5472841311712,-55.971717459731735,0,0.049760548261405191,-1.6327460352095278,0
3569.0000000875443,-1836.4967978092027,-57.604441160568967,0,0.051212088971592129,-1.6327011513436478,0
3570.0000000069849,-1836.4448599666939,-59.237119332305156,0,0.052663589205040662,-1.6326549770321193,0
3570.9999999264255,-1836.3914706446812,-60.869750684476458,0,0.054115047814521811,-1.632607512311437,0
3571.9999998458661,-1836.3366298853653,-62.502333926793654,0,0.055566463652839349,-1.6325587572191158,0
3573.0000000796281,-1836.2803377320524,-64.134867768792901,0,0.057017835572831022,-1.6325087117936907,0
3573.9999999990687,-1836.2225942292134,-65.767350920243189,0,0.058469162427369215,-1.6324573760747167,0
3574.9999999185093,-1836.1633994225995,-67.399782090855297,0,0.059920443069361951,-1.6324047501027676,0
3576.0000001522712,-1836.1027533588931,-69.032159990398213,0,0.061371676351753668,-1.6323508339194375,0
3577.0000000717118,-1836.0406560860574,-70.664483328640927,0,0.06282286112752633,-1.6322956275673408,0
3577.9999999911524,-1835.9771076531615,-72.29675081546884,0,0.064273996249700316,-1.6322391310901114,0
3578.999999910593,-1835.9121081104968,-73.928961160825565,0,0.065725080571335193,-1.6321813445324023,0
3580.000000144355,-1835.8456575093442,-75.561113074538298,0,0.067176112945530608,-1.6321222679398864,0
3581.0000000637956,-1835.7777559022652,-77.193205266667064,0,0.068627092225427178,-1.6320619013592568,0
3581.9999999832362,-1835.7084033429855,-78.825236447271891,0,0.070078017264207926,-1.6320002448382249,0
3582.9999999026768,-1835.6375998862204,-80.457205326412804,0,0.071528886915098067,-1.631937298425524,0
3584.0000001364388,-1835.5653455879656,-82.089110614208039,0,0.072979700031367223,-1.6318730621709032,0
3585.0000000558794,-1835.4916405053809,-83.720951020834036,0,0.074430455466329426,-1.6318075361251354,0
3585.99999997532,-1835.4164846966742,-85.352725256525446,0,0.075881152073344227,-1.6317407203400096,0
3586.9999998947605,-1835.3398782212171,-86.984432031633332,0,0.077331788705817806,-1.6316726148683354,0
3588.0000001285225,-1835.2618211396039,-88.616070056392346,0,0.078782364217203749,-1.6316032197639414,0
3589.0000000479631,-1835.1823135135346,-90.247638041269965,0,0.080232877461003826,-1.6315325350816756,0
3589.9999999674037,-1835.1013554058154,-91.879134696733672,0,0.081683327290769103,-1.6314605608774067,0
3590.9999998868443,-1835.0189468804747,-93.510558733192738,0,0.083133712560100714,-1.6313872972080197,0
3592.0000001206063,-1834.9350880026468,-95.141908861347474,0,0.084584032122650976,-1.6313127441314212,0
3593.0000000400469,-1834.8497788385139,-96.77318379166536,0,0.086034284832124053,-1.6312369017065358,0
3593.9999999594875,-1834.7630194555968,-98.404382234963123,0,0.087484469542276733,-1.631159769993308,0
3594.9999998789281,-1834.6748099224642,-100.03550290194107,0,0.088934585106919983,-1.6310813490526999,0
3596.00000011269,-1834.5851503088488,-101.66654450335773,0,0.090384630379918951,-1.6310016389466939,0
3597.0000000321306,-1834.4940406855312,-103.29750575014623,0,0.091834604215194737,-1.6309206397382905,0
3597.9999999515712,-1834.4014811246307,-104.92838535318151,0,0.093284505466724621,-1.6308383514915095,0
3598.9999998710118,-1834.3074716991978,-106.55918202345492,0,0.094734332988543501,-1.6307547742713897,0
3600.0000001047738,-1834.2120124835637,-108.18989447207423,0,0.096184085634744343,-1.6306699081439886,0
3601.0000000242144,-1834.1151035532821,-109.82052141014719,0,0.097633762259479395,-1.6305837531763818,0
3601.999999943655,-1834.0167449847795,-111.45106154883979,0,0.099083361716960749,-1.6304963094366638,0
3602.9999998630956,-1833.9169368559378,-113.0815135994344,0,0.100532882861462,-1.630407576993949,0
3604.0000000968575,-1833.8156792455702,-114.71187627327163,0,0.10198232454731815,-1.630317555918368,0
3605.0000000162981,-1833.7129722337122,-116.34214828175027,0,0.10343168562892735,-1.6302262462810724,0
3605.9999999357387,-1833.6088159015635,-117.97232833632734,0,0.10488096496075117,-1.6301336481542308,0
3606.9999998551793,-1833.5032103314297,-119.60241514857626,0,0.10633016139731588,-1.6300397616110294,0
3608.0000000889413,-1833.3961556067807,-121.23240743012866,0,0.10777927379321339,-1.6299445867256739,0
3609.0000000083819,-1833.2876518121921,-122.86230389261618,0,0.10922830100310199,-1.6298481235733884,0
3609.9999999278225,-1833.1776990335202,-124.49210324784508,0,0.11067724188170724,-1.6297503722304154,0
3610.9999998472631,-1833.0662973576109,-126.12180420767982,0,0.11212609528382289,-1.6296513327740152,0
3612.0000000810251,-1832.9534468725324,-127.75140548404306,0,0.11357486006431194,-1.6295510052824653,0
3613.0000000004657,-1832.8391476674005,-129.38090578897391,0,0.11502353507810748,-1.6294493898350624,0
3613.9999999199063,-1832.7233998326701,-131.01030383445323,0,0.11647211918021338,-1.6293464865121201,0
3615.0000001536682,-1832.6062034597271,-132.63959833269473,0,0.11792061122570541,-1.6292422953949717,0
3616.0000000731088,-1832.4875586412963,-134.26878799597034,0,0.11936901006973211,-1.6291368165659668,0
3616.9999999925494,-1832.3674654710339,-135.89787153661018,0,0.12081731456751588,-1.6290300501084733,0
3617.99999991199,-1832.245924043993,-137.52684766700258,0,0.12226552357435339,-1.6289219961068766,0
3619.000000145752,-1832.1229344560998,-139.15571509971051,0,0.12371363594561691,-1.6288126546465795,0
3620.0000000651926,-1831.9984968046774,-140.78447254718048,0,0.1251616505367551,-1.628702025814003,0
3620.9999999846332,-1831.8726111879805,-142.41311872220831,0,0.12660956620329389,-1.6285901096965849,0
3621.9999999040738,-1831.7452777056023,-144.04165233753156,0,0.12805738180083748,-1.6284769063827818,0
3623.0000001378357,-1831.6164964581258,-145.67007210594602,0,0.12950509618506889,-1.6283624159620667,0
3624.0000000572763,-1831.486267547356,-147.2983767404221,0,0.13095270821175153,-1.6282466385249281,0
3624.9999999767169,-1831.3545910762041,-148.92656495404663,0,0.13240021673672941,-1.6281295741628758,0
3625.9999998961575,-1831.2214671488036,-150.55463545984821,0,0.13384762061592848,-1.6280112229684338,0
3627.0000001299195,-1831.0868958702777,-152.1825869710301,0,0.13529491870535726,-1.6278915850351432,0
3628.0000000493601,-1830.9508773470297,-153.81041820102837,0,0.13674210986110813,-1.6277706604575641,0
3628.9999999688007,-1830.8134116865695,-155.43812786310446,0,0.13818919293935783,-1.6276484493312708,0
3629.9999998882413,-1830.6744989975123,-157.06571467086906,0,0.13963616679636848,-1.6275249517528572,0
3631.0000001220033,-1830.5341393897543,-158.69317733781645,0,0.14108303028848856,-1.6274001678199317,0
3632.0000000414439,-1830.3923329741228,-160.32051457773196,0,0.14252978227215374,-1.6272740976311204,0
3632.9999999608845,-1830.2490798627841,-161.94772510440089,0,0.14397642160388813,-1.6271467412860661,0
3633.999999880325,-1830.1043801688356,-163.57480763160856,0,0.14542294714030446,-1.6270180988854284,0
3635.000000114087,-1829.9582340067718,-165.20176087348955,0,0.14686935773810561,-1.6268881705308824,0
3636.0000000335276,-1829.8106414920767,-166.82858354406198,0,0.14831565225408516,-1.6267569563251205,0
3636.9999999529682,-1829.6616027413402,-168.45527435757685,0,0.14976182954512862,-1.6266244563718515,0
3637.9999998724088,-1829.5111178724328,-170.08183202828513,0,0.1512078884682142,-1.6264906707757993,0
3639.0000001061708,-1829.3591870042728,-171.70825527061243,0,0.15265382788041337,-1.626355599642705,0
3640.0000000256114,-1829.2058102568844,-173.33454279910075,0,0.15409964663889231,-1.626219243079325,0
3640.999999945052,-1829.0509877515724,-174.96069332835032,0,0.15554534360091254,-1.6260816011934325,0
3641.9999998644926,-1828.8947196106892,-176.58670557307778,0,0.15699091762383166,-1.6259426740938165,0
3643.0000000982545,-1828.7370059576933,-178.21257824811619,0,0.1584363675651046,-1.6258024618902815,0
3644.0000000176951,-1828.5778469172656,-179.83831006853143,0,0.15988169228228444,-1.6256609646936462,0
3644.9999999371357,-1828.4172426152509,-181.46389974921476,0,0.16132689063302297,-1.6255181826157483,0
3645.9999998565763,-1828.255193178542,-183.0893460054649,0,0.16277196147507211,-1.6253741157694384,0
3647.0000000903383,-1828.0916987351957,-184.71464755258057,0,0.16421690366628428,-1.6252287642685825,0
3648.0000000097789,-1827.926759414433,-186.33980310586048,0,0.16566171606461411,-1.6250821282280634,0
3648.9999999292195,-1827.7603753466974,-187.96481138089439,0,0.16710639752811818,-1.6249342077637794,0
3649.9999998486601,-1827.5925466634217,-189.58967109327205,0,0.16855094691495676,-1.6247850029926414,0
3651.000000082422,-1827.4232734972611,-191.21438095881604,0,0.16999536308339491,-1.6246345140325786,0
3652.0000000018626,-1827.2525559820351,-192.83893969329074,0,0.17143964489180252,-1.6244827410025322,0
3652.9999999213032,-1827.0803942526691,-194.46334601280978,0,0.17288379119865571,-1.6243296840224606,0
3654.0000001550652,-1826.9067884451943,-196.08759863342857,0,0.17432780086253796,-1.6241753432133366,0
3655.0000000745058,-1826.7317386968643,-197.71169627131894,0,0.17577167274214045,-1.6240197186971468,0
3655.9999999939464,-1826.5552451460389,-199.33563764294377,0,0.17721540569626348,-1.6238628105968926,0
3656.999999913387,-1826.3773079321836,-200.9594214647077,0,0.17865899858381717,-1.62370461903659,0
3658.000000147149,-1826.1979271959281,-202.58304645324824,0,0.1801024502638221,-1.62354514414127,0
3659.0000000665896,-1826.0171030790661,-204.20651132526109,0,0.18154575959541075,-1.6233843860369779,0
3659.9999999860302,-1825.8348357245559,-205.82981479761656,0,0.18298892543782774,-1.6232223448507725,0
3660.9999999054708,-1825.651125276403,-207.4529555873014,0,0.18443194665043161,-1.6230590207107269,0
3662.0000001392327,-1825.4659718798357,-209.07593241141876,0,0.18587482209269479,-1.6228944137459287,0
3663.0000000586733,-1825.279375681188,-210.69874398724642,0,0.18731755062420508,-1.6227285240864782,0
3663.9999999781139,-1825.091336827958,-212.32138903206214,0,0.1887601311046665,-1.6225613518634918,0
3664.9999998975545,-1824.9018554686918,-213.94386626349296,0,0.19020256239389977,-1.6223928972090971,0
3666.0000001313165,-1824.7109317532741,-215.56617439904949,0,0.19164484335184373,-1.6222231602564363,0
3667.0000000507571,-1824.5185658325208,-217.18831215659156,0,0.19308697283855614,-1.622052141139666,0
3667.9999999701977,-1824.3247578584705,-218.81027825403726,0,0.19452894971421442,-1.6218798399939551,0
3668.9999998896383,-1824.1295079843258,-220.43207140930463,0,0.19597077283911635,-1.6217062569554861,0
3670.0000001234002,-1823.932816364395,-222.05369034066098,0,0.19741244107368172,-1.621531392161454,0
3671.0000000428408,-1823.7346831542091,-223.67513376643183,0,0.19885395327845223,-1.6213552457500686,0
3671.9999999622814,-1823.5351085102302,-225.2964004050009,0,0.20029530831409315,-1.6211778178605503,0
3672.999999881722,-1823.3340925903176,-226.91748897504294,0,0.20173650504139407,-1.6209991086331341,0
3674.000000115484,-1823.1316355533199,-228.53839819523273,0,0.2031775423212695,-1.6208191182090683,0
3675.0000000349246,-1822.9277375591919,-230.15912678441964,0,0.20461841901476019,-1.6206378467306117,0
3675.9999999543652,-1822.7223987691686,-231.77967346168589,0,0.20605913398303355,-1.6204552943410366,0
3676.9999998738058,-1822.5156193455332,-233.40003694617189,0,0.20749968608738489,-1.6202714611846283,0
3678.0000001075678,-1822.3073994516744,-235.0202159571927,0,0.20894007418923854,-1.6200863474066836,0
3679.0000000270084,-1822.0977392522036,-236.64020921417978,0,0.21038029715014794,-1.6198999531535123,0
3679.999999946449,-1821.886638912838,-238.2600154367392,0,0.21182035383179765,-1.6197122785724349,0
3680.9999998658895,-1821.6740986003424,-239.87963334459346,0,0.213260243096003,-1.6195233238117845,0
3682.0000000996515,-1821.4601184828207,-241.49906165769789,0,0.21469996380471223,-1.6193330890209068,0
3683.0000000190921,-1821.2446987293079,-243.11829909600783,0,0.21613951482000637,-1.6191415743501583,0
3683.9999999385327,-1821.0278395101195,-244.73734437982785,0,0.21757889500410077,-1.6189487799509079,0
3684.9999998579733,-1820.809540996619,-246.3561962294043,0,0.21901810321934601,-1.6187547059755341,0
3686.0000000917353,-1820.5898033613921,-247.97485336527461,0,0.22045713832822811,-1.6185593525774296,0
3687.0000000111759,-1820.3686267780722,-249.59331450809259,0,0.22189599919337022,-1.6183627199109956,0
3687.9999999306165,-1820.1460114214569,-251.21157837874489,0,0.22333468467753315,-1.6181648081316464,0
3688.9999998500571,-1819.921957467508,-252.82964369805995,0,0.22477319364361625,-1.6179656173958064,0
3690.000000083819,-1819.6964650933514,-254.44750918727368,0,0.22621152495465857,-1.6177651478609096,0
3691.0000000032596,-1819.469534477219,-256.06517356756376,0,0.22764967747383935,-1.6175633996854035,0
3691.9999999227002,-1819.2411657983903,-257.68263556045713,0,0.2290876500644794,-1.6173603730287445,0
3693.0000001564622,-1819.0113592374255,-259.29989388753893,0,0.23052544159004162,-1.6171560680513992,0
3694.0000000759028,-1818.7801149759325,-260.91694727051072,0,0.23196305091413172,-1.6169504849148457,0
3694.9999999953434,-1818.5474331967416,-262.5337944313651,0,0.23340047690050003,-1.6167436237815709,0
3695.999999914784,-1818.3133140836726,-264.15043409215286,0,0.23483771841304124,-1.616535484815073,0
3697.000000148546,-1818.0777578217676,-265.76686497509945,0,0.23627477431579602,-1.6163260681798604,0
3698.0000000679865,-1817.8407645972911,-267.38308580266312,0,0.23771164347295193,-1.61611537404145,0
3698.9999999874271,-1817.602334597439,-268.99909529741853,0,0.23914832474884384,-1.6159034025663692,0
3699.9999999068677,-1817.3624680108042,-270.61489218205679,0,0.24058481700795531,-1.6156901539221553,0
3701.0000001406297,-1817.1211650267942,-272.23047517956002,0,0.24202111911491919,-1.6154756282773539,0
3702.0000000600703,-1816.8784258363303,-273.84584301302675,0,0.24345722993451879,-1.6152598258015205,0
3702.9999999795109,-1816.6342506310903,-275.46099440561375,0,0.24489314833168829,-1.6150427466652215,0
3703.9999998989515,-1816.3886396041489,-277.075928080827,0,0.2463288731715142,-1.6148243910400295,0
3705.0000001327135,-1816.1415929496288,-278.69064276228892,0,0.2477644033192361,-1.6146047590985266,0
3706.0000000521541,-1815.8931108628167,-280.30513717368012,0,0.24919973764024717,-1.6143838510143063,0
3706.9999999715947,-1815.6431935400469,-281.91941003897227,0,0.25063487500009551,-1.6141616669619667,0
3707.9999998910353,-1815.3918411788181,-283.53346008231165,0,0.25206981426448505,-1.6139382071171184,0
3709.0000001247972,-1815.1390539779095,-285.14728602801915,0,0.25350455429927587,-1.6137134716563768,0
3710.0000000442378,-1814.8848321370315,-286.7608866004739,0,0.25493909397048597,-1.6134874607573684,0
3710.9999999636784,-1814.6291758571169,-288.37426052440424,0,0.25637343214429142,-1.6132601745987252,0
3711.999999883119,-1814.3720853402629,-289.98740652465494,0,0.25780756768702773,-1.6130316133600888,0
3713.000000116881,-1814.1135607896722,-291.60032332618721,0,0.25924149946519048,-1.6128017772221093,0
3714.0000000363216,-1813.8536024096538,-293.21300965419505,0,0.26067522634543616,-1.6125706663664416,0
3714.9999999557622,-1813.5922104056808,-294.8254642340471,0,0.26210874719458344,-1.6123382809757509,0
3715.9999998752028,-1813.3293849843321,-296.43768579134485,0,0.26354206087961385,-1.6121046212337087,0
3717.0000001089647,-1813.0651263533509,-298.04967305180617,0,0.26497516626767248,-1.6118696873249938,0
3718.0000000284053,-1812.7994347215863,-299.66142474138178,0,0.26640806222606894,-1.6116334794352913,0
3718.9999999478459,-1812.5323102990515,-301.27293958608061,0,0.26784074762227872,-1.6113959977512953,0
3719.9999998672865,-1812.2637532969238,-302.88421631231904,0,0.26927322132394338,-1.6111572424607046,0
3721.0000001010485,-1811.9937639273703,-304.49525364651345,0,0.27070548219887225,-1.6109172137522245,0
3722.0000000204891,-1811.7223424038384,-306.10605031542946,0,0.27213752911504241,-1.6106759118155689,0
3722.9999999399297,-1811.4494889408234,-307.71660504583269,0,0.27356936094060036,-1.6104333368414565,0
3723.9999998593703,-1811.1752037540427,-309.32691656483803,0,0.27500097654386235,-1.6101894890216115,0
3725.0000000931323,-1810.8994870602037,-310.93698359967675,0,0.27643237479331584,-1.609944368548766,0
3726.0000000125729,-1810.6223390772357,-312.54680487775477,0,0.27786355455761969,-1.6096979756166565,0
3726.9999999320135,-1810.3437600242905,-314.15637912676902,0,0.27929451470560585,-1.6094503104200264,0
3727.999999851454,-1810.0637501214514,-315.7657050745911,0,0.28072525410627946,-1.6092013731546235,0
3729.000000085216,-1809.7823095900239,-317.37478144915076,0,0.28215577162882044,-1.6089511640172012,0
3730.0000000046566,-1809.4994386525359,-318.98360697872704,0,0.28358606614258386,-1.6086996832055185,0
3730.9999999240972,-1809.2151375324465,-320.59218039171537,0,0.28501613651710123,-1.60844693091834,0
3731.9999998435378,-1808.9294064545538,-322.20050041680224,0,0.28644598162208135,-1.6081929073554346,0
3733.0000000772998,-1808.6422456447035,-323.80856578273233,0,0.28787560032741044,-1.6079376127175755,0
3733.9999999967404,-1808.3536553297308,-325.41637521859957,0,0.28930499150315436,-1.6076810472065417,0
3734.999999916181,-1808.063635737868,-327.02392745361431,0,0.29073415401955838,-1.6074232110251159,0
3736.0000001499429,-1807.7721870983369,-328.63122121716151,0,0.29216308674704872,-1.6071641043770857,0
3737.0000000693835,-1807.4793096413487,-330.23825523891719,0,0.29359178855623302,-1.606903727467242,0
3737.9999999888241,-1807.1850035985699,-331.84502824873198,0,0.29502025831790168,-1.6066420805013797,0
3738.9999999082647,-1806.889269202482,-333.45153897663113,0,0.29644849490302838,-1.6063791636862992,0
3740.0000001420267,-1806.5921066868468,-335.05778615293093,0,0.29787649718277087,-1.6061149772298022,0
3741.0000000614673,-1806.2935162865906,-336.66376850794768,0,0.29930426402847254,-1.6058495213406949,0
3741.9999999809079,-1805.993498237629,-338.26948477252154,0,0.30073179431166241,-1.6055827962287879,0
3742.9999999003485,-1805.6920527771581,-339.87493367743446,0,0.30215908690405702,-1.6053148021048931,0
3744.0000001341105,-1805.389180143422,-341.48011395381764,0,0.30358614067756018,-1.6050455391808263,0
3745.000000053551,-1805.0848805758287,-343.08502433291869,0,0.30501295450426491,-1.6047750076694069,0
3745.9999999729916,-1804.779154314776,-344.68966354633449,0,0.30643952725645329,-1.6045032077844561,0
3746.9999998924322,-1804.4720016020001,-346.29403032577829,0,0.30786585780659881,-1.6042301397407961,0
3748.0000001261942,-1804.1634226802853,-347.89812340319622,0,0.30929194502736568,-1.6039558037542545,0
3749.0000000456348,-1803.8534177934634,-349.501941510709,0,0.31071778779161086,-1.6036802000416592,0
3749.9999999650754,-1803.5419871865888,-351.10548338078661,0,0.31214338497238403,-1.60340332882084,0
3750.999999884516,-1803.2291311057634,-352.70874774589902,0,0.3135687354429294,-1.6031251903106294,0
3752.000000118278,-1802.9148497983115,-354.31173333904007,0,0.31499383807668624,-1.6028457847308606,0
3753.0000000377186,-1802.5991435126052,-355.91443889308721,0,0.31641869174728932,-1.6025651123023688,0
3753.9999999571592,-1802.2820124981808,-357.51686314144172,0,0.31784329532857047,-1.6022831732469909,0
3754.9999998765998,-1801.9634570056805,-359.11900481744669,0,0.31926764769455884,-1.6019999677875632,0
3756.0000001103617,-1801.6434772869106,-360.72086265491089,0,0.32069174771948272,-1.601715496147925,0
3757.0000000298023,-1801.3220735947252,-362.32243538775947,0,0.32211559427776948,-1.6014297585529154,0
3757.9999999492429,-1800.9992461832007,-363.92372175015043,0,0.32353918624404654,-1.6011427552283746,0
3758.9999998686835,-1800.6749953074614,-365.52472047641641,0,0.32496252249314306,-1.6008544864011425,0
3760.0000001024455,-1800.3493212237954,-367.12543030118104,0,0.32638560190009025,-1.6005649522990588,0
3761.0000000218861,-1800.0222241896554,-368.72584995930083,0,0.32780842334012195,-1.6002741531509646,0
3761.9999999413267,-1799.6937044634833,-370.3259781858651,0,0.32923098568867626,-1.5999820891867,0
3762.9999998607673,-1799.3637623050017,-371.92581371613778,0,0.3306532878213958,-1.5996887606371049,0
3764.0000000945292,-1799.032397974981,-373.52535528567387,0,0.33207532861412914,-1.5993941677340184,0
3765.0000000139698,-1798.6996117352974,-375.12460163026117,0,0.333497106942931,-1.5990983107102801,0
3765.9999999334104,-1798.3654038489331,-376.72355148580391,0,0.33491862168406406,-1.598801189799727,0
3766.999999852851,-1798.0297745801508,-378.32220358861377,0,0.33633987171399904,-1.5985028052371963,0
3768.000000086613,-1797.6927241941448,-379.92055667517707,0,0.33776085590941574,-1.5982031572585247,0
3769.0000000060536,-1797.3542529573315,-381.51860948209651,0,0.33918157314720432,-1.5979022461005443,0
3769.9999999254942,-1797.014361137175,-383.11636074638227,0,0.34060202230446579,-1.5976000720010894,0
3770.9999998449348,-1796.6730490024202,-384.71380920516094,0,0.34202220225851321,-1.5972966351989903,0
3772.0000000786968,-1796.3303168228013,-386.31095359596657,0,0.34344211188687224,-1.596991935934075,0
3772.9999999981374,-1795.9861648691585,-387.90779265633319,0,0.34486175006728215,-1.5966859744471709,0
3773.999999917578,-1795.6405934134964,-389.5043251242023,0,0.34628111567769693,-1.5963787509801013,0
3775.0000001513399,-1795.2936027290416,-391.10054973769002,0,0.34770020759628628,-1.5960702657756893,0
3776.0000000707805,-1794.9451930899522,-392.69646523526171,0,0.34911902470143541,-1.5957605190777526,0
3776.9999999902211,-1794.5953647716087,-394.29207035544096,0,0.35053756587174745,-1.595449511131108,0
3777.9999999096617,-1794.2441180505557,-395.88736383715877,0,0.35195582998604336,-1.5951372421815675,0
3779.0000001434237,-1793.8914532043273,-397.48234441952081,0,0.35337381592336292,-1.5948237124759412,0
3780.0000000628643,-1793.5373705117963,-399.07701084192377,0,0.35479152256296631,-1.5945089222620346,0
3780.9999999823049,-1793.1818702527089,-400.67136184399715,0,0.35620894878433373,-1.5941928717886502,0
3781.9999999017455,-1792.8249527080916,-402.2653961655451,0,0.35762609346716745,-1.5938755613055862,0
3783.0000001355074,-1792.4666181599605,-403.8591125466628,0,0.35904295549139253,-1.593556991063636,0
3784.000000054948,-1792.1068668916705,-405.45250972779468,0,0.36045953373715656,-1.5932371613145908,0
3784.9999999743886,-1791.7456991874496,-407.04558644955978,0,0.36187582708483224,-1.5929160723112359,0
3785.9999998938292,-1791.3831153328647,-408.63834145275177,0,0.36329183441501733,-1.5925937243073509,0
3787.0000001275912,-1791.0191156143555,-410.23077347857179,0,0.36470755460853532,-1.5922701175577116,0
3788.0000000470318,-1790.6537003197009,-411.82288126839558,0,0.36612298654643682,-1.5919452523180895,0
3788.9999999664724,-1790.2868697377271,-413.41466356383171,0,0.36753812911000028,-1.5916191288452488,0
3789.999999885913,-1789.9186241583084,-415.00611910677981,0,0.36895298118073272,-1.5912917473969503,0
3791.000000119675,-1789.5489638725412,-416.59724663937232,0,0.370367541640371,-1.5909631082319473,0
3792.0000000391155,-1789.1778891726281,-418.18804490409093,0,0.37178180937088257,-1.5906332116099873,0
3792.9999999585561,-1788.8054003517609,-419.77851264353376,0,0.37319578325446578,-1.5903020577918134,0
3793.9999998779967,-1788.4314977044123,-421.36864860064816,0,0.37460946217355151,-1.5899696470391607,0
3795.0000001117587,-1788.0561815261026,-422.95845151873073,0,0.37602284501080374,-1.5896359796147581,0
3796.0000000311993,-1787.679452113458,-424.54792014107807,0,0.3774359306491204,-1.5893010557823279,0
3796.9999999506399,-1787.3013097642688,-426.13705321156885,0,0.37884871797163444,-1.5889648758065866,0
3797.9999998700805,-1786.9217547773151,-427.72584947408177,0,0.38026120586171475,-1.5886274399532405,0
3799.0000001038425,-1786.5407874527154,-429.31430767290294,0,0.38167339320296634,-1.5882887484889909,0
3800.0000000232831,-1786.15840809152,-430.90242655260954,0,0.38308527887923216,-1.5879488016815322,0
3800.9999999427237,-1785.7746169958846,-432.49020485795336,0,0.38449686177459375,-1.5876075997995489,0
3801.9999998621643,-1785.3894144692458,-434.07764133391902,0,0.38590814077337143,-1.5872651431127169,0
3803.0000000959262,-1785.0028008160298,-435.66473472595681,0,0.38731911476012626,-1.586921431891708,0
3804.0000000153668,-1784.6147763417684,-437.25148377963342,0,0.38872978261965996,-1.5865764664081805,0
3804.9999999348074,-1784.225341353158,-438.83788724080659,0,0.39014014323701618,-1.5862302469347871,0
3805.999999854248,-1783.8344961580588,-440.42394385562511,0,0.39155019549748227,-1.5858827737451711,0
3807.00000008801,-1783.4422410653206,-442.00965237047058,0,0.39295993828658782,-1.5855340471139674,0
3808.0000000074506,-1783.0485763850156,-443.59501153213205,0,0.39436937049010856,-1.5851840673167996,0
3808.9999999268912,-1782.6535024282639,-445.1800200874568,0,0.39577849099406437,-1.5848328346302827,0
3809.9999998463318,-1782.2570195072913,-446.76467678381596,0,0.39718729868472247,-1.5844803493320228,0
3811.0000000800937,-1781.859127935546,-448.34898036869708,0,0.39859579244859655,-1.5841266117006154,0
3811.9999999995343,-1781.4598280274076,-449.93292958987877,0,0.40000397117244924,-1.5837716220156448,0
3812.9999999189749,-1781.0591200985946,-451.51652319548884,0,0.40141183374329148,-1.5834153805576872,0
3814.0000001527369,-1780.6570044656983,-453.09975993382977,0,0.40281937904838439,-1.5830578876083057,0
3815.0000000721775,-1780.2534814465907,-454.68263855361147,0,0.40422660597523996,-1.5826991434500544,0
3815.9999999916181,-1779.84855136025,-456.26515780377667,0,0.40563351341162124,-1.5823391483664757,0
3816.9999999110587,-1779.4422145266435,-457.84731643350096,0,0.4070401002455446,-1.5819779026420993,0
3818.0000001448207,-1779.0344712670194,-459.42911319225095,0,0.40844636536527945,-1.5816154065624459,0
3819.0000000642613,-1778.6253219035571,-461.0105468299007,0,0.40985230765934899,-1.5812516604140239,0
3819.9999999837019,-1778.2147667596582,-462.59161609649891,0,0.41125792601653266,-1.5808866644843271,0
3820.9999999031425,-1777.8028061598307,-464.1723197423853,0,0.41266321932586469,-1.5805204190618407,0
3822.0000001369044,-1777.3894404297462,-465.75265651819063,0,0.41406818647663746,-1.5801529244360344,0
3823.000000056345,-1776.974669896008,-467.33262517495314,0,0.41547282635839999,-1.5797841808973674,0
3823.9999999757856,-1776.5584948864416,-468.91222446382744,0,0.41687713786096081,-1.5794141887372855,0
3824.9999998952262,-1776.140915730095,-470.49145313631743,0,0.41828111987438743,-1.5790429482482202,0
3826.0000001289882,-1775.7219327568891,-472.07030994427623,0,0.41968477128900805,-1.5786704597235919,0
3827.0000000484288,-1775.3015462980838,-473.64879363984801,0,0.42108809099541233,-1.5782967234578056,0
3827.9999999678694,-1774.8797566858702,-475.22690297540976,0,0.42249107788445173,-1.5779217397462526,0
3828.99999988731,-1774.4565642536036,-476.80463670362951,0,0.42389373084724091,-1.5775455088853105,0
3830.0000001210719,-1774.0319693358615,-478.38199357752455,0,0.42529604877515848,-1.5771680311723433,0
3831.0000000405125,-1773.6059722680948,-479.95897235046141,0,0.42669803055984823,-1.5767893069056989,0
3831.9999999599531,-1773.1785733871511,-481.53557177592302,0,0.42809967509321878,-1.576409336384712,0
3832.9999998793937,-1772.7497730306932,-483.11179060791619,0,0.42950098126744574,-1.5760281199097019,0
3834.0000001131557,-1772.3195715377806,-484.68762760056416,0,0.43090194797497272,-1.5756456577819722,0
3835.0000000325963,-1771.8879692482878,-486.26308150833938,0,0.43230257410851081,-1.575261950303811,0
3835.9999999520369,-1771.4549665034283,-487.8381510861218,0,0.43370285856104041,-1.5748769977784911,0
3836.9999998714775,-1771.020563645463,-489.41283508896595,0,0.43510280022581249,-1.5744908005102696,0
3838.0000001052395,-1770.5847610176424,-490.98713227233384,0,0.43650239799634816,-1.5741033588043862,0
3839.00000002468,-1770.1475589644397,-492.56104139186209,0,0.43790165076644127,-1.5737146729670659,0
3839.9999999441206,-1769.7089578314335,-494.13456120365299,0,0.43930055743015761,-1.5733247433055149,0
3840.9999998635612,-1769.2689579653088,-495.70769046398345,0,0.44069911688183672,-1.5729335701279257,0
3842.0000000973232,-1768.8275597137981,-497.28042792953784,0,0.44209732801609281,-1.5725411537434704,0
3843.0000000167638,-1768.3847634257399,-498.85277235717513,0,0.4434951897278151,-1.5721474944623051,0
3843.9999999362044,-1767.9405694511952,-500.42472250427818,0,0.44489270091216893,-1.571752592595568,0
3844.999999855645,-1767.494978141156,-501.99627712828806,0,0.44628986046459729,-1.5713564484553797,0
3846.000000089407,-1767.047989847837,-503.56743498716969,0,0.44768666728081996,-1.5709590623548428,0
3847.0000000088476,-1766.5996049245587,-505.13819483912084,0,0.44908312025683672,-1.5705604346080413,0
3847.9999999282882,-1766.149823725631,-506.70855544263031,0,0.45047921828892645,-1.5701605655300392,0
3848.9999998477288,-1765.6986466066446,-508.27851555647794,0,0.45187496027364848,-1.5697594554368846,0
3850.0000000814907,-1765.2460739241214,-509.84807393990923,0,0.45327034510784359,-1.5693571046456034,0
3851.0000000009313,-1764.792106035864,-511.41722935234429,0,0.45466537168863519,-1.5689535134742048,0
3851.9999999203719,-1764.3367433005478,-512.9859805534943,0,0.45606003891342961,-1.5685486822416759,0
3853.0000001541339,-1763.8799860781874,-514.55432630359428,0,0.45745434567991716,-1.568142611267985,0
3854.0000000735745,-1763.4218347297283,-516.12226536293747,0,0.45884829088607282,-1.5677353008740815,0
3854.9999999930151,-1762.9622896172805,-517.68979649228277,0,0.46024187343015788,-1.5673267513818923,0
3855.9999999124557,-1762.5013511041179,-519.25691845273832,0,0.46163509221071974,-1.5669169631143252,0
3857.0000001462176,-1762.0390195545042,-520.82363000570331,0,0.46302794612659381,-1.566505936395266,0
3858.0000000656582,-1761.5752953338088,-522.38992991280975,0,0.46442043407690348,-1.5660936715495795,0
3858.9999999850988,-1761.1101788086817,-523.95581693621352,0,0.46581255496106155,-1.5656801689031097,0
3859.9999999045394,-1760.6436703466461,-525.52128983812872,0,0.46720430767877108,-1.5652654287826788,0
3861.0000001383014,-1760.1757703163894,-527.08634738135152,0,0.46859569113002542,-1.5648494515160871,0
3862.000000057742,-1759.7064790878212,-528.6509883289109,0,0.46998670421511091,-1.5644322374321111,0
3862.9999999771826,-1759.2357970317826,-530.2152114440687,0,0.471377345834606,-1.5640137868605075,0
3863.9999998966232,-1758.7637245203368,-531.77901549055241,0,0.47276761488938246,-1.5635941001320097,0
3865.0000001303852,-1758.2902619265951,-533.34239923238056,0,0.47415751028060693,-1.5631731775783264,0
3866.0000000498258,-1757.8154096247163,-534.90536143392092,0,0.47554703090974149,-1.5627510195321439,0
3866.9999999692664,-1757.3391679900233,-536.46790085977409,0,0.47693617567854385,-1.5623276263271255,0
3867.999999888707,-1756.8615373990033,-538.03001627494814,0,0.47832494348906929,-1.5619029982979113,0
3869.0000001224689,-1756.3825182290748,-539.59170644485857,0,0.47971333324367116,-1.5614771357801158,0
3870.0000000419095,-1755.9021108588786,-541.15297013509553,0,0.48110134384500114,-1.5610500391103299,0
3870.9999999613501,-1755.4203156681615,-542.71380611177301,0,0.48248897419601056,-1.5606217086261203,0
3871.9999998807907,-1754.9371330376016,-544.27421314123785,0,0.48387622319995205,-1.5601921446660278,0
3873.0000001145527,-1754.4525633492158,-545.83418999006972,0,0.48526308976037869,-1.55976134756957,0
3874.0000000339933,-1753.9666069859522,-547.39373542543035,0,0.48664957278114651,-1.5593293176772374,0
3874.9999999534339,-1753.4792643318651,-548.95284821459791,0,0.48803567116641433,-1.5588960553304956,0
3875.9999998728745,-1752.9905357721727,-550.51152712537441,0,0.48942138382064526,-1.558461560871784,0
3877.0000001066364,-1752.5004216931993,-552.06977092579473,0,0.49080670964860695,-1.5580258346445164,0
3878.000000026077,-1752.0089224822004,-553.62757838418474,0,0.49219164755537281,-1.5575888769930795,0
3878.9999999455176,-1751.5160385277704,-555.18494826939423,0,0.49357619644632311,-1.557150688262833,0
3879.9999998649582,-1751.0217702193768,-556.74187935044756,0,0.49496035522714554,-1.5567112688001115,0
3881.0000000987202,-1750.5261179477093,-558.29837039689301,0,0.496344122803836,-1.5562706189522202,0
3882.0000000181608,-1750.0290821045055,-559.85442017839523,0,0.49772749808269956,-1.5558287390674375,0
3882.9999999376014,-1749.5306630826672,-561.41002746508457,0,0.49911047997035174,-1.555385629495015,0
3883.999999857042,-1749.0308612760855,-562.96519102755701,0,0.50049306737371824,-1.5549412905851736,0
3885.000000090804,-1748.5296770797577,-564.51990963664139,0,0.50187525920003728,-1.554495722689109,0
3886.0000000102445,-1748.0271108899033,-566.07418206339935,0,0.50325705435685919,-1.554048926158986,0
3886.9999999296851,-1747.5231631036149,-567.62800707953284,0,0.50463845175204802,-1.5536009013479419,0
3887.9999998491257,-1747.0178341193241,-569.181383456802,0,0.5060194502937827,-1.5531516486100831,0
3889.0000000828877,-1746.5111243363936,-570.73430996754905,0,0.50740004889055679,-1.5527011683004892,0
3890.0000000023283,-1746.0030341552338,-572.28678538434906,0,0.50878024645117992,-1.5522494607752071,0
3890.9999999217689,-1745.4935639775358,-573.83880848012632,0,0.51016004188477915,-1.5517965263912556,0
3892.0000001555309,-1744.9827142058639,-575.39037802827079,0,0.51153943410079861,-1.5513423655066219,0
3893.0000000749715,-1744.4704852440627,-576.94149280246347,0,0.51291842200900206,-1.5508869784802637,0
3893.9999999944121,-1743.9568774969666,-578.4921515766182,0,0.51429700451947236,-1.5504303656721072,0
3894.9999999138527,-1743.4418913705158,-580.04235312528908,0,0.51567518054261252,-1.5499725274430483,0
3896.0000001476146,-1742.9255272717564,-581.59209622320486,0,0.51705294898914744,-1.5495134641549502,0
3897.0000000670552,-1742.4077856087824,-583.14137964538531,0,0.51843030877012375,-1.5490531761706445,0
3897.9999999864958,-1741.8886667907936,-584.69020216743229,0,0.51980725879691114,-1.5485916638539314,0
3898.9999999059364,-1741.3681712281541,-586.23856256512227,0,0.52118379798120285,-1.5481289275695795,0
3900.0000001396984,-1740.8462993321591,-587.78645961469738,0,0.52255992523501738,-1.5476649676833238,0
3901.000000059139,-1740.3230515153264,-589.33389209274901,0,0.52393563947069866,-1.5471997845618652,0
3901.9999999785796,-1739.7984281912213,-590.88085877615958,0,0.52531093960091713,-1.5467333785728727,0
3902.9999998980202,-1739.2724297745153,-592.4273584423936,0,0.52668582453866997,-1.5462657500849832,0
3904.0000001317821,-1738.7450566809275,-593.97338986897375,0,0.52806029319728365,-1.5457968994677966,0
3905.0000000512227,-1738.2163093272247,-595.51895183406305,0,0.52943434449041205,-1.5453268270918814,0
3905.9999999706633,-1737.6861881314544,-597.06404311605729,0,0.53080797733204044,-1.5448555333287715,0
3906.9999998901039,-1737.1546935124206,-598.60866249370156,0,0.53218119063648406,-1.5443830185509646,0
3908.0000001238659,-1736.6218258903828,-600.15280874626478,0,0.53355398331838988,-1.5439092831319257,0
3909.0000000433065,-1736.0875856863568,-601.69648065319052,0,0.53492635429273738,-1.5434343274460818,0
3909.9999999627471,-1735.5519733226974,-603.23967699450441,0,0.53629830247483912,-1.5429581518688265,0
3910.9999998821877,-1735.0149892226909,-604.78239655046491,0,0.53766982678034192,-1.5424807567765164,0
3912.0000001159497,-1734.4766338107875,-606.32463810167974,0,0.53904092612522791,-1.5420021425464734,0
3913.0000000353903,-1733.936907512485,-607.86640042928047,0,0.54041159942581496,-1.5415223095569823,0
3913.9999999548309,-1733.3958107543294,-609.40768231468974,0,0.54178184559875719,-1.5410412581872892,0
3914.9999998742715,-1732.8533439640305,-610.94848253967939,0,0.54315166356104738,-1.5405589888176068,0
3916.0000001080334,-1732.3095075702877,-612.48879988642875,0,0.54452105223001579,-1.5400755018291075,0
3917.000000027474,-1731.7643020030227,-614.0286331375828,0,0.54589001052333197,-1.5395907976039274,0
3917.9999999469146,-1731.2177276930888,-615.56798107601935,0,0.54725853735900643,-1.5391048765251647,0
3918.9999998663552,-1730.6697850725031,-617.10684248514008,0,0.54862663165538961,-1.5386177389768791,0
3920.0000001001172,-1730.1204745742725,-618.6452161486377,0,0.54999429233117481,-1.5381293853440914,0
3921.0000000195578,-1729.5697966326843,-620.18310085061239,0,0.5513615183053977,-1.5376398160127844,0
3921.9999999389984,-1729.0177516829572,-621.72049537551356,0,0.55272830849743748,-1.5371490313699012,0
3922.999999858439,-1728.4643401613575,-623.25739850837272,0,0.55409466182701794,-1.536657031803345,0
3924.0000000922009,-1727.9095625052578,-624.79380903427955,0,0.5554605772142075,-1.536163817701981,0
3925.0000000116415,-1727.3534191532526,-626.32972573902225,0,0.5568260535794215,-1.5356693894556317,0
3925.9999999310821,-1726.7959105448099,-627.86514740862185,0,0.55819108984342236,-1.5351737474550813,0
3926.9999998505227,-1726.2370371206198,-629.40007282950683,0,0.55955568492731966,-1.5346768920920735,0
3928.0000000842847,-1725.6767993223621,-630.93450078851311,0,0.56091983775257193,-1.534178823759309,0
3929.0000000037253,-1725.1151975928806,-632.46843007282587,0,0.56228354724098695,-1.5336795428504488,0
3929.9999999231659,-1724.552232376067,-634.00185947015416,0,0.56364681231472424,-1.5331790497601117,0
3931.0000001569279,-1723.9879041167442,-635.53478776843986,0,0.56500963189629272,-1.5326773448838753,0
3932.0000000763685,-1723.4222132611321,-637.0672137560905,0,0.56637200490855466,-1.5321744286182737,0
3932.999999995809,-1722.8551602561492,-638.59913622197928,0,0.5677339302747253,-1.5316703013608,0
3933.9999999152496,-1722.2867455501109,-640.13055395527044,0,0.56909540691837246,-1.5311649635099029,0
3935.0000001490116,-1721.7169695922639,-641.66146574559389,0,0.57045643376342003,-1.5306584154649892,0
3936.0000000684522,-1721.1458328329027,-643.19187038292876,0,0.57181700973414706,-1.5301506576264212,0
3936.9999999878928,-1720.5733357234276,-644.72176665771985,0,0.57317713375518875,-1.5296416903955183,0
3937.9999999073334,-1719.9994787164032,-646.25115336076124,0,0.5745368047515369,-1.5291315141745545,0
3939.0000001410954,-1719.4242622653255,-647.7800292831962,0,0.57589602164854226,-1.5286201293667616,0
3940.000000060536,-1718.8476868247963,-649.30839321675012,0,0.57725478337191416,-1.5281075363763241,0
3940.9999999799766,-1718.2697528506396,-650.8362439533812,0,0.578613088847722,-1.5275937356083826,0
3941.9999998994172,-1717.690460799553,-652.36358028551331,0,0.57997093700239533,-1.5270787274690321,0
3943.0000001331791,-1717.1098111294559,-653.89040100597776,0,0.58132832676272528,-1.5265625123653224,0
3944.0000000526197,-1716.5278042991995,-655.41670490807155,0,0.58268525705586571,-1.5260450907052567,0
3944.9999999720603,-1715.944440768857,-656.94249078538269,0,0.58404172680933275,-1.525526462897792,0
3945.9999998915009,-1715.3597209994332,-658.46775743196486,0,0.58539773495100733,-1.525006629352839,0
3947.0000001252629,-1714.773645453155,-659.99250364227919,0,0.58675328040913521,-1.5244855904812602,0
3948.0000000447035,-1714.1862145932391,-661.51672821125248,0,0.58810836211232698,-1.5239633466948714,0
3948.9999999641441,-1713.5974288838916,-663.04042993416078,0,0.58946297898956079,-1.5234398984064421,0
3949.9999998835847,-1713.0072887905408,-664.56360760674579,0,0.59081712997018165,-1.5229152460296913,0
3951.0000001173466,-1712.4157947796048,-666.08626002504025,0,0.59217081398390325,-1.5223893899792917,0
3952.0000000367872,-1711.8229473185493,-667.60838598560076,0,0.59352402996080733,-1.5218623306708667,0
3952.9999999562278,-1711.2287468760624,-669.1299842853914,0,0.59487677683134654,-1.5213340685209897,0
3953.9999998756684,-1710.633193921647,-670.65105372184189,0,0.5962290535263447,-1.5208046039471865,0
3955.0000001094304,-1710.0362889260869,-672.17159309261478,0,0.59758085897699542,-1.520273937367933,0
3956.000000028871,-1709.4380323610967,-673.69160119601293,0,0.59893219211486659,-1.5197420692026535,0
3956.9999999483116,-1708.8384246996138,-675.21107683063019,0,0.60028305187189845,-1.5192089998717233,0
3957.9999998677522,-1708.2374664155068,-676.73001879552612,0,0.60163343718040607,-1.5186747297964676,0
3959.0000001015142,-1707.6351579838083,-678.2484258901095,0,0.60298334697307865,-1.5181392593991592,0
3960.0000000209548,-1707.0314998804242,-679.7662969143712,0,0.60433278018298164,-1.5176025891030209,0
3960.9999999403954,-1706.4264925826574,-681.2836306685349,0,0.60568173574355744,-1.5170647193322231,0
3961.999999859836,-1705.820136568509,-682.80042595334817,0,0.60703021258862555,-1.5165256505118845,0
3963.0000000935979,-1705.2124323173775,-684.31668157002423,0,0.60837820965238432,-1.5159853830680712,0
3964.0000000130385,-1704.6033803095343,-685.83239632006735,0,0.60972572586941076,-1.5154439174277967,0
3964.9999999324791,-1703.9929810262984,-687.34756900562206,0,0.61107276017466217,-1.5149012540190232,0
3965.9999998519197,-1703.3812349501532,-688.86219842900755,0,0.61241931150347684,-1.5143573932706558,0
3967.0000000856817,-1702.7681425646297,-690.37628339318326,0,0.61376537879157478,-1.5138123356125504,0
3968.0000000051223,-1702.1537043542485,-691.88982270139968,0,0.61511096097505802,-1.5132660814755057,0
3968.9999999245629,-1701.5379208047525,-693.40281515743118,0,0.61645605699041306,-1.512718631291267,0
3969.9999998440035,-1700.9207924026996,-694.91525956545956,0,0.61780066577450976,-1.5121699854925255,0
3971.0000000777654,-1700.3023196359281,-696.4271547300159,0,0.61914478626460323,-1.5116201445129169,0
3971.999999997206,-1699.6825029932661,-697.93849945621332,0,0.62048841739833516,-1.5110691087870216,0
3972.9999999166466,-1699.0613429645891,-699.44929254951421,0,0.62183155811373325,-1.5105168787503644,0
3974.0000001504086,-1698.4388400408789,-700.95953281578841,0,0.62317420734921292,-1.5099634548394127,0
3975.0000000698492,-1697.8149947141064,-702.4692190613714,0,0.62451636404357835,-1.5094088374915802,0
3975.9999999892898,-1697.1898074773489,-703.97835009306436,0,0.6258580271360229,-1.5088530271452223,0
3976.9999999087304,-1696.5632788247312,-705.48692471813411,0,0.62719919556613002,-1.5082960242396368,0
3978.0000001424924,-1695.9354092514259,-706.99494174419669,0,0.62853986827387442,-1.5077378292150654,0
3979.000000061933,-1695.3061992537696,-708.50239997933386,0,0.62988004419962185,-1.5071784425126904,0
3979.9999999813735,-1694.6756493289722,-710.0092982321512,0,0.63121972228413115,-1.506617864574638,0
3980.9999999008141,-1694.0437599754659,-711.51563531154534,0,0.63255890146855531,-1.5060560958439742,0
3982.0000001345761,-1693.4105316927307,-713.02141002705321,0,0.63389758069444035,-1.5054931367647064,0
3983.0000000540167,-1692.7759649811196,-714.52662118844455,0,0.63523575890372885,-1.5049289877817842,0
3983.9999999734573,-1692.1400603422662,-716.0312676061294,0,0.63657343503875796,-1.5043636493410955,0
3984.9999998928979,-1691.5028182787355,-717.53534809080884,0,0.63791060804226263,-1.5037971218894701,0
3986.0000001266599,-1690.8642392942565,-719.0388614537078,0,0.63924727685737504,-1.5032294058746767,0
3987.0000000461005,-1690.2243238934316,-720.54180650651688,0,0.64058344042762605,-1.5026605017454242,0
3987.9999999655411,-1689.5830725821434,-722.04418206133414,0,0.64191909769694588,-1.5020904099513595,0
3988.9999998849817,-1688.9404858671478,-723.54598693066509,0,0.64325424760966488,-1.5015191309430689,0
3990.0000001187436,-1688.2965642564232,-725.04721992759733,0,0.64458888911051415,-1.5009466651720769,0
3991.0000000381842,-1687.6513082587626,-726.54787986556767,0,0.64592302114462707,-1.5003730130908459,0
3991.9999999576248,-1687.004718384298,-728.04796555847861,0,0.64725664265753946,-1.4997981751527765,0
3992.9999998770654,-1686.3567951439763,-729.54747582075652,0,0.64858975259519036,-1.4992221518122046,0
3994.0000001108274,-1685.7075390499667,-731.046409467177,0,0.64992234990392372,-1.498644943524406,0
3995.000000030268,-1685.0569506154279,-732.54476531298133,0,0.65125443353048817,-1.498066550745591,0
3995.9999999497086,-1684.4050303545082,-734.04254217393463,0,0.65258600242203879,-1.4974869739329066,0
3996.9999998691492,-1683.7517787824618,-735.53973886632593,0,0.65391705552613688,-1.4969062135444351,0
3998.0000001029111,-1683.097196415707,-737.03635420667706,0,0.65524759179075198,-1.4963242700391954,0
3999.0000000223517,-1682.4412837715354,-738.53238701215014,0,0.65657761016426186,-1.4957411438771406,0
3999.9999999417923,-1681.7840413683443,-740.02783610037295,0,0.65790710959545373,-1.4951568355191598,0
4000.9999998612329,-1681.1254697256954,-741.52270028932253,0,0.65923608903352526,-1.4945713454270741,0
4002.0000000949949,-1680.4655693639652,-743.01697839744156,0,0.66056454742808424,-1.4939846740636411,0
4003.0000000144355,-1679.8043408048688,-744.51066924381303,0,0.66189248372915077,-1.4933968218925506,0
4003.9999999338761,-1679.1417845708784,-746.00377164781094,0,0.6632198968871581,-1.4928077893784257,0
4004.9999998533167,-1678.4779011858045,-747.49628442927497,0,0.66454678585295213,-1.4922175769868233,0
4006.0000000870787,-1677.8126911742729,-748.98820640862687,0,0.66587314957779342,-1.4916261851842321,0
4007.0000000065193,-1677.1461550620734,-750.47953640669584,0,0.66719898701335778,-1.4910336144380736,0
4007.9999999259599,-1676.4782933760434,-751.97027324466035,0,0.66852429711173689,-1.4904398652166999,0
4008.9999998454005,-1675.8091066440102,-753.46041574445553,0,0.6698490788254392,-1.4898449379893959,0
4010.0000000791624,-1675.1385953948484,-754.94996272813296,0,0.6711733311073903,-1.4892488332263776,0
4010.999999998603,-1674.466760158597,-756.43891301855911,0,0.67249705291093542,-1.4886515513987897,0
4011.9999999180436,-1673.7936014662264,-757.92726543877507,0,0.67382024318983813,-1.4880530929787101,0
4013.0000001518056,-1673.1191198497545,-759.41501881246222,0,0.67514290089828211,-1.4874534584391443,0
4014.0000000712462,-1672.4433158423053,-760.90217196376761,0,0.67646502499087247,-1.4868526482540285,0
4014.9999999906868,-1671.7661899779923,-762.38872371724574,0,0.67778661442263566,-1.4862506628982279,0
4015.9999999101274,-1671.0877427919768,-763.87467289797496,0,0.6791076681490209,-1.4856475028475362,0
4017.0000001438893,-1670.4079748205841,-765.36001833155751,0,0.68042818512590098,-1.4850431685786767,0
4018.0000000633299,-1669.7268866010127,-766.84475884388667,0,0.68174816430957208,-1.484437660569299,0
4018.9999999827705,-1669.044478671567,-768.32889326155419,0,0.68306760465675687,-1.4838309792979807,0
4019.9999999022111,-1668.3607515716576,-769.81242041155929,0,0.68438650512460286,-1.4832231252442289,0
4021.0000001359731,-1667.675705841626,-771.29533912130864,0,0.68570486467068414,-1.4826140988884748,0
4022.0000000554137,-1666.9893420229782,-772.77764821873279,0,0.68702268225300311,-1.4820039007120784,0
4022.9999999748543,-1666.3016606581514,-774.25934653228614,0,0.68833995682998972,-1.4813925311973239,0
4023.9999998942949,-1665.6126622906886,-775.74043289083056,0,0.68965668736050401,-1.4807799908274233,0
4025.0000001280569,-1664.9223474651226,-777.22090612380998,0,0.69097287280383524,-1.4801662800865123,0
4026.0000000474975,-1664.2307167270919,-778.7007650610758,0,0.69228851211970388,-1.4795513994596523,0
4026.999999966938,-1663.537770623283,-780.18000853294507,0,0.69360360426826206,-1.4789353494328301,0
4027.9999998863786,-1662.8435097013135,-781.65863537025871,0,0.69491814821009379,-1.4783181304929551,0
4029.0000001201406,-1662.1479345099069,-783.13664440443972,0,0.69623214290621704,-1.477699743127862,0
4030.0000000395812,-1661.451045598893,-784.61403446720215,0,0.6975455873180838,-1.4770801878263085,0
4030.9999999590218,-1660.7528435190907,-786.09080439095851,0,0.69885848040758058,-1.4764594650779759,0
4031.9999998784624,-1660.0533288221923,-787.56695300841238,0,0.70017082113703033,-1.4758375753734665,0
4033.0000001122244,-1659.3525020612869,-789.04247915284941,0,0.70148260846919186,-1.4752145192043071,0
4034.000000031665,-1658.6503637901042,-790.51738165813731,0,0.70279384136726164,-1.4745902970629452,0
4034.9999999511056,-1657.946914563654,-791.99165935849305,0,0.70410451879487457,-1.4739649094427509,0
4035.9999998705462,-1657.2421549379942,-793.46531108871568,0,0.70541463971610396,-1.4733383568380138,0
4037.0000001043081,-1656.5360854701139,-794.93833568401169,0,0.70672420309546413,-1.4727106397439456,0
4038.0000000237487,-1655.8287067179917,-796.41073198016966,0,0.70803320789790913,-1.4720817586566777,0
4038.9999999431893,-1655.1200192408287,-797.88249881350202,0,0.70934165308883479,-1.4714517140732624,0
4039.9999998626299,-1654.4100235986989,-799.35363502067048,0,0.71064953763407845,-1.4708205064916706,0
4041.0000000963919,-1653.6987203527824,-800.824139438977,0,0.7119568604999218,-1.4701881364107925,0
4042.0000000158325,-1652.986110065307,-802.29401090618921,0,0.7132636206530899,-1.4695546043304375,0
4042.9999999352731,-1652.2721932994318,-803.76324826048221,0,0.71456981706075318,-1.4689199107513338,0
4043.9999998547137,-1651.5569706194219,-805.23185034067137,0,0.71587544869052588,-1.4682840561751271,0
4045.0000000884756,-1650.8404425906483,-806.69981598597951,0,0.71718051451047071,-1.4676470411043807,0
4046.0000000079162,-1650.1226097793551,-808.16714403621154,0,0.71848501348909655,-1.4670088660425744,0
4046.9999999273568,-1649.4034727529506,-809.63383333157981,0,0.71978894459536036,-1.4663695314941063,0
4047.9999998467974,-1648.6830320797744,-811.09988271287875,0,0.72109230679866787,-1.4657290379642904,0
4049.0000000805594,-1647.9612883293303,-812.56529102136847,0,0.72239509906887478,-1.4650873859593561,0
4050,-1647.238242071995,-814.03005709877471,0,0.72369732037628698,-1.4644445759864499,0
4050.9999999194406,-1646.5138938792516,-815.49417978752172,0,0.72499896969166178,-1.463800608553631,0
4052.0000001532026,-1645.7882443235721,-816.95765793026658,0,0.72630004598620845,-1.4631554841698757,0
4053.0000000726432,-1645.0612939785933,-818.42049037036486,0,0.72760054823158926,-1.4625092033450744,0
4053.9999999920838,-1644.3330434188247,-819.88267595163779,0,0.72890047539992042,-1.46186176659003,0
4054.9999999115244,-1643.6034932198236,-821.34421351843048,0,0.73019982646377191,-1.4612131744164611,0
4056.0000001452863,-1642.8726439582533,-822.80510191549547,0,0.73149860039616998,-1.4605634273369981,0
4057.0000000647269,-1642.1404962117667,-824.26533998828381,0,0.73279679617059612,-1.4599125258651853,0
4057.9999999841675,-1641.4070505590062,-825.7249265825958,0,0.73409441276098975,-1.4592604705154777,0
4058.9999999036081,-1640.6723075796617,-827.183860544872,0,0.73539144914174748,-1.4586072618032451,0
4060.0000001373701,-1639.9362678544712,-828.64214072196046,0,0.73668790428772446,-1.4579529002447642,0
4061.0000000568107,-1639.198931965162,-830.09976596123306,0,0.73798377717423536,-1.4572973863572281,0
4061.9999999762513,-1638.4603004945093,-831.55673511070199,0,0.73927906677705502,-1.4566407206587377,0
4062.9999998956919,-1637.720374026394,-833.01304701878689,0,0.74057377207241959,-1.4559829036683056,0
4064.0000001294538,-1636.9791531455121,-834.46870053443126,0,0.74186789203702641,-1.4553239359058523,0
4065.0000000488944,-1636.2366384377819,-835.92369450716069,0,0.74316142564803622,-1.4546638178922104,0
4065.999999968335,-1635.492830489995,-837.37802778702462,0,0.74445437188307251,-1.4540025501491201,0
4066.9999998877756,-1634.7477298901067,-838.83169922442175,0,0.74574672972022382,-1.4533401331992306,0
4068.0000001215376,-1634.0013372270041,-840.28470767050749,0,0.74703849813804257,-1.4526765675661,0
4069.0000000409782,-1633.25365309068,-841.73705197684467,0,0.74832967611554801,-1.4520118537741924,0
4069.9999999604188,-1632.5046780719422,-843.18873099552002,0,0.74962026263222548,-1.4513459923488825,0
4070.9999998798594,-1631.7544127628789,-844.63974357914412,0,0.7509102566680288,-1.4506789838164491,0
4072.0000001136214,-1631.0028577564517,-846.09008858096786,0,0.75219965720337878,-1.4500108287040785,0
4073.000000033062,-1630.2500136466697,-847.53976485453313,0,0.75348846321916585,-1.4493415275398653,0
4073.9999999525025,-1629.4958810285316,-848.98877125419676,0,0.75477667369675072,-1.4486710808528072,0
4074.9999998719431,-1628.7404604981421,-850.43710663460661,0,0.75606428761796418,-1.4479994891728081,0
4076.0000001057051,-1627.9837526524789,-851.88476985105081,0,0.75735130396510864,-1.4473267530306773,0
4077.0000000251457,-1627.2257580897422,-853.33175975934137,0,0.75863772172095945,-1.4466528729581281,0
4077.9999999445863,-1626.4664774088887,-854.77807521581417,0,0.75992353986876404,-1.4459778494877789,0
4078.9999998640269,-1625.705911210156,-856.22371507738717,0,0.76120875739224492,-1.4453016831531504,0
4080.0000000977889,-1624.9440600946546,-857.66867820132757,0,0.7624933732755983,-1.4446243744886682,0
4081.0000000172295,-1624.1809246645425,-859.11296344571747,0,0.76377738650349625,-1.4439459240296593,0
4081.9999999366701,-1623.4165055229096,-860.55656966898823,0,0.76506079606108746,-1.4432663323123536,0
4082.9999998561107,-1622.6508032739512,-861.99949573015328,0,0.76634360093399767,-1.4425855998738832,0
4084.0000000898726,-1621.8838185229106,-863.44174048869172,0,0.76762580010832981,-1.4419037272522828,0
4085.0000000093132,-1621.1155518759624,-864.88330280472292,0,0.76890739257066687,-1.441220714986486,0
4085.9999999287538,-1620.346003940329,-866.32418153894832,0,0.77018837730806977,-1.4405365636163294,0
4086.9999998481944,-1619.5751753242803,-867.76437555247685,0,0.77146875330808118,-1.4398512736825482,0
4088.0000000819564,-1618.8030666369596,-869.20388370699948,0,0.77274851955872426,-1.4391648457267787,0
4089.000000001397,-1618.0296784887323,-870.64270486473106,0,0.77402767504850389,-1.4384772802915555,0
4089.9999999208376,-1617.2550114908372,-872.08083788858494,0,0.77530621876640837,-1.4377885779203137,0
4091.0000001545995,-1616.4790662554442,-873.51828164182371,0,0.77658414970190881,-1.4370987391573855,0
4092.0000000740401,-1615.7018433960038,-874.95503498829203,0,0.77786146684496094,-1.4364077645480029,0
4092.9999999934807,-1614.9233435267233,-876.39109679247485,0,0.77913816918600587,-1.4357156546382941,0
4093.9999999129213,-1614.1435672629159,-877.8264659193228,0,0.78041425571597023,-1.4350224099752853,0
4095.0000001466833,-1613.3625152208842,-879.26114123436855,0,0.78168972542626736,-1.4343280311068991,0
4096.0000000661239,-1612.5801880179788,-880.69512160361046,0,0.78296457730879865,-1.4336325185819554,0
4096.9999999855645,-1611.7965862725396,-882.12840589380357,0,0.78423881035595355,-1.4329358729501707,0
4097.9999999050051,-1611.0117106038961,-883.56099297199398,0,0.78551242356061002,-1.4322380947621547,0
4099.0000001387671,-1610.2255616323673,-884.99288170598447,0,0.78678541591613693,-1.4315391845694139,0
4100.0000000582077,-1609.4381399793783,-886.42407096398529,0,0.78805778641639301,-1.4308391429243492,0
4100.9999999776483,-1608.649446267169,-887.85455961484695,0,0.78932953405572903,-1.4301379703802564,0
4101.9999998970889,-1607.8594811192015,-889.28434652800206,0,0.7906006578289877,-1.4294356674913236,0
4103.0000001308508,-1607.0682451598113,-890.71343057329068,0,0.79187115673150532,-1.4287322348126339,0
4104.0000000502914,-1606.2757390143815,-892.14181062119314,0,0.79314102975911127,-1.428027672900162,0
4104.999999969732,-1605.4819633092266,-893.56948554283008,0,0.79441027590813018,-1.4273219823107766,0
4105.9999998891726,-1604.686918671825,-894.99645420978777,0,0.79567889417538196,-1.4266151636022375,0
4107.0000001229346,-1603.8906057305285,-896.42271549417637,0,0.79694688355818344,-1.4259072173331957,0
4108.0000000423752,-1603.0930251146783,-897.84826826880453,0,0.79821424305434718,-1.4251981440631947,0
4108.9999999618158,-1602.2941774547216,-899.27311140683014,0,0.79948097166218457,-1.4244879443526672,0
4109.9999998812564,-1601.4940633819788,-900.69724378216779,0,0.80074706838050569,-1.4237766187629384,0
4111.0000001150183,-1600.6926835289341,-902.12066426925594,0,0.80201253220861946,-1.423064167856221,0
4112.0000000344589,-1599.8900385288871,-903.54337174299872,0,0.80327736214633549,-1.4223505921956185,0
4112.9999999538995,-1599.0861290162429,-904.96536507894052,0,0.80454155719396403,-1.4216358923451231,0
4113.9999998733401,-1598.2809556264547,-906.38664315314963,0,0.80580511635231722,-1.4209200688696151,0
4115.0000001071021,-1597.4745189958485,-907.80720484227641,0,0.80706803862271037,-1.4202031223348639,0
4116.0000000265427,-1596.6668197617983,-909.22704902361147,0,0.80833032300696128,-1.4194850533075252,0
4116.9999999459833,-1595.8578585627838,-910.64617457496934,0,0.80959196850739235,-1.4187658623551427,0
4117.9999998654239,-1595.0476360380999,-912.06458037457196,0,0.81085297412683099,-1.4180455500461471,0
4119.0000000991859,-1594.2361528281472,-913.48226530145621,0,0.81211333886861081,-1.4173241169498547,0
4120.0000000186265,-1593.4234095743159,-914.8992282350664,0,0.81337306173657076,-1.4166015636364682,0
4120.999999938067,-1592.6094069189858,-916.31546805548714,0,0.81463214173505782,-1.4158778906770755,0
4121.9999998575076,-1591.7941455054679,-917.73098364338512,0,0.81589057786892738,-1.4151530986436489,0
4123.0000000912696,-1590.9776259781793,-919.14577387995087,0,0.81714836914354305,-1.414427188109046,0
4124.0000000107102,-1590.1598489824682,-920.55983764695702,0,0.81840551456477839,-1.4137001596470085,0
4124.9999999301508,-1589.3408151646727,-921.97317382681649,0,0.81966201313901799,-1.4129720138321606,0
4125.9999998495914,-1588.52052517212,-923.38578130234964,0,0.82091786387315668,-1.4122427512400102,0
4127.0000000833534,-1587.6989796531852,-924.79765895719174,0,0.82217306577460214,-1.4115123724469483,0
4128.000000002794,-1586.876179257175,-926.20880567538552,0,0.82342761785127472,-1.4107808780302475,0
4128.9999999222346,-1586.0521246344433,-927.61922034155577,0,0.82468151911160792,-1.4100482685680635,0
4130.0000001559965,-1585.2268164362176,-929.0289018410258,0,0.82593476856454984,-1.4093145446394311,0
4131.0000000754371,-1584.4002553148894,-930.43784905958455,0,0.82718736521956404,-1.4085797068242676,0
4131.9999999948777,-1583.5724419237231,-931.84606088360306,0,0.82843930808662969,-1.4078437557033703,0
4132.9999999143183,-1582.7433769169729,-933.25353620009264,0,0.82969059617624319,-1.4071066918584161,0
4134.0000001480803,-1581.9130609499989,-934.66027389658848,0,0.83094122849941787,-1.4063685158719617,0
4135.0000000675209,-1581.0814946789178,-936.06627286126604,0,0.83219120406768554,-1.405629228327443,0
4135.9999999869615,-1580.2486787610687,-937.47153198294109,0,0.83344052189309736,-1.404888829809174,0
4136.9999999064021,-1579.4146138547221,-938.87605015077861,0,0.83468918098822409,-1.4041473209023467,0
4138.000000140164,-1578.5793006190215,-940.27982625475852,0,0.83593718036615705,-1.4034047021930309,0
4139.0000000596046,-1577.7427397142164,-941.68285918544279,0,0.83718451904050928,-1.4026609742681737,0
4139.9999999790452,-1576.9049318014877,-943.08514783380087,0,0.8384311960254156,-1.4019161377155993,0
4140.9999998984858,-1576.0658775430638,-944.48669109150069,0,0.83967721033553477,-1.401170193124007,0
4142.0000001322478,-1575.2255776020465,-945.88748785085045,0,0.84092256098604778,-1.4004231410829733,0
4143.0000000516884,-1574.3840326426434,-947.28753700474044,0,0.84216724699266166,-1.3996749821829484,0
4143.999999971129,-1573.5412433299352,-948.68683744646842,0,0.84341126737160799,-1.3989257170152576,0
4144.9999998905696,-1572.6972103301086,-950.08538807020523,0,0.84465462113964407,-1.3981753461721032,0
4146.0000001243316,-1571.8519343101652,-951.48318777047098,0,0.84589730731405521,-1.3974238702465578,0
4147.0000000437722,-1571.005415938329,-952.88023544254247,0,0.84713932491265331,-1.3966712898325691,0
4147.9999999632128,-1570.1576558835222,-954.27652998216217,0,0.84838067295377961,-1.395917605524958,0
4148.9999998826534,-1569.3086548159481,-955.67207028582925,0,0.84962135045630305,-1.3951628179194171,0
4150.0000001164153,-1568.4584134064498,-957.06685525045032,0,0.85086135643962457,-1.3944069276125113,0
4151.0000000358559,-1567.6069323272095,-958.46088377368869,0,0.85210068992367449,-1.3936499352016773,0
4151.9999999552965,-1566.7542122511077,-959.85415475367336,0,0.85333934992891458,-1.3928918412852234,0
4152.9999998747371,-1565.9002538521891,-961.24666708928999,0,0.85457733547634029,-1.3921326464623269,0
4154.0000001084991,-1565.0450578053133,-962.63841967983171,0,0.85581464558747844,-1.3913723513330365,0
4155.0000000279397,-1564.1886247864459,-964.02941142534837,0,0.8570512792843904,-1.3906109564982705,0
4155.9999999473803,-1563.330955472542,-965.41964122647187,0,0.85828723558967246,-1.3898484625598155,0
4156.9999998668209,-1562.4720505414298,-966.80910798429977,0,0.85952251352645637,-1.3890848701203282,0
4158.0000001005828,-1561.611910671927,-968.19781060074456,0,0.86075711211840911,-1.3883201797833318,0
4159.0000000200234,-1560.7505365439574,-969.58574797812616,0,0.8619910303897359,-1.3875543921532194,0
4159.999999939464,-1559.8879288382595,-970.97291901946301,0,0.86322426736517799,-1.3867875078352492,0
4160.9999998589046,-1559.0240882366197,-972.35932262841379,0,0.86445682207001695,-1.3860195274355469,0
4162.0000000926666,-1558.159015421872,-973.74495770921931,0,0.86568869353007261,-1.3852504515611057,0
4163.0000000121072,-1557.2927110776654,-975.12982316658599,0,0.86691988077170445,-1.3844802808197831,0
4163.9999999315478,-1556.4251758886967,-976.51391790609341,0,0.86815038282181423,-1.3837090158203031,0
4164.9999998509884,-1555.5564105407102,-977.89724083367037,0,0.86938019870784311,-1.382936657172253,0
4166.0000000847504,-1554.6864157203236,-979.27979085606057,0,0.87060932745777664,-1.3821632054860871,0
4167.000000004191,-1553.8151921152021,-980.66156688053161,0,0.87183776810014202,-1.3813886613731199,0
4167.9999999236315,-1552.942740413826,-982.04256781487493,0,0.87306551966401147,-1.3806130254455331,0
4168.9999998430721,-1552.0690613058978,-983.42279256769689,0,0.87429258117900088,-1.3798362983163692,0
4170.0000000768341,-1551.1941554818186,-984.8022400480113,0,0.87551895167527172,-1.3790584805995341,0
4170.9999999962747,-1550.3180236332119,-986.18090916553047,0,0.87674463018353177,-1.3782795729097943,0
4171.9999999157153,-1549.4406664524577,-987.55879883066518,0,0.87796961573503651,-1.377499575862779,0
4173.0000001494773,-1548.5620846330421,-988.93590795435011,0,0.87919390736158765,-1.3767184900749787,0
4174.0000000689179,-1547.6822788693244,-990.31223544816021,0,0.88041750409553599,-1.3759363161637435,0
4174.9999999883585,-1546.8012498567696,-991.68778022419428,0,0.88164040496978258,-1.3751530547472839,0
4175.9999999077991,-1545.9189982916578,-993.06254119530786,0,0.88286260901777647,-1.3743687064446692,0
4177.000000141561,-1545.0355248713749,-994.43651727499673,0,0.88408411527351916,-1.3735832718758298,0
4178.0000000610016,-1544.1508302940638,-995.80970737722237,0,0.8853049227715627,-1.3727967516615522,0
4178.9999999804422,-1543.2649152590311,-997.18211041664472,0,0.88652503054701226,-1.3720091464234825,0
4179.9999998998828,-1542.3777804665151,-998.55372530856403,0,0.8877444376355248,-1.3712204567841235,0
4181.0000001336448,-1541.4894266176852,-999.92455096892081,0,0.88896314307331237,-1.3704306833668363,0
4182.0000000530854,-1540.5998544145841,-1001.2945863142377,0,0.89018114589714115,-1.3696398267958376,0
4182.999999972526,-1539.7090645604185,-1002.6638302616775,0,0.89139844514433209,-1.3688478876961998,0
4183.9999998919666,-1538.8170577591518,-1004.0322817290435,0,0.8926150398527628,-1.3680548666938517,0
4185.0000001257285,-1537.9238347158534,-1005.3999396346626,0,0.89383092906086803,-1.3672607644155774,0
4186.0000000451691,-1537.0293961365242,-1006.7668028976186,0,0.89504611180763916,-1.366465581489015,0
4186.9999999646097,-1536.1337427280378,-1008.1328704376356,0,0.8962605871326268,-1.3656693185426567,0
4187.9999998840503,-1535.236875198374,-1009.4981411749031,0,0.89747435407594056,-1.3648719762058485,0
4189.0000001178123,-1534.3387942563277,-1010.8626140304841,0,0.8986874116782495,-1.3640735551087908,0
4190.0000000372529,-1533.4395006117993,-1012.2262879257905,0,0.89989975898078389,-1.3632740558825338,0
4190.9999999566935,-1532.5389949754463,-1013.5891617830493,0,0.90111139502533488,-1.3624734791589828,0
4191.9999998761341,-1531.6372780591482,-1014.9512345251278,0,0.90232231885425573,-1.3616718255708924,0
4193.0000001098961,-1530.7343505754834,-1016.3125050754752,0,0.90353252951046381,-1.3608690957518697,0
4194.0000000293367,-1529.8302132381359,-1017.6729723581229,0,0.90474202603743836,-1.3600652903363728,0
4194.9999999487773,-1528.9248667617794,-1019.0326352978009,0,0.90595080747922452,-1.3592604099597079,0
4195.9999998682179,-1528.0183118619025,-1020.3914928199374,0,0.90715887288043184,-1.3584544552580322,0
4197.0000001019798,-1527.1105492549832,-1021.7495438504266,0,0.9083662212862359,-1.3576474268683523,0
4198.0000000214204,-1526.2015796586056,-1023.1067873159773,0,0.90957285174237945,-1.3568393254285236,0
4198.999999940861,-1525.2914037911687,-1024.4632221438223,0,0.91077876329517193,-1.3560301515772477,0
4199.9999998603016,-1524.3800223720027,-1025.8188472618931,0,0.91198395499149143,-1.3552199059540757,0
4201.0000000940636,-1523.4674361214275,-1027.1736615987029,0,0.91318842587878535,-1.3544085891994055,0
4202.0000000135042,-1522.5536457608105,-1028.5276640834054,0,0.91439217500506997,-1.3535962019544814,0
4202.9999999329448,-1521.6386520123342,-1029.8808536459692,0,0.91559520141893258,-1.3527827448613929,0
4203.9999998523854,-1520.7224555991706,-1031.2332292167703,0,0.91679750416953187,-1.3519682185630764,0
4205.0000000861473,-1519.8050572455395,-1032.5847897268832,0,0.91799908230659755,-1.3511526237033133,0
4206.0000000055879,-1518.8864576764172,-1033.9355341081973,0,0.91919993488043339,-1.3503359609267283,0
4206.9999999250285,-1517.9666576179443,-1035.2854612930096,0,0.9204000609419154,-1.3495182308787921,0
4207.9999998444691,-1517.0456577970181,-1036.6345702144317,0,0.92159945954249456,-1.3486994342058163,0
4209.0000000782311,-1516.1234589416417,-1037.9828598060994,0,0.9227981297341965,-1.3478795715549583,0
4209.9999999976717,-1515.2000617806916,-1039.3303290024051,0,0.92399607056962241,-1.3470586435742162,0
4210.9999999171123,-1514.2754670439754,-1040.676976738323,0,0.92519328110195087,-1.3462366509124302,0
4212.0000001508743,-1513.349675462232,-1042.0228019495262,0,0.92638976038493637,-1.3454135942192835,0
4213.0000000703149,-1512.4226877672481,-1043.3678035723278,0,0.92758550747291224,-1.3445894741452991,0
4213.9999999897555,-1511.4945046916837,-1044.7119805436232,0,0.92878052142079037,-1.3437642913418397,0
4214.999999909196,-1510.5651269691298,-1046.0553318010061,0,0.92997480128406151,-1.3429380464611103,0
4216.000000142958,-1509.6345553341089,-1047.3978562827106,0,0.93116834611879762,-1.3421107401561532,0
4217.0000000623986,-1508.7027905221912,-1048.7395529277273,0,0.93236115498165095,-1.3412823730808499,0
4217.9999999818392,-1507.7698332697619,-1050.0804206755129,0,0.93355322692985543,-1.3404529458899217,0
4218.9999999012798,-1506.8356843143119,-1051.4204584663385,0,0.93474456102122783,-1.3396224592389263,0
4220.0000001350418,-1505.900344394031,-1052.7596652410575,0,0.93593515631416746,-1.3387909137842597,0
4221.0000000544824,-1504.9638142482145,-1054.0980399411637,0,0.93712501186765829,-1.3379583101831536,0
4221.999999973923,-1504.0260946171475,-1055.4355815089075,0,0.93831412674126857,-1.3371246490936779,0
4222.9999998933636,-1503.0871862419881,-1056.7722888871212,0,0.93950249999515179,-1.3362899311747363,0
4224.0000001271255,-1502.1470898647094,-1058.1081610192196,0,0.9406901306900477,-1.3354541570860692,0
4225.0000000465661,-1501.2058062283904,-1059.4431968494318,0,0.94187701788728362,-1.3346173274882511,0
4225.9999999660067,-1500.2633360770415,-1060.7773953225696,0,0.9430631606487736,-1.3337794430426908,0
4226.9999998854473,-1499.3196801555459,-1062.110755384143,0,0.94424855803702046,-1.3329405044116311,0
4228.0000001192093,-1498.3748392097768,-1063.4432759802439,0,0.94543320911511652,-1.332100512258148,0
4229.0000000386499,-1497.428813986422,-1064.7749560576631,0,0.94661711294674289,-1.3312594672461495,0
4229.9999999580905,-1496.4816052332753,-1066.1057945640059,0,0.94780026859617239,-1.3304173700403767,0
4230.9999998775311,-1495.5332136989455,-1067.4357904472272,0,0.94898267512826862,-1.3295742213064021,0
4232.000000111293,-1494.5836401330307,-1068.7649426563294,0,0.95016433160848768,-1.328730021710629,0
4233.0000000307336,-1493.6328852860606,-1070.093250140606,0,0.95134523710287777,-1.3278847719202913,0
4233.9999999501742,-1492.6809499094379,-1071.4207118502818,0,0.95252539067808106,-1.3270384726034523,0
4234.9999998696148,-1491.7278347556712,-1072.747326736222,0,0.95370479140133446,-1.3261911244290059,0
4236.0000001033768,-1490.7735405779094,-1074.0730937497574,0,0.95488343834046951,-1.3253427280666759,0
4237.0000000228174,-1489.8180681305239,-1075.39801184315,0,0.95606133056391307,-1.3244932841870121,0
4237.999999942258,-1488.8614181687008,-1076.7220799691859,0,0.95723846714068905,-1.3236427934613939,0
4238.9999998616986,-1487.9035914484411,-1078.0452970813494,0,0.95841484714041869,-1.3227912565620268,0
4240.0000000954606,-1486.9445887269103,-1079.3676621338236,0,0.95959046963332084,-1.3219386741619454,0
4241.0000000149012,-1485.984410761972,-1080.6891740814317,0,0.96076533369021377,-1.3210850469350082,0
4241.9999999343418,-1485.023058312654,-1082.0098318796372,0,0.96193943838251417,-1.3202303755559008,0
4242.9999998537824,-1484.0605321386829,-1083.3296344847186,0,0.96311278278223922,-1.319374660700134,0
4244.0000000875443,-1483.0968330008327,-1084.6485808534198,0,0.96428536596200787,-1.3185179030440426,0
4245.0000000069849,-1482.1319616608089,-1085.9666699434165,0,0.96545718699503968,-1.317660103264787,0
4245.9999999264255,-1481.16591888119,-1087.2839007127914,0,0.96662824495515698,-1.3168012620403495,0
4246.9999998458661,-1480.1987054255442,-1088.6002721205587,0,0.96779853891678524,-1.3159413800495374,0
4248.0000000796281,-1479.2303220583126,-1089.9157831261982,0,0.96896806795495405,-1.3150804579719795,0
4248.9999999990687,-1478.260769544926,-1091.230432690063,0,0.9701368311452967,-1.3142184964881261,0
4249.9999999185093,-1477.2900486516301,-1092.5442197729717,0,0.97130482756405256,-1.3133554962792506,0
4251.0000001522712,-1476.3181601456599,-1093.8571433365578,0,0.97247205628806721,-1.3124914580274454,0
4252.0000000717118,-1475.3451047952403,-1095.1692023432115,0,0.97363851639479226,-1.3116263824156251,0
4252.9999999911524,-1474.3708833694109,-1096.480395755847,0,0.97480420696228731,-1.3107602701275236,0
4253.999999910593,-1473.3954966381425,-1097.790722538135,0,0.9759691270692199,-1.3098931218476944,0
4255.000000144355,-1472.4189453723957,-1099.1001816544449,0,0.97713327579486697,-1.3090249382615091,0
4256.0000000637956,-1471.441230344004,-1100.4087720697862,0,0.97829665221911433,-1.3081557200551581,0
4256.9999999832362,-1470.4623523256741,-1101.7164927499252,0,0.97945925542245904,-1.3072854679156496,0
4257.9999999026768,-1469.4823120912188,-1103.0233426612103,0,0.98062108448600926,-1.3064141825308089,0
4259.0000001364388,-1468.5011104150908,-1104.3293207708048,0,0.98178213849148432,-1.3055418645892773,0
4260.0000000558794,-1467.5187480728491,-1105.6344260464539,0,0.98294241652121683,-1.3046685147805139,0
4260.99999997532,-1466.5352258409839,-1106.9386574566015,0,0.98410191765815203,-1.3037941337947914,0
4261.9999998947605,-1465.5505444968003,-1108.2420139705064,0,0.98526064098584965,-1.3029187223231988,0
4263.0000001285225,-1464.5647048185929,-1109.5444945580093,0,0.98641858558848439,-1.3020422810576386,0
4264.0000000479631,-1463.5777075855294,-1110.8460981895914,0,0.98757575055084568,-1.3011648106908285,0
4264.9999999674037,-1462.589553577709,-1112.1468238366069,0,0.98873213495834045,-1.3002863119162986,0
4265.9999998868443,-1461.6002435761038,-1113.4466704708757,0,0.98988773789699103,-1.2994067854283922,0
4267.0000001206063,-1460.6097783626756,-1114.7456370650907,0,0.99104255845343792,-1.2985262319222641,0
4268.0000000400469,-1459.6181587202591,-1116.0437225925853,0,0.99219659571494112,-1.2976446520938825,0
4268.9999999594875,-1458.6253854326787,-1117.3409260273911,0,0.99334984876937815,-1.2967620466400247,0
4269.9999998789281,-1457.6314592844574,-1118.6372463442385,0,0.99450231670524725,-1.2958784162582806,0
4271.00000011269,-1456.636381061282,-1119.932682518498,0,0.99565399861166626,-1.294993761647049,0
4272.0000000321306,-1455.6401515495381,-1121.2272335263551,0,0.99680489357837587,-1.2941080835055385,0
4272.9999999515712,-1454.6427715367172,-1122.5208983445773,0,0.99795500069573773,-1.2932213825337666,0
4273.9999998710118,-1453.6442418110673,-1123.813675950747,0,0.99910431905473573,-1.2923336594325592,0
4275.0000001047738,-1452.6445631618262,-1125.1055653229705,0,1.0002528477469783,-1.2914449149035505,0
4276.0000000242144,-1451.6437363791047,-1126.3965654402855,0,1.001400585864697,-1.2905551496491812,0
4276.999999943655,-1450.6417622539448,-1127.6866752822534,0,1.0025475325007491,-1.2896643643727002,0
4277.9999998630956,-1449.6386415782035,-1128.9758938292507,0,1.0036936867486168,-1.2887725597781603,0
4279.0000000968575,-1448.6343751448439,-1130.264220062294,0,1.0048390477024083,-1.2878797365704222,0
4280.0000000162981,-1447.6289637475857,-1131.5516529630986,0,1.0059836144568601,-1.2869858954551503,0
4280.9999999357387,-1446.6224081809632,-1132.8381915141363,0,1.0071273861073353,-1.2860910371388143,0
4281.9999998551793,-1445.6147092406754,-1134.1238346985192,0,1.0082703617498261,-1.2851951623286868,0
4283.0000000889413,-1444.6058677231194,-1135.4085815001745,0,1.0094125404809531,-1.2842982717328462,0
4284.0000000083819,-1443.595884425682,-1136.6924309036694,0,1.0105539213979671,-1.2834003660601703,0
4284.9999999278225,-1442.5847601465648,-1137.9753818942118,0,1.0116945035987492,-1.2825014460203419,0
4285.9999998472631,-1441.5724956850172,-1139.2574334578239,0,1.0128342861818136,-1.2816015123238447,0
4287.0000000810251,-1440.5590918410453,-1140.5385845811688,0,1.0139732682463032,-1.2807005656819632,0
4288.0000000004657,-1439.5445494156447,-1141.8188342517824,0,1.0151114488919966,-1.279798606806783,0
4288.9999999199063,-1438.5288692106842,-1143.098181457608,0,1.0162488272193042,-1.2788956364111894,0
4290.0000001536682,-1437.5120520289638,-1144.3766251876368,0,1.0173854023292708,-1.2779916552088681,0
4291.0000000731088,-1436.4940986740985,-1145.6541644313256,0,1.0185211733235766,-1.2770866639143015,0
4291.9999999925494,-1435.4750099506346,-1146.9307981790043,0,1.0196561393045367,-1.2761806632427728,0
4292.99999991199,-1434.4547866641078,-1148.2065254216432,0,1.0207902993751032,-1.2752736539103617,0
4294.000000145752,-1433.4334296208108,-1149.4813451508526,0,1.0219236526388638,-1.274365636633946,0
4295.0000000651926,-1432.4109396280837,-1150.7552563591744,0,1.0230561982000452,-1.2734566121311988,0
4295.9999999846332,-1431.3873174939654,-1152.028258039616,0,1.0241879351635124,-1.2725465811205903,0
4296.9999999040738,-1430.3625640275422,-1153.3003491861164,0,1.0253188626347685,-1.271635544321386,0
4298.0000001378357,-1429.3366800388321,-1154.5715287932544,0,1.0264489797199579,-1.2707235024536461,0
4299.0000000572763,-1428.3096663385513,-1155.8417958562495,0,1.0275782855258639,-1.2698104562382255,0
4299.9999999767169,-1427.2815237384639,-1157.1111493711942,0,1.0287067791599123,-1.2688964063967734,0
4300.9999998961575,-1426.2522530512651,-1158.379588334763,0,1.0298344597301705,-1.2679813536517308,0
4302.0000001299195,-1425.221855090349,-1159.6471117443871,0,1.0309613263453479,-1.2670652987263327,0
4303.0000000493601,-1424.190330670157,-1160.9137185983709,0,1.032087378114797,-1.2661482423446051,0
4303.9999999688007,-1423.1576806060039,-1162.1794078955427,0,1.0332126141485163,-1.2652301852313674,0
4304.9999998882413,-1422.1239057140774,-1163.4441786354873,0,1.0343370335571471,-1.2643111281122277,0
4306.0000001220033,-1421.0890068114386,-1164.7080298186629,0,1.0354606354519769,-1.2633910717135857,0
4307.0000000414439,-1420.0529847159632,-1165.9709604460513,0,1.0365834189449388,-1.2624700167626304,0
4307.9999999608845,-1419.0158402466332,-1167.2329695195658,0,1.0377053831486136,-1.2615479639873408,0
4308.999999880325,-1417.9775742230704,-1168.4940560417017,0,1.0388265271762289,-1.2606249141164838,0
4310.000000114087,-1416.9381874659448,-1169.754219015711,0,1.0399468501416613,-1.2597008678796149,0
4311.0000000335276,-1415.8976807967992,-1171.0134574455442,0,1.0410663511594356,-1.2587758260070769,0
4311.9999999529682,-1414.8560550379334,-1172.2717703360831,0,1.042185029344727,-1.2578497892299991,0
4312.9999998724088,-1413.8133110126364,-1173.5291566926171,0,1.04330288381336,-1.2569227582802975,0
4314.0000001061708,-1412.7694495451287,-1174.7856155214831,0,1.0444199136818106,-1.2559947338906736,0
4315.0000000256114,-1411.7244714604458,-1176.0411458295421,0,1.0455361180672074,-1.2550657167946149,0
4315.999999945052,-1410.678377584496,-1177.2957466244115,0,1.0466514960873292,-1.254135707726393,0
4316.9999998644926,-1409.6311687440029,-1178.5494169145823,0,1.0477660468606111,-1.2532047074210637,0
4318.0000000982545,-1408.5828457667958,-1179.8021557090688,0,1.0488797695061405,-1.252272716614466,0
4319.0000000176951,-1407.5334094813443,-1181.0539620178752,0,1.0499926631436578,-1.2513397360432212,0
4319.9999999371357,-1406.4828607171657,-1182.3048348514712,0,1.0511047268935609,-1.2504057664447339,0
4320.9999998565763,-1405.4312003044761,-1183.5547732213163,0,1.052215959876903,-1.2494708085571902,0
4322.0000000903383,-1404.3784290745971,-1184.8037761394517,0,1.0533263612153934,-1.2485348631195572,0
4323.0000000097789,-1403.3245478595491,-1186.0518426186172,0,1.0544359300313988,-1.2475979308715825,0
4323.9999999292195,-1402.2695574923418,-1187.2989716724842,0,1.0555446654479441,-1.246660012553793,0
4324.9999998486601,-1401.213458806742,-1188.5451623153058,0,1.0566525665887128,-1.245721108907496,0
4326.000000082422,-1400.1562526375637,-1189.790413562092,0,1.0577596325780489,-1.2447812206747773,0
4327.0000000018626,-1399.0979398202617,-1191.0347244286677,0,1.0588658625409537,-1.2438403485985006,0
4327.9999999213032,-1398.0385211914545,-1192.2780939316144,0,1.0599712556030925,-1.2428984934223073,0
4329.0000001550652,-1396.977997588343,-1193.5205210880958,0,1.0610758108907907,-1.241955655890616,0
4330.0000000745058,-1395.9163698491757,-1194.7620049161487,0,1.0621795275310348,-1.2410118367486218,0
4330.9999999939464,-1394.8536388131324,-1196.0025444346247,0,1.0632824046514755,-1.2400670367422948,0
4331.999999913387,-1393.7898053200333,-1197.2421386629576,0,1.0643844413804275,-1.239121256618382,0
4333.000000147149,-1392.7248702107463,-1198.480786621396,0,1.0654856368468679,-1.2381744971244029,0
4334.0000000665896,-1391.6588343270705,-1199.7184873310034,0,1.0665859901804395,-1.2372267590086534,0
4334.9999999860302,-1390.5916985113872,-1200.9552398134838,0,1.0676855005114514,-1.2362780430202007,0
4335.9999999054708,-1389.5234636073001,-1202.1910430913558,0,1.0687841669708784,-1.2353283499088867,0
4337.0000001392327,-1388.454130459053,-1203.4258961878368,0,1.0698819886903621,-1.2343776804253244,0
4338.0000000586733,-1387.3836999118212,-1204.6597981269588,0,1.0709789648022126,-1.2334260353208988,0
4338.9999999781139,-1386.3121728115948,-1205.8927479335107,0,1.0720750944394071,-1.2324734153477661,0
4339.9999998975545,-1385.2395500053535,-1207.1247446329799,0,1.0731703767355927,-1.2315198212588534,0
4341.0000001313165,-1384.1658323408919,-1208.3557872515521,0,1.0742648108250865,-1.2305652538078569,0
4342.0000000507571,-1383.0910206667613,-1209.5858748164028,0,1.0753583958428745,-1.2296097137492432,0
4342.9999999701977,-1382.0151158325025,-1210.8150063551147,0,1.0764511309246156,-1.2286532018382461,0
4343.9999998896383,-1380.9381186884711,-1212.0431808963767,0,1.0775430152066392,-1.2276957188308686,0
4345.0000001234002,-1379.8600300859543,-1213.2703974693432,0,1.0786340478259477,-1.2267372654838811,0
4346.0000000428408,-1378.7808508769958,-1214.4966551040998,0,1.0797242279202173,-1.2257778425548207,0
4346.9999999622814,-1377.7005819145706,-1215.721952831489,0,1.0808135546277966,-1.2248174508019916,0
4347.999999881722,-1376.619224052527,-1216.9462896830519,0,1.0819020270877087,-1.2238560909844627,0
4349.000000115484,-1375.5367781454697,-1218.1696646910277,0,1.0829896444396536,-1.2228937638620683,0
4350.0000000349246,-1374.4532450489351,-1219.3920768885873,0,1.0840764058240053,-1.2219304701954083,0
4350.9999999543652,-1373.3686256193905,-1220.6135253094835,0,1.0851623103818158,-1.2209662107458445,0
4351.9999998738058,-1372.2829207140603,-1221.8340089884005,0,1.0862473572548135,-1.2200009862755037,0
4353.0000001075678,-1371.1961311911,-1223.0535269606626,0,1.0873315455854047,-1.2190347975472746,0
4354.0000000270084,-1370.1082579093636,-1224.272078262351,0,1.088414874516674,-1.2180676453248083,0
4354.999999946449,-1369.0193017288111,-1225.4896619303618,0,1.0894973431923862,-1.2170995303725178,0
4355.9999998658895,-1367.9292635100428,-1226.7062770024058,0,1.0905789507569859,-1.2161304534555768,0
4357.0000000996515,-1366.8381441145902,-1227.9219225168927,0,1.0916596963555967,-1.215160415339918,0
4358.0000000190921,-1365.7459444049164,-1229.1365975129302,0,1.0927395791340253,-1.214189416792236,0
4358.9999999385327,-1364.6526652442408,-1230.3503010305576,0,1.0938185982387596,-1.2132174585799831,0
4359.9999998579733,-1363.558307496598,-1231.5630321105127,0,1.0948967528169704,-1.2122445414713705,0
4361.0000000917353,-1362.4628720270703,-1232.7747897941736,0,1.0959740420165112,-1.2112706662353681,0
4362.0000000111759,-1361.3663597013219,-1233.9855731238495,0,1.0970504649859198,-1.2102958336417009,0
4362.9999999306165,-1360.2687713861233,-1235.1953811425483,0,1.0981260208744195,-1.2093200444608523,0
4363.9999998500571,-1359.1701079488848,-1236.404212894151,0,1.0992007088319178,-1.208343299464061,0
4365.000000083819,-1358.0703702580649,-1237.6120674231788,0,1.1002745280090085,-1.2073655994233228,0
4366.0000000032596,-1356.9695591827622,-1238.8189437749097,0,1.1013474775569718,-1.2063869451113867,0
4366.9999999227002,-1355.8676755930646,-1240.0248409955529,0,1.1024195566277761,-1.2054073373017555,0
4368.0000001564622,-1354.7647203599336,-1241.2297581319581,0,1.1034907643740768,-1.204426776768686,0
4369.0000000759028,-1353.6606943550869,-1242.4336942317896,0,1.1045610999492184,-1.2034452642871898,0
4369.9999999953434,-1352.5555984510574,-1243.6366483434686,0,1.1056305625072356,-1.2024628006330293,0
4370.999999914784,-1351.4494335213094,-1244.8386195162311,0,1.106699151202851,-1.2014793865827178,0
4372.000000148546,-1350.34220044018,-1246.03960680007,0,1.10776686519148,-1.2004950229135218,0
4373.0000000679865,-1349.2339000828215,-1247.239609245793,0,1.1088337036292282,-1.1995097104034573,0
4373.9999999874271,-1348.1245333250845,-1248.4386259048479,0,1.1098996656728932,-1.1985234498312898,0
4374.9999999068677,-1347.0141010438674,-1249.6366558296722,0,1.1109647504799669,-1.1975362419765356,0
4376.0000001406297,-1345.9026041168254,-1250.8336980733438,0,1.1120289572086319,-1.1965480876194581,0
4377.0000000600703,-1344.7900434224284,-1252.0297516896972,0,1.1130922850177667,-1.1955589875410699,0
4377.9999999795109,-1343.6764198400197,-1253.2248157334398,0,1.1141547330669441,-1.1945689425231305,0
4378.9999998989515,-1342.5617342498153,-1254.4188892599777,0,1.1152163005164315,-1.1935779533481461,0
4380.0000001327135,-1341.4459875327884,-1255.6119713256485,0,1.1162769865271929,-1.1925860207993697,0
4381.0000000521541,-1340.3291805708432,-1256.8040609874297,0,1.1173367902608895,-1.1915931456608,0
4381.9999999715947,-1339.2113142466405,-1257.9951573030557,0,1.118395710879879,-1.1905993287171799,0
4382.9999998910353,-1338.0923894437728,-1259.1852593311924,0,1.1194537475472166,-1.1896045707539979,0
4384.0000001247972,-1336.9724070464727,-1260.3743661311455,0,1.1205108994266582,-1.1886088725574839,0
4385.0000000442378,-1335.8513679400785,-1261.5624767631525,0,1.1215671656826574,-1.1876122349146141,0
4385.9999999636784,-1334.7292730106274,-1262.749590288091,0,1.1226225454803676,-1.1866146586131048,0
4386.999999883119,-1333.606123144913,-1263.9357057677116,0,1.1236770379856438,-1.1856161444414153,0
4388.000000116881,-1332.4819192306604,-1265.1208222646383,0,1.1247306423650412,-1.1846166931887461,0
4389.0000000363216,-1331.356662156526,-1266.3049388420186,0,1.1257833577858178,-1.1836163056450379,0
4389.9999999557622,-1330.23035281169,-1267.4880545640481,0,1.1268351834159347,-1.1826149826009722,0
4390.9999998752028,-1329.1029920865549,-1268.6701684956788,0,1.1278861184240543,-1.1816127248479686,0
4392.0000001089647,-1327.974580871989,-1269.851279702445,0,1.1289361619795448,-1.1806095331781872,0
4393.0000000284053,-1326.8451200600248,-1271.0313872509869,0,1.1299853132524791,-1.1796054083845244,0
4393.9999999478459,-1325.7146105432184,-1272.2104902084684,0,1.1310335714136335,-1.1786003512606151,0
4394.9999998672865,-1324.583053215174,-1273.3885876429849,0,1.1320809356344916,-1.1775943626008321,0
4396.0000001010485,-1323.450448970194,-1274.5656786233885,0,1.133127405087244,-1.1765874432002819,0
4397.0000000204891,-1322.3167987035122,-1275.7417622194043,0,1.134172978944787,-1.1755795938548088,0
4397.9999999399297,-1321.1821033111191,-1276.9168375013978,0,1.1352176563807248,-1.1745708153609917,0
4398.9999998593703,-1320.0463636898203,-1278.0909035406657,0,1.1362614365693726,-1.1735611085161433,0
4400.0000000931323,-1318.9095807373524,-1279.2639594092616,0,1.1373043186857512,-1.1725504741183101,0
4401.0000000125729,-1317.7717553520924,-1280.4360041799955,0,1.1383463019055944,-1.1715389129662717,0
4401.9999999320135,-1316.6328884334071,-1281.6070369265508,0,1.1393873854053442,-1.1705264258595407,0
4402.999999851454,-1315.4929808814777,-1282.7770567233092,0,1.140427568362155,-1.1695130135983618,0
4404.000000085216,-1314.3520335971843,-1283.9460626455839,0,1.141466849953892,-1.16849867698371,0
4405.0000000046566,-1313.2100474822801,-1285.1140537694446,0,1.1425052293591333,-1.1674834168172903,0
4405.9999999240972,-1312.0670234394493,-1286.2810291716596,0,1.1435427057571705,-1.1664672339015403,0
4406.9999998435378,-1310.9229623720748,-1287.4469879299286,0,1.1445792783280093,-1.1654501290396246,0
4408.0000000772998,-1309.7778651843546,-1288.6119291227078,0,1.1456149462523677,-1.1644321030354368,0
4408.9999999967404,-1308.6317327813595,-1289.7758518292103,0,1.14664970871168,-1.1634131566935988,0
4409.999999916181,-1307.4845660690335,-1290.9387551295804,0,1.1476835648880974,-1.1623932908194607,0
4411.0000001499429,-1306.3363659539609,-1292.1006381046027,0,1.1487165139644846,-1.1613725062190983,0
4412.0000000693835,-1305.1871333437157,-1293.2614998360514,0,1.1497485551244266,-1.1603508036993135,0
4412.9999999888241,-1304.0368691466283,-1294.4213394062826,0,1.1507796875522223,-1.1593281840676346,0
4413.9999999082647,-1302.885574271786,-1295.5801558987587,0,1.1518099104328916,-1.1583046481323143,0
4415.0000001420267,-1301.7332496292074,-1296.7379483974073,0,1.1528392229521733,-1.1572801967023294,0
4416.0000000614673,-1300.5798961296096,-1297.8947159872623,0,1.1538676242965233,-1.1562548305873799,0
4416.9999999809079,-1299.4255146846408,-1299.0504577539396,0,1.1548951136531196,-1.1552285505978899,0
4417.9999999003485,-1298.2701062065898,-1300.2051727841026,0,1.1559216902098619,-1.154201357545005,0
4419.0000001341105,-1297.1136716087349,-1301.358860164939,0,1.1569473531553685,-1.1531732522405922,0
4420.000000053551,-1295.9562118050526,-1302.511518984742,0,1.1579721016789821,-1.15214423549724,0
4420.9999999729916,-1294.797727710451,-1303.6631483323872,0,1.158995934970767,-1.1511143081282573,0
4421.9999998924322,-1293.6382202404784,-1304.8137472977396,0,1.160018852221512,-1.1500834709476722,0
4423.0000001261942,-1292.4776903116144,-1305.9633149713045,0,1.1610408526227283,-1.1490517247702332,0
4424.0000000456348,-1291.3161388411536,-1307.1118504445767,0,1.1620619353666539,-1.1480190704114057,0
4424.9999999650754,-1290.1535667470307,-1308.2593528096913,0,1.1630820996462501,-1.1469855086873739,0
4425.999999884516,-1288.9899749482283,-1309.4058211597148,0,1.1641013446552047,-1.1459510404150381,0
4427.000000118278,-1287.8253643644275,-1310.5512545885867,0,1.1651196695879324,-1.1449156664120173,0
4428.0000000377186,-1286.659735916066,-1311.6956521909451,0,1.1661370736395753,-1.1438793874966433,0
4428.9999999571592,-1285.4930905243964,-1312.8390130622429,0,1.1671535560060022,-1.1428422044879656,0
4429.9999998765998,-1284.3254291115445,-1313.9813362988061,0,1.1681691158838117,-1.141804118205747,0
4431.0000001103617,-1283.1567526003928,-1315.122620997834,0,1.1691837524703317,-1.140765129470465,0
4432.0000000298023,-1281.9870619146386,-1316.2628662572242,0,1.1701974649636182,-1.1397252391033095,0
4432.9999999492429,-1280.8163579787361,-1317.4020711757476,0,1.1712102525624584,-1.1386844479261842,0
4433.9999998686835,-1279.6446417180705,-1318.5402348530479,0,1.1722221144663707,-1.1376427567617031,0
4435.0000001024455,-1278.4719140586676,-1319.677356389584,0,1.1732330498756056,-1.1366001664331937,0
4436.0000000218861,-1277.2981759274262,-1320.8134348865133,0,1.1742430579911449,-1.1355566777646922,0
4436.9999999413267,-1276.1234282520018,-1321.9484694459243,0,1.1752521380147045,-1.1345122915809458,0
4437.9999998607673,-1274.9476719609811,-1323.0824591707787,0,1.1762602891487326,-1.1334670087074108,0
4439.0000000945292,-1273.7709079836495,-1324.2154031647369,0,1.1772675105964117,-1.1324208299702523,0
4440.0000000139698,-1272.5931372499908,-1325.3473005323322,0,1.1782738015616594,-1.1313737561963433,0
4440.9999999334104,-1271.4143606909201,-1326.4781503790291,0,1.1792791612491293,-1.1303257882132649,0
4441.999999852851,-1270.2345792381675,-1327.6079518109909,0,1.1802835888642105,-1.1292769268493044,0
4443.000000086613,-1269.0537938241614,-1328.7367039351957,0,1.1812870836130289,-1.1282271729334545,0
4444.0000000060536,-1267.8720053821453,-1329.864405859611,0,1.1822896447024476,-1.1271765272954157,0
4444.9999999254942,-1266.6892148462357,-1330.9910566928447,0,1.1832912713400678,-1.1261249907655904,0
4445.9999998449348,-1265.5054231512477,-1332.1166555444361,0,1.184291962734229,-1.1250725641750865,0
4447.0000000786968,-1264.3206312327529,-1333.2412015247974,0,1.1852917180940099,-1.1240192483557152,0
4447.9999999981374,-1263.1348400273127,-1334.3646937450394,0,1.1862905366292291,-1.1229650441399914,0
4448.999999917578,-1261.9480504720705,-1335.4871313172043,0,1.1872884175504461,-1.1219099523611313,0
4450.0000001513399,-1260.7602635049843,-1336.6085133541492,0,1.1882853600689616,-1.1208539738530527,0
4451.0000000707805,-1259.5714800650021,-1337.7288389696041,0,1.1892813633968164,-1.1197971094503736,0
4451.9999999902211,-1258.3817010915373,-1338.848107278056,0,1.1902764267467947,-1.1187393599884135,0
4452.9999999096617,-1257.1909275250509,-1339.9663173948647,0,1.1912705493324238,-1.1176807263031903,0
4454.0000001434237,-1255.9991603067028,-1341.0834684362053,0,1.1922637303679759,-1.1166212092314218,0
4455.0000000628643,-1254.8064003784675,-1342.1995595191256,0,1.1932559690684643,-1.1155608096105238,0
4455.9999999823049,-1253.6126486829598,-1343.3145897615468,0,1.1942472646496487,-1.1144995282786088,0
4456.9999999017455,-1252.4179061637842,-1344.4285582820885,0,1.1952376163280336,-1.1134373660744861,0
4458.0000001355074,-1251.2221737651853,-1345.5414642003016,0,1.1962270233208714,-1.1123743238376624,0
4459.000000054948,-1250.0254524322809,-1346.6533066366683,0,1.1972154848461596,-1.11131040240834,0
4459.9999999743886,-1248.8277431109454,-1347.7640847123694,0,1.1982030001226431,-1.1102456026274141,0
4460.9999998938292,-1247.629046747752,-1348.8737975494005,0,1.1991895683698144,-1.1091799253364765,0
4462.0000001275912,-1246.4293642901466,-1349.982444270805,0,1.2001751888079157,-1.1081133713778111,0
4463.0000000470318,-1245.2286966863321,-1351.0900240002666,0,1.201159860657937,-1.1070459415943954,0
4463.9999999664724,-1244.027044885268,-1352.196535862342,0,1.202143583141619,-1.1059776368298986,0
4464.999999885913,-1242.8244098367286,-1353.3019789825194,0,1.2031263554814517,-1.1049084579286819,0
4466.000000119675,-1241.6207924913033,-1354.4063524871017,0,1.2041081769006774,-1.1038384057357975,0
4467.0000000391155,-1240.4161938001635,-1355.5096555032069,0,1.2050890466232893,-1.102767481096987,0
4467.9999999585561,-1239.2106147155282,-1356.6118871587678,0,1.2060689638740318,-1.1016956848586823,0
4468.9999998779967,-1238.0040561901988,-1357.7130465826485,0,1.2070479278784045,-1.1006230178680045,0
4470.0000001117587,-1236.7965191777912,-1358.8131329045282,0,1.2080259378626585,-1.0995494809727613,0
4471.0000000311993,-1235.5880046327366,-1359.9121452549007,0,1.2090029930537998,-1.0984750750214503,0
4471.9999999506399,-1234.3785135101643,-1361.0100827651913,0,1.2099790926795875,-1.0973998008632544,0
4472.9999998700805,-1233.1680467661354,-1362.1069445675239,0,1.2109542359685381,-1.096323659348043,0
4474.0000001038425,-1231.9566053572926,-1363.2027297950117,0,1.2119284221499229,-1.0952466513263706,0
4475.0000000232831,-1230.744190241152,-1364.2974375816411,0,1.21290165045377,-1.094168777649478,0
4475.9999999427237,-1229.530802375928,-1365.3910670620389,0,1.2138739201108644,-1.0930900391692884,0
4476.9999998621643,-1228.3164427207084,-1366.4836173719959,0,1.2148452303527484,-1.09201043673841,0
4478.0000000959262,-1227.1011122352793,-1367.5750876478269,0,1.2158155804117228,-1.090929971210133,0
4479.0000000153668,-1225.8848118801834,-1368.6654770269524,0,1.2167849695208486,-1.08984864343843,0
4479.9999999348074,-1224.6675426168367,-1369.7547846476082,0,1.2177533969139438,-1.0887664542779549,0
4480.999999854248,-1223.4493054071791,-1370.84300964867,0,1.2187208618255889,-1.0876834045840433,0
4482.00000008801,-1222.2301012142561,-1371.9301511701779,0,1.2196873634911236,-1.0865994952127092,0
4483.0000000074506,-1221.0099310015794,-1373.0162083528121,0,1.22065290114665,-1.0855147270206471,0
4483.9999999268912,-1219.7887957335333,-1374.1011803382426,0,1.2216174740290311,-1.0844291008652314,0
4484.9999998463318,-1218.5666963753174,-1375.1850662688958,0,1.2225810813758931,-1.0833426176045129,0
4486.0000000800937,-1217.3436338928877,-1376.2678652880131,0,1.2235437224256249,-1.082255278097221,0
4486.9999999995343,-1216.1196092528407,-1377.3495765399421,0,1.2245053964173798,-1.0811670832027609,0
4487.9999999189749,-1214.894623422646,-1378.430199169612,0,1.2254661025910747,-1.0800780337812137,0
4489.0000001527369,-1213.6686773705296,-1379.509732322942,0,1.226425840187392,-1.0789881306933371,0
4490.0000000721775,-1212.4417720654164,-1380.5881751467241,0,1.2273846084477793,-1.0778973748005629,0
4490.9999999916181,-1211.2139084769879,-1381.6655267885653,0,1.2283424066144504,-1.0768057669649971,0
4491.9999999110587,-1209.9850875757984,-1382.7417863969458,0,1.2292992339303859,-1.0757133080494186,0
4493.0000001448207,-1208.7553103329847,-1383.816953121277,0,1.2302550896393338,-1.0746199989172789,0
4494.0000000642613,-1207.5245777206146,-1384.8910261116689,0,1.2312099729858095,-1.0735258404327026,0
4494.9999999837019,-1206.2928907113965,-1385.9640045192791,0,1.2321638832150983,-1.0724308334604844,0
4495.9999999031425,-1205.0602502787951,-1387.0358874960802,0,1.2331168195732527,-1.0713349788660904,0
4497.0000001369044,-1203.8266573971487,-1388.1066741947434,0,1.2340687813070965,-1.070238277515656,0
4498.000000056345,-1202.592113041319,-1389.1763637691038,0,1.2350197676642236,-1.0691407302759866,0
4498.9999999757856,-1201.3566181871574,-1390.2449553736369,0,1.2359697778929979,-1.0680423380145556,0
4499.9999998952262,-1200.1201738111558,-1391.3124481637497,0,1.2369188112425551,-1.0669431015995037,0
4501.0000001289882,-1198.8827808905626,-1392.3788412957801,0,1.2378668669628041,-1.0658430218996404,0
4502.0000000484288,-1197.6444404033828,-1393.4441339267651,0,1.238813944304425,-1.0647420997844406,0
4502.9999999678694,-1196.40515332832,-1394.5083252147888,0,1.2397600425188726,-1.0636403361240456,0
4503.99999988731,-1195.1649206449511,-1395.5714143188088,0,1.2407051608583739,-1.0625377317892606,0
4505.0000001210719,-1193.9237433334929,-1396.633400398423,0,1.2416492985759318,-1.061434287651557,0
4506.0000000405125,-1192.6816223749192,-1397.6942826144514,0,1.2425924549253233,-1.060330004583069,0
4506.9999999599531,-1191.4385587510187,-1398.7540601282381,0,1.2435346291611027,-1.0592248834565938,0
4507.9999998793937,-1190.1945534442202,-1399.8127321022912,0,1.2444758205385982,-1.0581189251455911,0
4509.0000001131557,-1188.9496074378258,-1400.8702976997592,0,1.2454160283139157,-1.0570121305241824,0
4510.0000000325963,-1187.7037217157194,-1401.9267560848384,0,1.2463552517439396,-1.0559045004671501,0
4510.9999999520369,-1186.4568972626585,-1402.9821064225398,0,1.2472934900863313,-1.0547960358499371,0
4511.9999998714775,-1185.2091350641567,-1404.0363478786894,0,1.2482307425995307,-1.0536867375486456,0
4513.0000001052395,-1183.9604361063102,-1405.0894796200446,0,1.2491670085427578,-1.0525766064400364,0
4514.00000002468,-1182.7108013761463,-1406.1415008142358,0,1.2501022871760108,-1.0514656434015301,0
4514.9999999441206,-1181.4602318613324,-1407.1924106298247,0,1.2510365777600698,-1.050353849311203,0
4515.9999998635612,-1180.2087285502348,-1408.24220823613,0,1.2519698795564949,-1.0492412250477887,0
4517.0000000973232,-1178.9562924320344,-1409.2908928034594,0,1.2529021918276282,-1.0481277714906787,0
4518.0000000167638,-1177.7029244966689,-1410.3384635029943,0,1.2538335138365939,-1.047013489519917,0
4518.9999999362044,-1176.4486257347162,-1411.3849195066723,0,1.2547638448472977,-1.0458983800162041,0
4519.999999855645,-1175.1933971375693,-1412.4302599874791,0,1.2556931841244305,-1.044782443860895,0
4521.000000089407,-1173.9372396973195,-1413.4744841191568,0,1.2566215309334656,-1.0436656819359973,0
4522.0000000088476,-1172.6801544067566,-1414.5175910763792,0,1.257548884540661,-1.0425480951241708,0
4522.9999999282882,-1171.4221422595438,-1415.5595800346928,0,1.2584752442130607,-1.0414296843087278,0
4523.9999998477288,-1170.1632042498677,-1416.6004501706338,0,1.2594006092184928,-1.0403104503736322,0
4525.0000000814907,-1168.9033413729048,-1417.6402006613789,0,1.2603249788255724,-1.0391903942034983,0
4526.0000000009313,-1167.6425546242972,-1418.6788306852686,0,1.261248352303701,-1.0380695166835898,0
4526.9999999203719,-1166.3808450005599,-1419.7163394212839,0,1.2621707289230679,-1.0369478186998202,0
4528.0000001541339,-1165.1182134989649,-1420.7527260494535,0,1.2630921079546498,-1.0358253011387508,0
4529.0000000735745,-1163.8546611174243,-1421.7879897506209,0,1.2640124886702124,-1.0347019648875915,0
4529.9999999930151,-1162.590188854665,-1422.8221297066193,0,1.2649318703423096,-1.0335778108341986,0
4530.9999999124557,-1161.3247977099963,-1423.8551451000385,0,1.2658502522442854,-1.0324528398670749,0
4532.0000001462176,-1160.0584886836587,-1424.8870351143414,0,1.2667676336502742,-1.0313270528753693,0
4533.0000000656582,-1158.7912627764163,-1425.9177989340387,0,1.267684013835201,-1.0302004507488753,0
4533.9999999850988,-1157.5231209899648,-1426.947435744456,0,1.2685993920747822,-1.0290730343780303,0
4534.9999999045394,-1156.2540643265238,-1427.9759447316756,0,1.2695137676455253,-1.0279448046539161,0
4536.0000001383014,-1154.9840937891277,-1429.0033250829438,0,1.270427139824732,-1.0268157624682566,0
4537.000000057742,-1153.7132103815675,-1430.0295759860892,0,1.2713395078904957,-1.0256859087134182,0
4537.9999999771826,-1152.4414151082747,-1431.0546966301044,0,1.2722508711217033,-1.0245552442824086,0
4538.9999998966232,-1151.1687089744955,-1432.0786862047389,0,1.2731612287980372,-1.0234237700688764,0
4540.0000001303852,-1149.8950929861167,-1433.1015439006151,0,1.274070580199973,-1.0222914869671107,0
4541.0000000498258,-1148.6205681497813,-1434.1232689093449,0,1.2749789246087828,-1.0211583958720387,0
4541.9999999692664,-1147.3451354728313,-1435.1438604233554,0,1.275886261306534,-1.020024497679227,0
4542.999999888707,-1146.0687959633069,-1436.1633176359464,0,1.2767925895760908,-1.0188897932848802,0
4544.0000001224689,-1144.7915506300633,-1437.1816397414659,0,1.2776979087011142,-1.0177542835858397,0
4545.0000000419095,-1143.5134004825377,-1438.1988259350182,0,1.2786022179660628,-1.0166179694795843,0
4545.9999999613501,-1142.2343465309823,-1439.214875412581,0,1.2795055166561939,-1.0154808518642273,0
4546.9999998807907,-1140.9543897862895,-1440.2297873711796,0,1.2804078040575624,-1.014342931638518,0
4548.0000001145527,-1139.6735312601668,-1441.2435610086541,0,1.2813090794570234,-1.013204209701839,0
4549.0000000339933,-1138.3917719649617,-1442.2561955236597,0,1.2822093421422323,-1.0120646869542083,0
4549.9999999534339,-1137.1091129137203,-1443.2676901158993,0,1.2831085914016436,-1.0109243642962755,0
4550.9999998728745,-1135.8255551201873,-1444.2780439858907,0,1.2840068265245135,-1.0097832426293218,0
4552.0000001066364,-1134.5410995989223,-1445.2872563351411,0,1.2849040468008996,-1.008641322855262,0
4553.000000026077,-1133.255747365125,-1446.2953263659147,0,1.2858002515216622,-1.00749860587664,0
4553.9999999455176,-1131.9694994346355,-1447.3022532814648,0,1.2866954399784636,-1.0063550925966305,0
4554.9999998649582,-1130.6823568241671,-1448.3080362859764,0,1.287589611463769,-1.0052107839190381,0
4556.0000000987202,-1129.3943205509568,-1449.3126745844493,0,1.2884827652708486,-1.0040656807482944,0
4557.0000000181608,-1128.1053916330566,-1450.3161673829309,0,1.2893749006937756,-1.0029197839894597,0
4557.9999999376014,-1126.8155710892752,-1451.3185138882254,0,1.2902660170274292,-1.0017730945482233,0
4558.999999857042,-1125.5248599389452,-1452.3197133080685,0,1.2911561135674934,-1.0006256133308982,0
4560.000000090804,-1124.2332592022722,-1453.3197648512432,0,1.2920451896104583,-0.99947734124442555,0
4561.0000000102445,-1122.9407699001022,-1454.3186677272897,0,1.2929332444536215,-0.99832827919636935,0
4561.9999999296851,-1121.6473930540378,-1455.316421146621,0,1.2938202773950862,-0.99717842809492019,0
4562.9999998491257,-1120.3531296862056,-1456.3130243207561,0,1.2947062877337645,-0.99602778884889087,0
4564.0000000828877,-1119.0579808196635,-1457.3084764619125,0,1.2955912747693763,-0.99487636236771726,0
4565.0000000023283,-1117.7619474779931,-1458.3027767833555,0,1.2964752378024493,-0.99372414956145771,0
4565.9999999217689,-1116.465030685591,-1459.2959244992235,0,1.2973581761343222,-0.99257115134079243,0
4567.0000001555309,-1115.1672314675525,-1460.2879188245279,0,1.2982400890671431,-0.99141736861702179,0
4568.0000000749715,-1113.8685508494964,-1461.2787589752697,0,1.2991209759038695,-0.99026280230206676,0
4568.9999999944121,-1112.5689898579731,-1462.268444168265,0,1.3000008359482718,-0.98910745330846672,0
4569.9999999138527,-1111.2685495201149,-1463.256973621319,0,1.3008796685049304,-0.98795132254938089,0
4571.0000001476146,-1109.9672308636946,-1464.2443465530523,0,1.3017574728792378,-0.986794410938585,0
4572.0000000670552,-1108.6650349172996,-1465.2305621831911,0,1.3026342483774009,-0.98563671939047326,0
4572.9999999864958,-1107.361962710158,-1466.2156197321601,0,1.3035099943064379,-0.98447824882005552,0
4573.9999999059364,-1106.0580152721377,-1467.1995184214902,0,1.3043847099741808,-0.9833190001429577,0
4575.0000001396984,-1104.7531936338637,-1468.1822574734106,0,1.3052583946892771,-0.98215897427542087,0
4576.000000059139,-1103.4474988266011,-1469.1638361112564,0,1.3061310477611887,-0.98099817213429985,0
4576.9999999785796,-1102.1409318824299,-1470.1442535592359,0,1.3070026685001923,-0.97983659463706285,0
4577.9999998980202,-1100.833493833954,-1471.1235090423725,0,1.3078732562173805,-0.97867424270179215,0
4579.0000001317821,-1099.5251857145922,-1472.1016017867951,0,1.3087428102246639,-0.97751111724718043,0
4580.0000000512227,-1098.2160085582873,-1473.0785310193314,0,1.3096113298347687,-0.97634721919253331,0
4580.9999999706633,-1096.9059633999132,-1474.0542959679151,0,1.3104788143612383,-0.97518254945776583,0
4581.9999998901039,-1095.5950512748677,-1475.0288958613528,0,1.3113452631184352,-0.97401710896340388,0
4583.0000001238659,-1094.2832732191891,-1476.0023299292661,0,1.3122106754215408,-0.97285089863058183,0
4584.0000000433065,-1092.9706302697305,-1476.9745974022662,0,1.3130750505865549,-0.97168391938104259,0
4584.9999999627471,-1091.6571234639268,-1477.945697512012,0,1.3139383879302975,-0.97051617213713759,0
4585.9999998821877,-1090.3427538400283,-1478.9156294908607,0,1.3148006867704076,-0.96934765782182442,0
4587.0000001159497,-1089.0275224368088,-1479.8843925722758,0,1.315661946425347,-0.96817837735866696,0
4588.0000000353903,-1087.7114302937989,-1480.8519859905355,0,1.3165221662143969,-0.96700833167183509,0
4588.9999999548309,-1086.3944784512278,-1481.8184089808492,0,1.3173813454576622,-0.96583752168610326,0
4589.9999998742715,-1085.0766679499648,-1482.7836607794161,0,1.3182394834760691,-0.96466594832685004,0
4591.0000001080334,-1083.7579998315778,-1483.7477406233666,0,1.3190965795913683,-0.96349361252005727,0
4592.000000027474,-1082.438475138275,-1484.7106477506459,0,1.3199526331261309,-0.96232051519230988,0
4592.9999999469146,-1081.1180949130794,-1485.6723814001889,0,1.3208076434037541,-0.96114665727079418,0
4593.9999998663552,-1079.7968601994799,-1486.6329408119782,0,1.3216616097484604,-0.95997203968329736,0
4595.0000001001172,-1078.4747720417799,-1487.5923252266366,0,1.3225145314852955,-0.95879666335820746,0
4596.0000000195578,-1077.1518314849236,-1488.5505338860676,0,1.3233664079401324,-0.95762052922451257,0
4596.9999999389984,-1075.8280395745533,-1489.5075660328148,0,1.3242172384396691,-0.95644363821179901,0
4597.999999858439,-1074.5033973568934,-1490.4634209105279,0,1.3250670223114309,-0.9552659912502518,0
4599.0000000922009,-1073.1779058790416,-1491.4180977636715,0,1.3259157588837696,-0.95408758927065329,0
4600.0000000116415,-1071.8515661885031,-1492.3715958376997,0,1.3267634474858663,-0.95290843320438268,0
4600.9999999310821,-1070.5243793335976,-1493.3239143789979,0,1.3276100874477286,-0.95172852398341434,0
4601.9999998505227,-1069.1963463633438,-1494.2750526349409,0,1.3284556781001942,-0.9505478625403192,0
4603.0000000842847,-1067.8674683274003,-1495.2250098536606,0,1.329300218774929,-0.94936644980826235,0
4604.0000000037253,-1066.537746276008,-1496.1737852843944,0,1.3301437088044299,-0.9481842867210023,0
4604.9999999231659,-1065.2071812602226,-1497.1213781773113,0,1.3309861475220233,-0.94700137421289066,0
4606.0000001569279,-1063.8757743316237,-1498.0677877833368,0,1.3318275342618673,-0.94581771321887187,0
4607.0000000763685,-1062.5435265425476,-1499.0130133545608,0,1.3326678683589515,-0.94463330467448126,0
4607.999999995809,-1061.2104389460292,-1499.9570541438297,0,1.3335071491490966,-0.94344814951584544,0
4608.9999999152496,-1059.876512595627,-1500.8999094050378,0,1.3343453759689563,-0.94226224867968122,0
4610.0000001490116,-1058.5417485455982,-1501.8415783929522,0,1.335182548156018,-0.94107560310329452,0
4611.0000000684522,-1057.2061478510732,-1502.7820603632717,0,1.3360186650486012,-0.93988821372457965,0
4611.9999999878928,-1055.8697115675313,-1503.7213545727427,0,1.3368537259858608,-0.93870008148201967,0
4612.9999999073334,-1054.5324407512671,-1504.6594602789264,0,1.3376877303077861,-0.93751120731468351,0
4614.0000001410954,-1053.1943364593317,-1505.5963767403737,0,1.3385206773552003,-0.93632159216222799,0
4615.000000060536,-1051.8553997492418,-1506.5321032165666,0,1.3393525664697632,-0.93513123696489442,0
4615.9999999799766,-1050.5156316792709,-1507.4666389679769,0,1.3401833969939712,-0.93394014266350933,0
4616.9999998994172,-1049.1750333083328,-1508.3999832558329,0,1.3410131682711568,-0.93274831019948368,0
4618.0000001331791,-1047.8336056959815,-1509.3321353426436,0,1.3418418796454896,-0.93155574051481127,0
4619.0000000526197,-1046.4913499025279,-1510.2630944914417,0,1.3426695304619773,-0.93036243455206946,0
4619.9999999720603,-1045.1482669888064,-1511.1928599665989,0,1.3434961200664652,-0.92916839325441725,0
4620.9999998915009,-1043.8043580163503,-1512.1214310331852,0,1.3443216478056388,-0.92797361756559393,0
4622.0000001252629,-1042.4596240473911,-1513.0488069572602,0,1.3451461130270208,-0.92677810842992003,0
4623.0000000447035,-1041.1140661446843,-1513.9749870058731,0,1.3459695150789757,-0.92558186679229659,0
4623.9999999641441,-1039.7676853718003,-1514.8999704470043,0,1.3467918533107068,-0.92438489359820197,0
4624.9999998835847,-1038.4204827928916,-1515.8237565495074,0,1.3476131270722589,-0.92318718979369341,0
4626.0000001173466,-1037.0724594726926,-1516.7463445833419,0,1.348433335714518,-0.92198875632540589,0
4627.0000000367872,-1035.7236164767528,-1517.6677338192821,0,1.3492524785892122,-0.92078959414055095,0
4627.9999999562278,-1034.3739548710291,-1518.587923529034,0,1.3500705550489105,-0.91958970418691577,0
4628.9999998756684,-1033.0234757222934,-1519.5069129853509,0,1.350887564447028,-0.9183890874128634,0
4630.0000001094304,-1031.6721800980158,-1520.4247014619177,0,1.3517035061378198,-0.91718774476733067,0
4631.000000028871,-1030.3200690661324,-1521.3412882332923,0,1.3525183794763862,-0.91598567719982837,0
4631.9999999483116,-1028.967143695394,-1522.2566725749639,0,1.3533321838186725,-0.91478288566044019,0
4632.9999998677522,-1027.6134050550754,-1523.1708537635859,0,1.3541449185214682,-0.91357937109982246,0
4634.0000001015142,-1026.2588542150916,-1524.0838310765103,0,1.3549565829424088,-0.91237513446920204,0
4635.0000000209548,-1024.9034922461724,-1524.9956037921365,0,1.3557671764399741,-0.91117017672037748,0
4635.9999999403954,-1023.5473202194553,-1525.9061711899121,0,1.3565766983734928,-0.90996449880571684,0
4636.999999859836,-1022.1903392068343,-1526.8155325500411,0,1.3573851481031385,-0.90875810167815729,0
4638.0000000935979,-1020.8325502808439,-1527.7236871538335,0,1.3581925249899334,-0.90755098629120468,0
4639.0000000130385,-1019.4739545146585,-1528.6306342835305,0,1.3589988283957468,-0.90634315359893258,0
4639.9999999324791,-1018.1145529820933,-1529.5363732222468,0,1.3598040576832968,-0.90513460455598105,0
4640.9999998519197,-1016.7543467575451,-1530.4409032541444,0,1.3606082122161518,-0.90392534011755665,0
4642.0000000856817,-1015.3933369161095,-1531.3442236643168,0,1.3614112913587268,-0.90271536123943197,0
4643.0000000051223,-1014.0315245335223,-1532.246333738789,0,1.3622132944762899,-0.90150466887794301,0
4643.9999999245629,-1012.6689106860431,-1533.1472327645752,0,1.3630142209349572,-0.90029326398999054,0
4644.9999998440035,-1011.3054964507464,-1534.0469200295629,0,1.3638140701016965,-0.89908114753303825,0
4646.0000000777654,-1009.9412829051726,-1534.9453948227456,0,1.3646128413443281,-0.89786832046511267,0
4646.999999997206,-1008.5762711275602,-1535.8426564339898,0,1.3654105340315226,-0.89665478374480112,0
4647.9999999166466,-1007.2104621968465,-1536.7387041540351,0,1.3662071475328044,-0.89544053833125281,0
4649.0000001504086,-1005.8438571924344,-1537.6335372747271,0,1.3670026812185498,-0.89422558518417605,0
4650.0000000698492,-1004.4764571945416,-1538.5271550887846,0,1.3677971344599897,-0.89300992526383915,0
4650.9999999892898,-1003.1082632838516,-1539.419556889974,0,1.3685905066292081,-0.8917935595310692,0
4651.9999999087304,-1001.7392765418626,-1540.3107419729349,0,1.3693827970991443,-0.89057648894725094,0
4653.0000001424924,-1000.3694980504224,-1541.2007096332381,0,1.3701740052435913,-0.8893587144743258,0
4654.000000061933,-998.99892889230978,-1542.0894591675606,0,1.3709641304371987,-0.88814023707479184,0
4654.9999999813735,-997.62757015076932,-1542.9769898733939,0,1.3717531720554712,-0.88692105771170326,0
4655.9999999008141,-996.25542290962767,-1543.8633010493359,0,1.3725411294747705,-0.88570117734866816,0
4657.0000001345761,-994.88248825340997,-1544.7483919947408,0,1.3733280020723144,-0.88448059694984893,0
4658.0000000540167,-993.50876726728166,-1545.6322620101855,0,1.3741137892261797,-0.88325931747996167,0
4658.9999999734573,-992.13426103699021,-1546.5149103970034,0,1.3748984903152994,-0.88203733990427469,0
4659.9999998928979,-990.75897064886522,-1547.3963364576339,0,1.3756821047194661,-0.88081466518860818,0
4661.0000001266599,-989.38289718999295,-1548.2765394953312,0,1.3764646318193308,-0.87959129429933303,0
4662.0000000461005,-988.00604174786713,-1549.1555188144557,0,1.3772460709964034,-0.8783672282033711,0
4662.9999999655411,-986.62840541085461,-1550.0332737203571,0,1.3780264216330549,-0.8771424678681925,0
4663.9999998849817,-985.24998926767148,-1550.9098035191419,0,1.3788056831125148,-0.87591701426181778,0
4665.0000001187436,-983.87079440784873,-1551.7851075180806,0,1.3795838548188764,-0.87469086835281373,0
4666.0000000381842,-982.49082192149945,-1552.6591850253753,0,1.3803609361370897,-0.87346403111029491,0
4666.9999999576248,-981.11007289926056,-1553.5320353501593,0,1.3811369264529723,-0.87223650350392301,0
4667.9999998770654,-979.72854843246751,-1554.4036578026135,0,1.3819118251531992,-0.87100828650390427,0
4669.0000001108274,-978.3462496130378,-1555.2740516937338,0,1.3826856316253102,-0.86977938108099062,0
4670.000000030268,-976.96317753347103,-1556.1432163356221,0,1.3834583452577089,-0.86854978820647788,0
4670.9999999497086,-975.57933328702347,-1557.0111510413117,0,1.3842299654396619,-0.86731950885220477,0
4671.9999998691492,-974.19471796730068,-1557.8778551248251,0,1.3850004915613001,-0.86608854399055313,0
4673.0000001029111,-972.80933266878128,-1558.7433279011166,0,1.3857699230136187,-0.86485689459444637,0
4674.0000000223517,-971.42317848635139,-1559.6075686861295,0,1.3865382591884796,-0.86362456163734891,0
4674.9999999417923,-970.03625651571201,-1560.4705767968553,0,1.3873054994786083,-0.86239154609326552,0
4675.9999998612329,-968.6485678529134,-1561.3323515511001,0,1.3880716432775979,-0.86115784893674063,0
4677.0000000949949,-967.26011359482072,-1562.1928922678344,0,1.3888366899799078,-0.85992347114285739,0
4678.0000000144355,-965.87089483882301,-1563.0521982668433,0,1.3896006389808646,-0.85868841368723625,0
4678.9999999338761,-964.48091268294957,-1563.9102688690182,0,1.3903634896766621,-0.85745267754603582,0
4679.9999998533167,-963.09016822581179,-1564.7671033960651,0,1.3911252414643624,-0.85621626369595016,0
4681.0000000870787,-961.69866256654495,-1565.6227011707961,0,1.3918858937418963,-0.85497917311420968,0
4682.0000000065193,-960.306396805041,-1566.4770615170128,0,1.3926454459080631,-0.85374140677857957,0
4682.9999999259599,-958.91337204165757,-1567.3301837594481,0,1.393403897362532,-0.85250296566735895,0
4683.9999998454005,-957.51958937739255,-1568.1820672237664,0,1.3941612475058434,-0.85126385075938038,0
4685.0000000791624,-956.12504991394235,-1569.0327112366795,0,1.3949174957394055,-0.85002406303400913,0
4685.999999998603,-954.72975475341082,-1569.882115125889,0,1.3956726414654999,-0.84878360347114135,0
4686.9999999180436,-953.33370499871671,-1570.7302782200277,0,1.3964266840872777,-0.84754247305120545,0
4688.0000001518056,-951.93690175312804,-1571.577199848718,0,1.3971796230087627,-0.84630067275515919,0
4689.0000000712462,-950.53934612078592,-1572.4228793425718,0,1.397931457634852,-0.84505820356449013,0
4689.9999999906868,-949.14103920618072,-1573.2673160331906,0,1.3986821873713136,-0.84381506646121462,0
4690.9999999101274,-947.7419821145013,-1574.1105092531652,0,1.3994318116247901,-0.84257126242787672,0
4692.0000001438893,-946.342175951635,-1574.9524583360762,0,1.4001803298027973,-0.84132679244754749,0
4693.0000000633299,-944.94162182381842,-1575.7931626164354,0,1.4009277413137258,-0.84008165750382446,0
4693.9999999827705,-943.54032083810307,-1576.6326214297442,0,1.4016740455668399,-0.83883585858083098,0
4694.9999999022111,-942.1382741019479,-1577.4708341125515,0,1.4024192419722801,-0.83758939666321497,0
4696.0000001359731,-940.73548272362677,-1578.3078000023961,0,1.4031633299410617,-0.83634227273614825,0
4697.0000000554137,-939.3319478117628,-1579.1435184376896,0,1.4039063088850767,-0.83509448778532591,0
4697.9999999748543,-937.92767047573579,-1579.9779887579498,0,1.4046481782170925,-0.83384604279696595,0
4698.9999998942949,-936.52265182539122,-1580.8112103036256,0,1.405388937350756,-0.83259693875780738,0
4700.0000001280569,-935.11689297127305,-1581.6431824160973,0,1.4061285857005887,-0.83134717665511038,0
4701.0000000474975,-933.7103950244491,-1582.4739044379094,0,1.4068671226819913,-0.83009675747665523,0
4701.999999966938,-932.30315909656929,-1583.303375712363,0,1.4076045477112433,-0.8288456822107414,0
4702.9999998863786,-930.8951862998656,-1584.1315955839236,0,1.4083408602055023,-0.82759395184618778,0
4704.0000001201406,-929.4864777472103,-1584.958563398046,0,1.409076059582806,-0.82634156737232978,0
4705.0000000395812,-928.07703455194132,-1585.7842785009998,0,1.409810145262071,-0.82508852977902092,0
4705.9999999590218,-926.66685782809509,-1586.608740240219,0,1.4105431166630953,-0.82383484005662977,0
4706.9999998784624,-925.25594869023189,-1587.431947964069,0,1.4112749732065555,-0.82258049919604082,0
4708.0000001122244,-923.84430825349409,-1588.2539010219043,0,1.4120057143140117,-0.82132550818865413,0
4709.000000031665,-922.43193763360614,-1589.0745987640694,0,1.4127353394079045,-0.82006986802638226,0
4709.9999999511056,-921.01883794687456,-1589.894040541898,0,1.4134638479115562,-0.81881357970165181,0
4710.9999998705462,-919.60501031018794,-1590.7122257077135,0,1.4141912392491731,-0.81755664420740082,0
4712.0000001043081,-918.19045584095875,-1591.529153614887,0,1.4149175128458431,-0.8162990625370794,0
4713.0000000237487,-916.77517565723974,-1592.344823617721,0,1.4156426681275374,-0.81504083568464802,0
4713.9999999431893,-915.35917087766575,-1593.1592350715655,0,1.4163667045211126,-0.81378196464457786,0
4714.9999998626299,-913.94244262133725,-1593.9723873326438,0,1.4170896214543074,-0.81252245041184856,0
4716.0000000963919,-912.52499200811144,-1594.7842797582853,0,1.4178114183557473,-0.81126229398194771,0
4717.0000000158325,-911.10682015819475,-1595.5949117068667,0,1.4185320946549425,-0.81000149635087204,0
4717.9999999352731,-909.68792819249211,-1596.40428253758,0,1.4192516497822878,-0.80874005851512298,0
4718.9999998547137,-908.26831723254872,-1597.2123916108394,0,1.4199700831690663,-0.8074779814717099,0
4720.0000000884756,-906.84798840025906,-1598.0192382878158,0,1.4206873942474454,-0.80621526621814632,0
4721.0000000079162,-905.42694281833246,-1598.8248219308443,0,1.4214035824504816,-0.80495191375245023,0
4721.9999999273568,-904.00518160982756,-1599.6291419032495,0,1.4221186472121168,-0.80368792507314368,0
4722.9999998467974,-902.58270589855965,-1600.4321975692874,0,1.422832587967183,-0.80242330117925109,0
4724.0000000805594,-901.1595168087515,-1601.2339882942033,0,1.4235454041513984,-0.80115804307029925,0
4725,-899.73561546532437,-1602.0345134443487,0,1.4242570952013716,-0.79989215174631623,0
4725.9999999194406,-898.31100299360696,-1602.8337723869481,0,1.4249676605546002,-0.79862562820783045,0
4727.0000001532026,-896.88568051962648,-1603.631764490332,0,1.4256770996494716,-0.79735847345586974,0
4728.0000000726432,-895.45964916993398,-1604.4284891238203,0,1.4263854119252621,-0.79609068849196163,0
4728.9999999920838,-894.03291007154621,-1605.2239456576062,0,1.4270925968221404,-0.79482227431813102,0
4729.9999999115244,-892.6054643522366,-1606.018133463047,0,1.4277986537811658,-0.79355323193689986,0
4731.0000001452863,-891.17731314018602,-1606.8110519123729,0,1.4285035822442878,-0.79228356235128761,0
4732.0000000647269,-889.74845756409923,-1607.6027003789786,0,1.4292073816543494,-0.7910132665648093,0
4732.9999999841675,-888.31889875337947,-1608.3930782371317,0,1.4299100514550851,-0.78974234558147371,0
4733.9999999036081,-886.88863783789566,-1609.1821848620893,0,1.430611591091123,-0.78847080040578565,0
4735.0000001373701,-885.45767594809877,-1609.9700196302147,0,1.4313120000079833,-0.78719863204274132,0
4736.0000000568107,-884.02601421502186,-1610.7565819188021,0,1.4320112776520806,-0.78592584149783096,0
4736.9999999762513,-882.59365377010545,-1611.5418711061357,0,1.4327094234707238,-0.78465242977703553,0
4737.9999998956919,-881.16059574548854,-1612.3258865716052,0,1.433406436912116,-0.78337839788682784,0
4739.0000001294538,-879.72684127389221,-1613.108627695532,0,1.4341023174253555,-0.78210374683417028,0
4740.0000000488944,-878.2923914885032,-1613.8900938592269,0,1.4347970644604362,-0.78082847762651453,0
4740.999999968335,-876.85724752297392,-1614.6702844450483,0,1.4354906774682465,-0.77955259127180099,0
4741.9999998877756,-875.42141051177168,-1615.4491988364025,0,1.4361831559005735,-0.77827608877845866,0
4743.0000001215376,-873.98488158959663,-1616.2268364175688,0,1.4368744992100999,-0.77699897115540217,0
4744.0000000409782,-872.54766189190559,-1617.0031965739909,0,1.4375647068504045,-0.77572123941203286,0
4744.9999999604188,-871.10975255462108,-1617.7782786920434,0,1.438253778275965,-0.77444289455823845,0
4745.9999998798594,-869.67115471424768,-1618.5520821590908,0,1.4389417129421573,-0.77316393760438917,0
4747.0000001136214,-868.23186950781383,-1619.3246063635452,0,1.4396285103052546,-0.77188436956134066,0
4748.000000033062,-866.79189807293005,-1620.0958506948664,0,1.44031416982243,-0.77060419144043135,0
4748.9999999525025,-865.35124154767254,-1620.8658145433874,0,1.4409986909517547,-0.76932340425348134,0
4749.9999998719431,-863.90990107064135,-1621.6344973006635,0,1.441682073152202,-0.76804200901279263,0
4751.0000001057051,-862.46787778113503,-1622.4018983590649,0,1.4423643158836437,-0.7667600067311473,0
4752.0000000251457,-861.02517281891778,-1623.1680171121261,0,1.4430454186068511,-0.76547739842180762,0
4752.9999999445863,-859.58178732410306,-1623.9328529542545,0,1.4437253807834989,-0.76419418509851478,0
4753.9999998640269,-858.13772243767744,-1624.6964052809635,0,1.444404201876162,-0.76291036777548793,0
4755.0000000977889,-856.69297930091852,-1625.4586734888144,0,1.4450818813483175,-0.76162594746742396,0
4756.0000000172295,-855.247559055686,-1626.2196569752414,0,1.4457584186643446,-0.76034092518949603,0
4756.9999999366701,-853.80146284447983,-1626.9793551389012,0,1.4464338132895254,-0.75905530195735327,0
4757.9999998561107,-852.35469181020744,-1627.7377673792071,0,1.4471080646900447,-0.75776907878711963,0
4759.0000000898726,-850.90724709635833,-1628.4948930967948,0,1.4477811723329921,-0.75648225669539371,0
4760.0000000093132,-849.45912984694587,-1629.2507316932897,0,1.4484531356863601,-0.75519483669924681,0
4760.9999999287538,-848.0103412065655,-1630.0052825712482,0,1.4491239542190453,-0.75390681981622298,0
4761.9999998481944,-846.56088232033653,-1630.758545134333,0,1.4497936274008496,-0.75261820706433835,0
4763.0000000819564,-845.11075433372753,-1631.5105187870795,0,1.4504621547024814,-0.75132899946207954,0
4764.000000001397,-843.65995839302195,-1632.261202935304,0,1.4511295355955527,-0.75003919802840413,0
4764.9999999208376,-842.20849564485252,-1633.0105969855213,0,1.4517957695525832,-0.74874880378273834,0
4766.0000001545995,-840.75636723643402,-1633.7587003455847,0,1.4524608560469976,-0.74745781774497655,0
4767.0000000740401,-839.30357431544689,-1634.5055124241044,0,1.4531247945531289,-0.74616624093548212,0
4767.9999999934807,-837.85011803015368,-1635.2510326308548,0,1.4537875845462176,-0.74487407437508413,0
4768.9999999129213,-836.39599952934077,-1635.9952603765996,0,1.4544492255024097,-0.74358131908507885,0
4770.0000001466833,-834.94121996231843,-1636.7381950731506,0,1.4551097168987619,-0.74228797608722663,0
4771.0000000661239,-833.48578047892079,-1637.4798361332505,0,1.4557690582132383,-0.74099404640375399,0
4771.9999999855645,-832.02968222944764,-1638.2201829707483,0,1.4564272489247125,-0.73969953105734931,0
4772.9999999050051,-830.57292636478087,-1638.9592350004823,0,1.4570842885129671,-0.73840443107116516,0
4774.0000001387671,-829.1155140363262,-1639.6969916383387,0,1.4577401764586946,-0.7371087474688155,0
4775.0000000582077,-827.65744639589684,-1640.433452301193,0,1.458394912243498,-0.73581248127437615,0
4775.9999999776483,-826.19872459606268,-1641.168616407027,0,1.4590484953498901,-0.7345156335123828,0
4776.9999998970889,-824.73934978962643,-1641.9024833746953,0,1.459700925261296,-0.73321820520783143,0
4778.0000001308508,-823.27932313008932,-1642.635052624275,0,1.4603522014620514,-0.7319201973861762,0
4779.0000000502914,-821.81864577141823,-1643.366323576658,0,1.4610023234374041,-0.7306216110733299,0
4779.999999969732,-820.3573188681039,-1644.0962956539006,0,1.461651290673514,-0.72932244729566209,0
4780.9999998891726,-818.89534357516095,-1644.8249682791065,0,1.4622991026574543,-0.72802270707999883,0
4782.0000001229346,-817.43272104806965,-1645.5523408762529,0,1.4629457588772099,-0.72672239145362194,0
4783.0000000423752,-815.96945244283415,-1646.2784128705389,0,1.4635912588216806,-0.72542150144426831,0
4783.9999999618158,-814.50553891604068,-1647.0031836880371,0,1.4642356019806795,-0.72412003808012815,0
4784.9999998812564,-813.04098162462469,-1647.7266527559259,0,1.4648787878449347,-0.72281800238984495,0
4786.0000001150183,-811.57578172627836,-1648.4488195023732,0,1.4655208159060877,-0.72151539540251519,0
4787.0000000344589,-810.10994037892669,-1649.169683356653,0,1.4661616856566959,-0.72021221814768621,0
4787.9999999538995,-808.64345874125138,-1649.8892437489703,0,1.466801396590232,-0.71890847165535654,0
4788.9999998733401,-807.17633797222516,-1650.6075001105783,0,1.4674399482010845,-0.71760415695597379,0
4790.0000001071021,-805.70857923146104,-1651.3244518737774,0,1.4680773399845592,-0.71629927508043623,0
4791.0000000265427,-804.24018367897952,-1652.0400984720327,0,1.4687135714368773,-0.71499382706008874,0
4791.9999999459833,-802.77115247549955,-1652.7544393395656,0,1.4693486420551776,-0.71368781392672453,0
4792.9999998654239,-801.30148678203113,-1653.46747391182,0,1.4699825513375158,-0.71238123671258313,0
4794.0000000991859,-799.83118776010815,-1654.1792016252875,0,1.4706152987828669,-0.71107409645035069,0
4795.0000000186265,-798.36025657190476,-1654.8896219173912,0,1.4712468838911228,-0.70976639417315734,0
4795.999999938067,-796.88869437994435,-1655.5987342266599,0,1.471877306163095,-0.70845813091457743,0
4796.9999998575076,-795.41650234733243,-1656.3065379925538,0,1.4725065651005136,-0.70714930770862972,0
4798.0000000912696,-793.94368163769832,-1657.0130326557555,0,1.473134660206028,-0.70583992558977471,0
4799.0000000107102,-792.47023341502063,-1657.7182176578208,0,1.4737615909832085,-0.70452998559291535,0
4799.9999999301508,-790.99615884397645,-1658.422092441353,0,1.474387356936544,-0.70321948875339435,0
4800.9999998495914,-789.5214590895921,-1659.1246564500616,0,1.4750119575714455,-0.70190843610699549,0
4802.0000000833534,-788.046135317476,-1659.8259091286454,0,1.4756353923942436,-0.70059682868994178,0
4803.000000002794,-786.57018869358581,-1660.5258499228512,0,1.4762576609121925,-0.69928466753889429,0
4803.9999999222346,-785.09362038457766,-1661.2244782794733,0,1.4768787626334654,-0.697971953690952,0
4805.0000001559965,-783.61643155739876,-1661.9217936463538,0,1.4774986970671606,-0.69665868818365051,0
4806.0000000754371,-782.13862337969476,-1662.6177954723244,0,1.4781174637232968,-0.69534487205496209,0
4806.9999999948777,-780.6601970194024,-1663.3124832072644,0,1.4787350621128172,-0.69403050634329344,0
4807.9999999143183,-779.18115364504047,-1664.0058563021594,0,1.4793514917475874,-0.6927155920874859,0
4809.0000001480803,-777.70149442565162,-1664.6979142089258,0,1.4799667521403963,-0.69140013032681424,0
4810.0000000675209,-776.22122053068597,-1665.3886563806445,0,1.4805808428049585,-0.6900841221009868,0
4810.9999999869615,-774.74033313011751,-1666.0780822713277,0,1.481193763255912,-0.68876756845014264,0
4811.9999999064021,-773.25883339438587,-1666.7661913360935,0,1.4818055130088201,-0.68745047041485241,0
4813.000000140164,-771.77672249445459,-1667.4529830310494,0,1.4824160915801707,-0.68613282903611705,0
4814.0000000596046,-770.29400160181103,-1668.1384568133508,0,1.483025498487379,-0.68481464535536718,0
4814.9999999790452,-768.81067188823363,-1668.8226121413172,0,1.483633733248785,-0.68349592041446161,0
4815.9999998984858,-767.32673452614108,-1669.5054484741413,0,1.4842407953836541,-0.68217665525568727,0
4817.0000001322478,-765.84219068847597,-1670.1869652721216,0,1.4848466844121808,-0.68085685092175796,0
4818.0000000516884,-764.35704154853011,-1670.8671619966044,0,1.4854513998554861,-0.67953650845581359,0
4818.999999971129,-762.87128828011919,-1671.5460381099838,0,1.4860549412356174,-0.67821562890141907,0
4819.9999998905696,-761.38493205758277,-1672.2235930757015,0,1.4866573080755516,-0.6768942133025645,0
4821.0000001243316,-759.89797405566787,-1672.8998263582471,0,1.4872584998991933,-0.67557226270366344,0
4822.0000000437722,-758.41041544958716,-1673.5747374231578,0,1.4878585162313742,-0.67424977814955178,0
4822.9999999632128,-756.9222574151936,-1674.2483257369022,0,1.4884573565978585,-0.67292676068548807,0
4823.9999998826534,-755.43350112857297,-1674.9205907672294,0,1.4890550205253366,-0.67160321135715173,0
4825.0000001164153,-753.94414776645135,-1675.5915319827036,0,1.4896515075414305,-0.67027913121064253,0
4826.0000000358559,-752.45419850596227,-1676.2611488530529,0,1.4902468171746928,-0.66895452129248012,0
4826.9999999552965,-750.96365452470491,-1676.9294408490532,0,1.4908409489546037,-0.66762938264960259,0
4827.9999998747371,-749.47251700080233,-1677.5964074424701,0,1.4914339024115786,-0.66630371632936569,0
4829.0000001084991,-747.98078711278504,-1678.2620481061749,0,1.4920256770769615,-0.66497752337954297,0
4830.0000000279397,-746.48846603970742,-1678.9263623140287,0,1.4926162724830285,-0.66365080484832373,0
4830.9999999473803,-744.99555496108951,-1679.5893495409982,0,1.4932056881629876,-0.66232356178431218,0
4831.9999998668209,-743.5020550568006,-1680.2510092630982,0,1.4937939236509807,-0.66099579523652818,0
4833.0000001005828,-742.00796750735026,-1680.9113409573329,0,1.4943809784820798,-0.65966750625440451,0
4834.0000000200234,-740.51329349353909,-1681.5703441018122,0,1.494966852192293,-0.65833869588778726,0
4834.999999939464,-739.018034196808,-1682.2280181756942,0,1.4955515443185596,-0.6570093651869342,0
4835.9999998589046,-737.52219079894712,-1682.8843626590678,0,1.4961350543987537,-0.65567951520251511,0
4837.0000000926666,-736.02576448215405,-1683.5393770333612,0,1.4967173819716844,-0.65434914698560953,0
4838.0000000121072,-734.52875642932486,-1684.1930607807008,0,1.4972985265770946,-0.65301826158770682,0
4838.9999999315478,-733.03116782353027,-1684.8454133844934,0,1.4978784877556626,-0.65168686006070509,0
4839.9999998509884,-731.53299984842306,-1685.4964343290776,0,1.4984572650490007,-0.65035494345691047,0
4841.0000000847504,-730.03425368817989,-1686.1461231000139,0,1.4990348579996589,-0.64902251282903578,0
4842.000000004191,-728.53493052738486,-1686.7944791837945,0,1.4996112661511223,-0.64768956923020093,0
4842.9999999236315,-727.03503155097133,-1687.4415020678425,0,1.5001864890478118,-0.64635611371393054,0
4843.9999998430721,-725.53455794451293,-1688.0871912409202,0,1.5007605262350863,-0.64502214733415408,0
4845.0000000768341,-724.03351089387434,-1688.7315461926046,0,1.5013333772592417,-0.64368767114520486,0
4845.9999999962747,-722.53189158550231,-1689.3745664136368,0,1.5019050416675106,-0.64235268620181885,0
4846.9999999157153,-721.02970120625105,-1690.0162513957475,0,1.5024755190080641,-0.64101719355913478,0
4848.0000001494773,-719.52694094332401,-1690.6566006318317,0,1.5030448088300115,-0.63968119427269199,0
4849.0000000689179,-718.02361198456492,-1691.2956136157736,0,1.5036129106834002,-0.63834468939843036,0
4849.9999999883585,-716.51971551810857,-1691.9332898424473,0,1.5041798241192166,-0.6370076799926897,0
4850.9999999077991,-715.01525273261359,-1692.5696288079489,0,1.5047455486893875,-0.63567016711220803,0
4852.000000141561,-713.51022481714608,-1693.2046300092479,0,1.5053100839467777,-0.63433215181412239,0
4853.0000000610016,-712.00463296129601,-1693.8382929444197,0,1.5058734294451939,-0.63299363515596518,0
4853.9999999804422,-710.49847835500259,-1694.4706171127618,0,1.5064355847393802,-0.63165461819566715,0
4854.9999998998828,-708.9917621887289,-1695.1016020144452,0,1.506996549385025,-0.63031510199155294,0
4856.0000001336448,-707.48448565328727,-1695.7312471506884,0,1.5075563229387554,-0.62897508760234222,0
4857.0000000530854,-705.97664994001389,-1696.3595520239323,0,1.5081149049581408,-0.62763457608714834,0
4857.999999972526,-704.46825624071062,-1696.986516137491,0,1.5086722950016915,-0.6262935685054779,0
4858.9999998919666,-702.95930574747035,-1697.6121389959008,0,1.5092284926288619,-0.62495206591722863,0
4860.0000001257285,-701.44979965302628,-1698.2364201046876,0,1.5097834974000466,-0.62361006938269126,0
4861.0000000451691,-699.93973915046081,-1698.8593589704251,0,1.5103373088765835,-0.62226757996254511,0
4861.9999999646097,-698.42912543320563,-1699.4809551006765,0,1.5108899266207541,-0.62092459871785988,0
4862.9999998840503,-696.91795969527448,-1700.1012080042274,0,1.5114413501957842,-0.61958112671009424,0
4864.0000001178123,-695.40624313103035,-1700.7201171908528,0,1.5119915791658416,-0.61823716500109438,0
4865.0000000372529,-693.89397693530191,-1701.3376821713755,0,1.5125406130960397,-0.61689271465309337,0
4865.9999999566935,-692.38116230332525,-1701.9539024576661,0,1.5130884515524361,-0.61554777672871119,0
4866.9999998761341,-690.86780043080216,-1702.5687775626429,0,1.5136350941020331,-0.61420235229095232,0
4868.0000001098961,-689.35389251390006,-1703.1823070003884,0,1.5141805403127782,-0.61285644240320625,0
4869.0000000293367,-687.83943974913564,-1703.7944902859745,0,1.5147247897535645,-0.61151004812924625,0
4869.9999999487773,-686.32444333343301,-1704.4053269355791,0,1.5152678419942305,-0.61016317053322811,0
4870.9999998682179,-684.8089044643566,-1705.0148164663115,0,1.5158096966055625,-0.60881581067968971,0
4872.0000001019798,-683.29282433958724,-1705.6229583965032,0,1.5163503531592921,-0.60746796963355054,0
4873.0000000214204,-681.77620415750425,-1706.2297522455337,0,1.5168898112280971,-0.60611964846010946,0
4873.999999940861,-680.259045116778,-1706.8351975337719,0,1.5174280703856047,-0.60477084822504579,0
4874.9999998603016,-678.74134841648629,-1707.4392937826342,0,1.5179651302063877,-0.60342156999441676,0
4876.0000000940636,-677.22311525628902,-1708.0420405147597,0,1.5185009902659683,-0.60207181483465799,0
4877.0000000135042,-675.7043468360207,-1708.6434372537187,0,1.5190356501408151,-0.60072158381258212,0
4877.9999999329448,-674.18504435621435,-1709.2434835241293,0,1.5195691094083477,-0.59937087799537681,0
4878.9999998523854,-672.66520901757758,-1709.8421788517735,0,1.520101367646933,-0.59801969845060621,0
4880.0000000861473,-671.14484202140011,-1710.4395227634814,0,1.5206324244358873,-0.59666804624620828,0
4881.0000000055879,-669.62394456932088,-1711.0355147870723,0,1.5211622793554773,-0.59531592245049469,0
4881.9999999250285,-668.10251786344452,-1711.63015445153,0,1.5216909319869183,-0.59396332813214991,0
4882.9999998444691,-666.58056310622487,-1712.2234412868856,0,1.5222183819123769,-0.59261026436023023,0
4884.0000000782311,-665.05808150063967,-1712.815374824102,0,1.5227446287149706,-0.59125673220416286,0
4884.9999999976717,-663.5350742500159,-1713.4059545954806,0,1.5232696719787671,-0.58990273273374549,0
4885.9999999171123,-662.01154255802976,-1713.9951801341958,0,1.5237935112887842,-0.58854826701914487,0
4887.0000001508743,-660.48748762888135,-1714.5830509744701,0,1.5243161462309938,-0.58719333613089653,0
4888.0000000703149,-658.96291066717822,-1715.169566651748,0,1.524837576392319,-0.58583794113990362,0
4888.9999999897555,-657.43781287781894,-1715.7547267024056,0,1.5253578013606344,-0.58448208311743566,0
4889.999999909196,-655.91219546628417,-1716.338530663983,0,1.5258768207247657,-0.58312576313512887,0
4891.000000142958,-654.38605963840382,-1716.920978075068,0,1.5263946340744952,-0.5817689822649843,0
4892.0000000623986,-652.85940660029883,-1717.502068475238,0,1.5269112410005548,-0.5804117415793667,0
4892.9999999818392,-651.3322375586722,-1718.0818014052929,0,1.5274266410946322,-0.5790540421510052,0
4893.9999999012798,-649.80455372051802,-1718.6601764070219,0,1.5279408339493683,-0.57769588505299085,0
4895.0000001350418,-648.27635629329598,-1719.2371930232039,0,1.5284538191583581,-0.57633727135877688,0
4896.0000000544824,-646.74764648487326,-1719.8128507978981,0,1.528965596316151,-0.57497820214217665,0
4896.999999973923,-645.21842550346628,-1720.387149275979,0,1.5294761650182509,-0.57361867847736447,0
4897.9999998933636,-643.68869455781532,-1720.9600880037178,0,1.5299855248611174,-0.57225870143887336,0
4899.0000001271255,-642.15845485683531,-1721.5316665281425,0,1.5304936754421665,-0.57089827210159472,0
4900.0000000465661,-640.62770761013962,-1722.1018843975035,0,1.5310006163597674,-0.56953739154077743,0
4900.9999999660067,-639.0964540275163,-1722.6707411611569,0,1.5315063472132473,-0.56817606083202665,0
4901.9999998854473,-637.56469531921903,-1723.2382363694487,0,1.5320108676028885,-0.56681428105130449,0
4903.0000001192093,-636.03243269590894,-1723.804369573947,0,1.5325141771299324,-0.56545205327492665,0
4904.0000000386499,-634.49966736871284,-1724.369140327035,0,1.5330162753965753,-0.56408937857956332,0
4904.9999999580905,-632.96640054899035,-1724.9325481824926,0,1.5335171620059707,-0.56272625804223875,0
4905.9999998775311,-631.43263344868319,-1725.4945926948567,0,1.5340168365622313,-0.56136269274032813,0
4907.000000111293,-629.8983672800241,-1726.055273420061,0,1.5345152986704269,-0.55999868375155981,0
4908.0000000307336,-628.36360325565329,-1726.6145899148542,0,1.5350125479365859,-0.5586342321540112,0
4908.9999999501742,-626.82834258856019,-1727.1725417372072,0,1.5355085839676947,-0.55726933902611064,0
4909.9999998696148,-625.29258649225812,-1727.7291284460807,0,1.5360034063716992,-0.55590400544663476,0
4911.0000001033768,-623.75633618049324,-1728.2843496015994,0,1.5364970147575039,-0.55453823249470913,0
4912.0000000228174,-622.21959286753554,-1728.8382047649939,0,1.5369894087349736,-0.5531720212498058,0
4912.999999942258,-620.68235776794609,-1729.3906934983679,0,1.5374805879149325,-0.55180537279174358,0
4913.9999998616986,-619.14463209675159,-1729.9418153651641,0,1.5379705519091642,-0.55043828820068708,0
4915.0000000954606,-617.60641706932802,-1730.4915699297562,0,1.5384593003304148,-0.54907076855714454,0
4916.0000000149012,-616.06771390140057,-1731.0399567576242,0,1.5389468327923894,-0.54770281494196982,0
4916.9999999343418,-614.52852380921831,-1731.5869754153537,0,1.5394331489097548,-0.54633442843635838,0
4917.9999998537824,-612.98884800914675,-1732.1326254705782,0,1.5399182482981391,-0.54496561012184852,0
4919.0000000875443,-611.44868771830807,-1732.6769064920372,0,1.5404021305741318,-0.54359636108031906,0
4920.0000000069849,-609.90804415388266,-1733.2198180495179,0,1.5408847953552849,-0.54222668239399019,0
4920.9999999264255,-608.36691853357479,-1733.7613597139716,0,1.5413662422601124,-0.54085657514542118,0
4921.9999998458661,-606.82531207543798,-1734.3015310573392,0,1.5418464709080901,-0.53948604041751025,0
4923.0000000796281,-605.28322599793319,-1734.8403316526674,0,1.5423254809196583,-0.53811507929349345,0
4923.9999999990687,-603.74066151992884,-1735.377761074109,0,1.5428032719162195,-0.53674369285694301,0
4924.9999999185093,-602.19761986058438,-1735.913818896981,0,1.5432798435201394,-0.53537188219176879,0
4926.0000001522712,-600.65410223946674,-1736.4485046974733,0,1.5437551953547479,-0.53399964838221481,0
4927.0000000717118,-599.11010987660848,-1736.9818180530565,0,1.5442293270443392,-0.53262699251285994,0
4927.9999999911524,-597.56564399221679,-1737.5137585421908,0,1.5447022382141715,-0.53125391566861691,0
4928.999999910593,-596.02070580713917,-1738.0443257444422,0,1.545173928490468,-0.52988041893473059,0
4930.000000144355,-594.47529654233949,-1738.5735192404245,0,1.5456443975004159,-0.52850650339677829,0
4931.0000000637956,-592.92941741930554,-1739.1013386119739,0,1.5461136448721695,-0.52713217014066793,0
4931.9999999832362,-591.38306965993252,-1739.6277834418579,0,1.5465816702348469,-0.5257574202526375,0
4932.9999999026768,-589.83625448629027,-1740.1528533139499,0,1.5470484732185326,-0.52438225481925516,0
4934.0000001364388,-588.28897312108893,-1740.6765478133457,0,1.5475140534542775,-0.52300667492741582,0
4935.0000000558794,-586.74122678709682,-1741.1988665260142,0,1.5479784105740992,-0.52163068166434379,0
4935.99999997532,-585.19301670772256,-1741.7198090392048,0,1.5484415442109807,-0.52025427611758901,0
4936.9999998947605,-583.64434410666581,-1742.2393749412149,0,1.5489034539988737,-0.51887745937502783,0
4938.0000001285225,-582.09521020780085,-1742.7575638212729,0,1.5493641395726967,-0.51750023252486077,0
4939.0000000479631,-580.54561623570044,-1743.274375269888,0,1.5498236005683341,-0.516122596655614,0
4939.9999999674037,-578.99556341499556,-1743.7898088786169,0,1.5502818366226407,-0.51474455285613496,0
4940.9999998868443,-577.44505297089927,-1744.3038642400061,0,1.5507388473734385,-0.51336610221559542,0
4942.0000001206063,-575.89408612879924,-1744.816540947766,0,1.5511946324595165,-0.51198724582348709,0
4943.0000000400469,-574.34266411460703,-1745.3278385967715,0,1.5516491915206352,-0.51060798476962388,0
4943.9999999594875,-572.79078815458342,-1745.8377567828284,0,1.552102524197521,-0.50922832014413832,0
4944.9999998789281,-571.23845947516384,-1746.3462951029069,0,1.5525546301318727,-0.50784825303748315,0
4946.00000011269,-569.68567930330755,-1746.8534531550831,0,1.5530055089663568,-0.50646778454042729,0
4947.0000000321306,-568.13244886638131,-1747.3592305385391,0,1.5534551603446094,-0.50508691574405895,0
4947.9999999515712,-566.57876939192647,-1747.8636268535047,0,1.5539035839112385,-0.50370564773978133,0
4948.9999998710118,-565.02464210795006,-1748.3666417013155,0,1.5543507793118208,-0.50232398161931446,0
4950.0000001047738,-563.47006824280834,-1748.8682746844133,0,1.5547967461929053,-0.50094191847469127,0
4951.0000000242144,-561.91504902514862,-1749.3685254062875,0,1.5552414842020097,-0.4995594593982603,0
4951.999999943655,-560.35958568414208,-1749.8673934715916,0,1.5556849929876244,-0.49817660548268183,0
4952.9999998630956,-558.8036794490763,-1750.364878486027,0,1.556127272199213,-0.4967933578209287,0
4954.0000000968575,-557.24733154970454,-1750.8609800563427,0,1.5565683214872066,-0.4954097175062846,0
4955.0000000162981,-555.69054321618751,-1751.35569779051,0,1.5570081405030134,-0.49402568563234395,0
4955.9999999357387,-554.13331567891873,-1751.8490312974318,0,1.5574467288990101,-0.49264126329301061,0
4956.9999998551793,-552.57565016869921,-1752.3409801872913,0,1.5578840863285488,-0.49125645158249664,0
4958.0000000889413,-551.01754791667918,-1752.8315440712031,0,1.5583202124459521,-0.48987125159532241,0
4959.0000000083819,-549.45901015435811,-1753.320722561446,0,1.5587551069065175,-0.48848566442631491,0
4959.9999999278225,-547.90003811352653,-1753.8085152713466,0,1.5591887693665152,-0.48709969117060703,0
4960.9999998472631,-546.34063302638242,-1754.2949218154536,0,1.5596211994831894,-0.48571333292363694,0
4962.0000000810251,-544.78079612547299,-1754.7799418092472,0,1.5600523969147584,-0.48432659078114737,0
4963.0000000004657,-543.22052864357829,-1755.263574869372,0,1.5604823613204146,-0.48293946583918401,0
4963.9999999199063,-541.65983181394404,-1755.7458206136944,0,1.5609110923603247,-0.48155195919409488,0
4965.0000001536682,-540.09870687010698,-1756.2266786608961,0,1.5613385896956316,-0.48016407194253086,0
4966.0000000731088,-538.53715504589491,-1756.7061486310558,0,1.5617648529884511,-0.47877580518144225,0
4966.9999999925494,-536.97517757560126,-1757.1842301451252,0,1.5621898819018762,-0.47738716000808046,0
4967.99999991199,-535.41277569369413,-1757.6609228252782,0,1.5626136760999745,-0.47599813751999498,0
4969.000000145752,-533.84995063504903,-1758.1362262947951,0,1.56303623524779,-0.47460873881503429,0
4970.0000000651926,-532.28670363494894,-1758.6101401778869,0,1.5634575590113422,-0.47321896499134419,0
4970.9999999846332,-530.72303592896787,-1759.082664100104,0,1.5638776470576277,-0.47182881714736602,0
4971.9999999040738,-529.15894875285449,-1759.5537976878695,0,1.5642964990546202,-0.47043829638183809,0
4973.0000001378357,-527.59444334299769,-1760.0235405688873,0,1.5647141146712686,-0.46904740379379262,0
4974.0000000572763,-526.02952093578642,-1760.4918923719088,0,1.5651304935775003,-0.46765614048255566,0
4974.9999999767169,-524.46418276813347,-1760.9588527266751,0,1.565545635444221,-0.46626450754774684,0
4975.9999998961575,-522.89843007735908,-1761.4244212641497,0,1.5659595399433119,-0.46487250608927733,0
4977.0000001299195,-521.33226410084171,-1761.8885976163438,0,1.5663722067476336,-0.46348013720735004,0
4978.0000000493601,-519.7656860765419,-1762.3513814164326,0,1.5667836355310247,-0.46208740200245813,0
4978.9999999688007,-518.19869724253658,-1762.8127722986392,0,1.5671938259683027,-0.46069430157538382,0
4979.9999998882413,-516.63129883748479,-1763.2727698982344,0,1.5676027777352632,-0.45930083702719893,0
4981.0000001220033,-515.06349210010376,-1763.7313738516532,0,1.5680104905086818,-0.45790700945926222,0
4982.0000000414439,-513.49527826957637,-1764.1885837964946,0,1.5684169639663115,-0.4565128199732198,0
4982.9999999608845,-511.92665858537657,-1764.6443993713474,0,1.5688221977868859,-0.45511826967100377,0
4983.999999880325,-510.35763428732753,-1765.0988202159642,0,1.5692261916501193,-0.45372335965483113,0
4985.000000114087,-508.78820661548525,-1765.5518459711457,0,1.5696289452367054,-0.45232809102720384,0
4986.0000000335276,-507.21837681037141,-1766.0034762788564,0,1.5700304582283171,-0.45093246489090677,0
4986.9999999529682,-505.6481461126823,-1766.4537107821088,0,1.5704307303076093,-0.44953648234900723,0
4987.9999998724088,-504.07751576346345,-1766.9025491250795,0,1.5708297611582163,-0.44814014450485495,0
4989.0000001061708,-502.50648700422607,-1767.349990953051,0,1.5712275504647555,-0.44674345246207969,0
4990.0000000256114,-500.93506107653957,-1767.7960359122953,0,1.5716240979128229,-0.4453464073245913,0
4990.999999945052,-499.36323922243901,-1768.2406836503651,0,1.5720194031889982,-0.44394901019657917,0
4991.9999998644926,-497.7910226843087,-1768.6839338157442,0,1.572413465980842,-0.44255126218251062,0
4993.0000000982545,-496.2184127047658,-1769.1257860581391,0,1.5728062859768972,-0.44115316438712981,0
4994.0000000176951,-494.64541052671848,-1769.5662400283036,0,1.5731978628666887,-0.43975471791545861,0
4994.9999999371357,-493.07201739348238,-1770.0052953780978,0,1.5735881963407239,-0.4383559238727931,0
4995.9999998565763,-491.49823454860598,-1770.4429517605458,0,1.5739772860904933,-0.43695678336470489,0
4997.0000000903383,-489.92406323598698,-1770.8792088297196,0,1.5743651318084697,-0.43555729749703942,0
4998.0000000097789,-488.34950469975593,-1771.3140662407968,0,1.5747517331881107,-0.43415746737591476,0
4998.9999999292195,-486.77456018445082,-1771.7475236500613,0,1.5751370899238557,-0.43275729410772079,0
4999.9999998486601,-485.1992309349007,-1772.1795807150193,0,1.5755212017111284,-0.43135677879911938,0
5001.000000082422,-483.62351819616742,-1772.6102370940498,0,1.5759040682463368,-0.42995592255704229,0
5002.0000000018626,-482.04742321360391,-1773.0394924468128,0,1.5762856892268724,-0.42855472648869086,0
5002.9999999213032,-480.4709472329705,-1773.4673464341322,0,1.5766660643511123,-0.42715319170153487,0
5004.0000001550652,-478.8940915002604,-1773.8937987177051,0,1.5770451933184182,-0.42575131930331211,0
5005.0000000745058,-477.31685726181604,-1774.3188489605673,0,1.5774230758291343,-0.42434911040202694,0
5005.9999999939464,-475.73924576421268,-1774.742496826686,0,1.5777997115845932,-0.42294656610594983,0
5006.999999913387,-474.16125825431664,-1775.1647419813089,0,1.5781751002871114,-0.42154368752361637,0
5008.000000147149,-472.58289597940166,-1775.5855840906734,0,1.5785492416399913,-0.42014047576382563,0
5009.0000000665896,-471.00416018691612,-1776.0050228221808,0,1.5789221353475202,-0.41873693193564154,0
5009.9999999860302,-469.42505212471588,-1776.4230578442221,0,1.579293781114973,-0.4173330571483892,0
5010.9999999054708,-467.84557304077316,-1776.839688826527,0,1.5796641786486096,-0.41592885251165546,0
5012.0000001392327,-466.2657241835841,-1777.2549154396984,0,1.5800333276556786,-0.41452431913528831,0
5013.0000000586733,-464.68550680176122,-1777.6687373555615,0,1.5804012278444128,-0.41311945812939554,0
5013.9999999781139,-463.10492214426631,-1778.0811542471056,0,1.5807678789240334,-0.41171427060434351,0
5014.9999998975545,-461.52397146035219,-1778.4921657883096,0,1.5811332806047487,-0.41030875767075703,0
5016.0000001313165,-459.94265599962091,-1778.9017716543749,0,1.5814974325977547,-0.40890292043951793,0
5017.0000000507571,-458.36097701184917,-1779.3099715214921,0,1.5818603346152345,-0.40749676002176394,0
5017.9999999701977,-456.7789357471629,-1779.7167650670162,0,1.5822219863703602,-0.40609027752888904,0
5018.9999998896383,-455.19653345592087,-1780.1221519695246,0,1.5825823875772913,-0.40468347407254157,0
5020.0000001234002,-453.6137713889475,-1780.5261319085839,0,1.5829415379511753,-0.40327635076462276,0
5021.0000000428408,-452.03065079706721,-1780.9287045648089,0,1.583299437208149,-0.40186890871728798,0
5021.9999999622814,-450.4471729316283,-1781.3298696201527,0,1.5836560850653374,-0.40046114904294305,0
5022.999999881722,-448.86333904415369,-1781.7296267573838,0,1.5840114812408566,-0.39905307285424607,0
5024.000000115484,-447.27915038645733,-1782.1279756607255,0,1.5843656254538088,-0.39764468126410457,0
5025.0000000349246,-445.69460821070243,-1782.5249160151579,0,1.5847185174242884,-0.39623597538567568,0
5025.9999999543652,-444.10971376916859,-1782.9204475070583,0,1.5850701568733778,-0.39482695633236486,0
5026.9999998738058,-442.5244683145429,-1783.3145698237931,0,1.5854205435231508,-0.39341762521782531,0
5028.0000001075678,-440.93887309980346,-1783.7072826538933,0,1.5857696770966696,-0.39200798315595631,0
5029.0000000270084,-439.352929378103,-1784.098585686821,0,1.5861175573179893,-0.3905980312609032,0
5029.999999946449,-437.76663840300171,-1784.4884786134935,0,1.5864641839121529,-0.38918777064705656,0
5030.9999998658895,-436.1800014282926,-1784.8769611255848,0,1.5868095566051958,-0.38777720242905067,0
5032.0000000996515,-434.59301970788511,-1785.2640329161659,0,1.5871536751241448,-0.38636632772176271,0
5033.0000000190921,-433.00569449615432,-1785.6496936792391,0,1.5874965391970179,-0.38495514764031247,0
5033.9999999385327,-431.41802704770816,-1786.0339431100292,0,1.5878381485528221,-0.38354366330006062,0
5034.9999998579733,-429.8300186173874,-1786.4167809048085,0,1.5881785029215596,-0.38213187581660923,0
5036.0000000917353,-428.2416704602656,-1786.7982067610137,0,1.5885176020342215,-0.38071978630579895,0
5037.0000000111759,-426.6529838318238,-1787.178220377129,0,1.5888554456227943,-0.37930739588370965,0
5037.9999999306165,-425.06395998765947,-1787.5568214528612,0,1.5891920334202536,-0.37789470566665906,0
5038.9999998500571,-423.4746001836611,-1787.9340096889064,0,1.5895273651605692,-0.37648171677120168,0
5040.000000083819,-421.88490567612462,-1788.3097847871832,0,1.5898614405787037,-0.3750684303141284,0
5041.0000000032596,-420.29487772140419,-1788.6841464507161,0,1.5901942594106118,-0.37365484741246457,0
5041.9999999227002,-418.70451757620322,-1789.0570943835774,0,1.5905258213932425,-0.37224096918347083,0
5043.0000001564622,-417.11382649763254,-1789.4286282910034,0,1.5908561262645373,-0.37082679674464025,0
5044.0000000759028,-415.52280574280303,-1789.7987478793366,0,1.5911851737634313,-0.36941233121369932,0
5044.9999999953434,-413.93145656929119,-1790.1674528560834,0,1.5915129636298546,-0.36799757370860553,0
5045.999999914784,-412.33978023484815,-1790.5347429298563,0,1.5918394956047297,-0.36658252534754754,0
5047.000000148546,-410.74777799745789,-1790.900617810199,0,1.5921647694299736,-0.36516718724894348,0
5048.0000000679865,-409.15545111545362,-1791.2650772081106,0,1.5924887848484992,-0.36375156053144098,0
5048.9999999874271,-407.56280084734317,-1791.6281208354631,0,1.5928115416042123,-0.36233564631391579,0
5049.9999999068677,-405.96982845192542,-1791.9897484052926,0,1.593133039442014,-0.36091944571547019,0
5051.0000001406297,-404.37653518817388,-1792.3499596317997,0,1.5934532781078012,-0.35950295985543357,0
5052.0000000600703,-402.78292231546948,-1792.7087542302907,0,1.5937722573484645,-0.35808618985336027,0
5052.9999999795109,-401.1889910933678,-1793.0661319171777,0,1.5940899769118908,-0.35666913682902934,0
5053.9999998989515,-399.59474278165726,-1793.4220924099791,0,1.5944064365469632,-0.3552518019024441,0
5055.0000001327135,-398.00017864035908,-1793.7766354273772,0,1.5947216360035599,-0.35383418619382978,0
5056.0000000521541,-396.40529992978554,-1794.1297606891603,0,1.5950355750325551,-0.35241629082363413,0
5056.9999999715947,-394.81010791048175,-1794.4814679161645,0,1.5953482533858199,-0.35099811691252547,0
5057.9999998910353,-393.21460384334205,-1794.8317568305065,0,1.5956596708162203,-0.34957966558139286,0
5059.0000001247972,-391.61878898926079,-1795.1806271552341,0,1.5959698270776199,-0.3481609379513444,0
5060.0000000442378,-390.0226646096562,-1795.5280786146759,0,1.5962787219248797,-0.3467419351437061,0
5060.9999999636784,-388.4262319659465,-1795.8741109341499,0,1.5965863551138568,-0.34532265828002218,0
5061.999999883119,-386.82949232001556,-1796.2187238402548,0,1.5968927264014054,-0.34390310848205285,0
5063.000000116881,-385.23244693386368,-1796.5619170605205,0,1.5971978355453778,-0.34248328687177454,0
5064.0000000363216,-383.635097069724,-1796.9036903237575,0,1.5975016823046233,-0.34106319457137824,0
5064.9999999557622,-382.03744399012066,-1797.244043359824,0,1.5978042664389891,-0.339642832703269,0
5065.9999998752028,-380.43948895781068,-1797.5829758996842,0,1.5981055877093204,-0.33822220239006473,0
5067.0000001089647,-378.84123323578387,-1797.9204876754666,0,1.5984056458774609,-0.3368013047545958,0
5068.0000000284053,-377.24267808720469,-1798.2565784204635,0,1.5987044407062514,-0.33538014091990354,0
5068.9999999478459,-375.64382477552863,-1798.591247868957,0,1.5990019719595325,-0.3339587120092401,0
5069.9999998672865,-374.0446745645022,-1798.9244957565097,0,1.5992982394021427,-0.33253701914606681,0
5071.0000001010485,-372.44522871810477,-1799.2563218196738,0,1.59959324279992,-0.33111506345405362,0
5072.0000000204891,-370.8454885003739,-1799.5867257961654,0,1.5998869819197015,-0.32969284605707849,0
5072.9999999399297,-369.24545517575461,-1799.9157074249233,0,1.600179456529323,-0.32827036807922583,0
5073.9999998593703,-367.64513000886654,-1800.2432664458756,0,1.6004706663976198,-0.32684763064478628,0
5075.0000000931323,-366.04451426462037,-1800.5694026001147,0,1.600760611294427,-0.32542463487825557,0
5076.0000000125729,-364.4436092080432,-1800.894115629897,0,1.6010492909905794,-0.32400138190433347,0
5076.9999999320135,-362.84241610445315,-1801.2174052785267,0,1.6013367052579122,-0.32257787284792316,0
5077.999999851454,-361.24093621940119,-1801.5392712905887,0,1.6016228538692607,-0.32115410883412998,0
5079.000000085216,-359.63917081867112,-1801.8597134115989,0,1.6019077365984593,-0.31973009098826111,0
5080.0000000046566,-358.03712116822135,-1802.178731388296,0,1.6021913532203444,-0.31830582043582401,0
5080.9999999240972,-356.43478853430133,-1802.4963249685825,0,1.602473703510753,-0.3168812983025262,0
5081.9999998435378,-354.83217418339336,-1802.812493901467,0,1.6027547872465222,-0.31545652571427396,0
5083.0000000772998,-353.22927938209614,-1803.1272379369475,0,1.6030346042054906,-0.31403150379717149,0
5083.9999999967404,-351.6261053972994,-1803.4405568263028,0,1.603313154166498,-0.31260623367751983,0
5084.999999916181,-350.02265349618392,-1803.7524503219174,0,1.6035904369093856,-0.31118071648181644,0
5086.0000001499429,-348.41892494598869,-1804.062918177282,0,1.6038664522149957,-0.30975495333675429,0
5087.0000000693835,-346.81492101430194,-1804.3719601469929,0,1.6041411998651731,-0.30832894536922018,0
5087.9999999888241,-345.21064296888653,-1804.679575986811,0,1.6044146796427641,-0.30690269370629475,0
5088.9999999082647,-343.60609207767993,-1804.9857654535444,0,1.6046868913316175,-0.30547619947525129,0
5090.0000001420267,-342.00126960896887,-1805.2905283052824,0,1.6049578347165838,-0.30404946380355458,0
5091.0000000614673,-340.39617683109827,-1805.593864301045,0,1.6052275095835171,-0.30262248781886059,0
5091.9999999809079,-338.79081501270412,-1805.8957732011913,0,1.6054959157192719,-0.3011952726490148,0
5092.9999999003485,-337.18518542265519,-1806.1962547670119,0,1.6057630529117077,-0.29976781942205177,0
5094.0000001341105,-335.57928932993673,-1806.4953087610193,0,1.6060289209496852,-0.2983401292661948,0
5095.000000053551,-333.97312800388318,-1806.7929349469487,0,1.6062935196230699,-0.29691220330985379,0
5095.9999999729916,-332.36670271388721,-1807.0891330894083,0,1.6065568487227297,-0.29548404268162543,0
5096.9999998924322,-330.76001472969074,-1807.3839029544615,0,1.6068189080405348,-0.29405564851029176,0
5098.0000001261942,-329.1530653211521,-1807.6772443089867,0,1.6070796973693611,-0.29262702192481904,0
5099.0000000456348,-327.54585575836245,-1807.9691569212009,0,1.6073392165030875,-0.29119816405435783,0
5099.9999999650754,-325.93838731158758,-1808.259640560369,0,1.6075974652365961,-0.28976907602824098,0
5100.999999884516,-324.3306612513843,-1808.5486949969199,0,1.607854443365774,-0.28833975897598385,0
5102.000000118278,-322.72267884848407,-1808.8363200023305,0,1.6081101506875117,-0.28691021402728201,0
5103.0000000377186,-321.11444137367653,-1809.1225153493579,0,1.6083645869997056,-0.28548044231201197,0
5103.9999999571592,-319.505950098217,-1809.4072808117489,0,1.6086177521012548,-0.2840504449602288,0
5104.9999998765998,-317.89720629330259,-1809.6906161644729,0,1.6088696457920637,-0.28262022310216639,0
5106.0000001103617,-316.28821123047965,-1809.9725211834884,0,1.6091202678730423,-0.28118977786823574,0
5107.0000000298023,-314.67896618146915,-1810.252995646093,0,1.6093696181461059,-0.27975911038902457,0
5107.9999999492429,-313.0694724182249,-1810.5320393305738,0,1.6096176964141737,-0.27832822179529648,0
5108.9999998686835,-311.45973121275892,-1810.8096520163817,0,1.6098645024811709,-0.27689711321798927,0
5110.0000001024455,-309.84974383737426,-1811.0858334840741,0,1.6101100361520286,-0.27546578578821501,0
5111.0000000218861,-308.2395115646068,-1811.3605835153721,0,1.6103542972326834,-0.27403424063725867,0
5111.9999999413267,-306.62903566716705,-1811.6339018931612,0,1.6105972855300765,-0.27260247889657718,0
5112.9999998607673,-305.01831741788192,-1811.9057884013746,0,1.6108390008521567,-0.27117050169779899,0
5114.0000000945292,-303.40735808986938,-1812.1762428251095,0,1.611079443007879,-0.26973831017272254,0
5115.0000000139698,-301.79615895630559,-1812.4452649506275,0,1.6113186118072029,-0.26830590545331567,0
5115.9999999334104,-300.18472129077418,-1812.7128545653541,0,1.6115565070610955,-0.26687328867171489,0
5116.999999852851,-298.57304636680055,-1812.9790114576463,0,1.6117931285815312,-0.26544046096022411,0
5118.000000086613,-296.96113545825938,-1813.2437354173162,0,1.6120284761814898,-0.26400742345131423,0
5119.0000000060536,-295.34898983914172,-1813.5070262349909,0,1.6122625496749592,-0.26257417727762156,0
5119.9999999254942,-293.73661078367149,-1813.7688837026944,0,1.6124953488769327,-0.26114072357194795,0
5120.9999998449348,-292.12399956618901,-1814.0293076133821,0,1.6127268736034122,-0.25970706346725869,0
5122.0000000786968,-290.51115746132564,-1814.2882977612317,0,1.612957123671406,-0.25827319809668237,0
5122.9999999981374,-288.89808574377093,-1814.5458539415267,0,1.6131860988989311,-0.25683912859350999,0
5123.999999917578,-287.28478568850551,-1814.8019759507151,0,1.613413799105011,-0.25540485609119379,0
5125.0000001513399,-285.67125857062638,-1815.0566635864088,0,1.6136402241096763,-0.25397038172334641,0
5126.0000000707805,-284.0575056654634,-1815.3099166472675,0,1.6138653737339674,-0.25253570662374003,0
5126.9999999902211,-282.44352824834641,-1815.5617349331151,0,1.6140892477999318,-0.25110083192630561,0
5127.9999999096617,-280.82932759507094,-1815.8121182449395,0,1.6143118461306243,-0.24966575876513164,0
5129.0000001434237,-279.21490498143248,-1816.0610663848929,0,1.6145331685501092,-0.24823048827446359,0
5130.0000000628643,-277.60026168334298,-1816.308579156117,0,1.6147532148834594,-0.24679502158870315,0
5130.9999999823049,-275.9853989770636,-1816.5546563630342,0,1.6149719849567554,-0.24535935984240664,0
5131.9999999017455,-274.37031813891372,-1816.7992978111724,0,1.6151894785970868,-0.24392350417028474,0
5133.0000001355074,-272.75502044538734,-1817.0425033071078,0,1.6154056956325524,-0.24248745570720154,0
5134.000000054948,-271.13950717321131,-1817.2842726586969,0,1.6156206358922591,-0.24105121558817333,0
5134.9999999743886,-269.52377959928708,-1817.5246056747856,0,1.6158342992063242,-0.23961478494836785,0
5135.9999998938292,-267.90783900051611,-1817.7635021654423,0,1.6160466854058735,-0.23817816492310362,0
5137.0000001275912,-266.2916866542073,-1818.0009619418997,0,1.6162577943230418,-0.23674135664784868,0
5138.0000000470318,-264.67532383772777,-1818.2369848163798,0,1.6164676257909747,-0.23530436125821996,0
5138.9999999664724,-263.05875182850286,-1818.4715706023853,0,1.6166761796438263,-0.23386717988998218,0
5139.999999885913,-261.44197190436535,-1818.7047191145248,0,1.6168834557167617,-0.23242981367904703,0
5141.000000119675,-259.82498534303159,-1818.9364301685127,0,1.6170894538459537,-0.23099226376147264,0
5142.0000000391155,-258.20779342268361,-1819.1667035812279,0,1.617294173868588,-0.22955453127346181,0
5142.9999999585561,-256.59039742138702,-1819.3955391705967,0,1.6174976156228584,-0.22811661735136191,0
5143.9999998779967,-254.97279861755669,-1819.6229367558262,0,1.6176997789479692,-0.2266785231316637,0
5145.0000001117587,-253.35499828972388,-1819.8488961571129,0,1.6179006636841364,-0.22524024975100065,0
5146.0000000311993,-251.73699771647807,-1820.0734171959921,0,1.6181002696725857,-0.22380179834614733,0
5146.9999999506399,-250.11879817664158,-1820.2964996948722,0,1.6182985967555537,-0.22236317005401951,0
5147.9999998700805,-248.50040094932774,-1820.5181434775004,0,1.6184956447762868,-0.22092436601167242,0
5149.0000001038425,-246.8818073135335,-1820.7383483686717,0,1.6186914135790444,-0.21948538735630052,0
5150.0000000232831,-245.26301854860503,-1820.9571141944034,0,1.6188859030090945,-0.21804623522523592,0
5150.9999999427237,-243.64403593400493,-1821.1744407817023,0,1.6190791129127191,-0.21660691075594807,0
5151.9999998621643,-242.02486074931221,-1821.3903279587976,0,1.619271043137209,-0.21516741508604265,0
5153.0000000959262,-240.40549427433871,-1821.6047755551408,0,1.6194616935308677,-0.21372774935326055,0
5154.0000000153668,-238.78593778895447,-1821.8177834012313,0,1.6196510639430097,-0.21228791469547714,0
5154.9999999348074,-237.16619257314596,-1822.029351328616,0,1.6198391542239619,-0.21084791225070132,0
5155.999999854248,-235.5462599072489,-1822.2394791701809,0,1.6200259642250625,-0.20940774315707444,0
5157.00000008801,-233.92614107154077,-1822.4481667598011,0,1.6202114937986605,-0.20796740855286966,0
5158.0000000074506,-232.30583734653192,-1822.6554139325162,0,1.6203957427981193,-0.20652690957649111,0
5158.9999999268912,-230.68535001284909,-1822.8612205245299,0,1.6205787110778125,-0.20508624736647274,0
5159.9999998463318,-229.06468035129365,-1823.06558637321,0,1.6207603984931265,-0.20364542306147726,0
5161.0000000800937,-227.44382964284159,-1823.2685113169719,0,1.620940804900461,-0.20220443780029596,0
5161.9999999995343,-225.82279916858533,-1823.4699951955117,0,1.621119930157227,-0.20076329272184701,0
5162.9999999189749,-224.20159020961728,-1823.6700378495152,0,1.6212977741218482,-0.19932198896517495,0
5164.0000001527369,-222.58020404743729,-1823.8686391209485,0,1.6214743366537616,-0.19788052766944975,0
5165.0000000721775,-220.95864196354523,-1824.0657988527673,0,1.6216496176134152,-0.19643890997396596,0
5165.9999999916181,-219.33690523949917,-1824.2615168891498,0,1.6218236168622733,-0.1949971370181417,0
5166.9999999110587,-217.71499515709002,-1824.4557930753799,0,1.6219963342628101,-0.19355520994151787,0
5168.0000001448207,-216.09291299828328,-1824.6486272580223,0,1.6221677696785144,-0.19211312988375706,0
5169.0000000642613,-214.4706600451027,-1824.8400192845729,0,1.6223379229738892,-0.19067089798464287,0
5169.9999999837019,-212.84823757974664,-1825.02996900375,0,1.6225067940144473,-0.18922851538407881,0
5170.9999999031425,-211.22564688452985,-1825.2184762654942,0,1.6226743826667189,-0.18778598322208773,0
5172.0000001369044,-209.60288924194174,-1825.4055409207358,0,1.6228406887982461,-0.18634330263881027,0
5173.000000056345,-207.97996593447169,-1825.5911628216854,0,1.6230057122775849,-0.18490047477450477,0
5173.9999999757856,-206.35687824495835,-1825.7753418215434,0,1.6231694529743041,-0.18345750076954592,0
5174.9999998952262,-204.73362745618215,-1825.9580777748488,0,1.6233319107589876,-0.18201438176442364,0
5176.0000001289882,-203.11021485109814,-1826.1393705371302,0,1.623493085503233,-0.18057111889974276,0
5177.0000000484288,-201.4866417128942,-1826.3192199650803,0,1.6236529770796522,-0.17912771331622179,0
5177.9999999678694,-199.86290932470001,-1826.497625916556,0,1.6238115853618702,-0.17768416615469196,0
5178.99999988731,-198.2390189699945,-1826.6745882505784,0,1.6239689102245274,-0.17624047855609615,0
5180.0000001210719,-196.61497193214018,-1826.8501068272744,0,1.6241249515432776,-0.17479665166148872,0
5181.0000000405125,-194.99076949479058,-1827.0241815078771,0,1.6242797091947907,-0.17335268661203374,0
5181.9999999599531,-193.36641294165747,-1827.1968121547834,0,1.62443318305675,-0.17190858454900471,0
5182.9999998793937,-191.74190355662722,-1827.3679986316711,0,1.6245853730078528,-0.1704643466137834,0
5184.0000001131557,-190.11724262364442,-1827.5377408031491,0,1.6247362789278132,-0.16901997394785873,0
5185.0000000325963,-188.49243142682826,-1827.7060385350487,0,1.6248859006973575,-0.16757546769282639,0
5185.9999999520369,-186.86747125035618,-1827.8728916943655,0,1.6250342381982295,-0.16613082899038756,0
5186.9999998714775,-185.24236337858019,-1828.0383001492592,0,1.6251812913131871,-0.164686058982348,0
5188.0000001052395,-183.61710909591056,-1828.202263768937,0,1.6253270599260023,-0.1632411588106174,0
5189.00000002468,-181.99170968693215,-1828.3647824238869,0,1.6254715439214646,-0.16179612961720835,0
5189.9999999441206,-180.36616643628804,-1828.5258559855283,0,1.6256147431853769,-0.16035097254423514,0
5190.9999998635612,-178.74048062879592,-1828.6854843266774,0,1.6257566576045575,-0.15890568873391353,0
5192.0000000973232,-177.11465354938991,-1828.8436673211399,0,1.6258972870668416,-0.15746027932855922,0
5193.0000000167638,-175.48868648306234,-1829.0004048438859,0,1.626036631461079,-0.15601474547058702,0
5193.9999999362044,-173.86258071486373,-1829.1556967709912,0,1.6261746906771357,-0.15456908830251048,0
5194.999999855645,-172.23633753013564,-1829.309542979754,0,1.6263114646058932,-0.15312330896694026,0
5196.000000089407,-170.60995821410324,-1829.4619433485786,0,1.6264469531392478,-0.15167740860658396,0
5197.0000000088476,-168.98344405234093,-1829.6128977570334,0,1.6265811561701136,-0.15023138836424443,0
5197.9999999282882,-167.35679633030668,-1829.7624060857343,0,1.6267140735924199,-0.14878524938281956,0
5198.9999998477288,-165.73001633374952,-1829.910468216578,0,1.6268457053011125,-0.14733899280530094,0
5200.0000000814907,-164.10310534830205,-1830.057084032509,0,1.6269760511921523,-0.14589261977477308,0
5201.0000000009313,-162.47606466000434,-1830.202253417694,0,1.6271051111625181,-0.14444613143441276,0
5201.9999999203719,-160.84889555466361,-1830.3459762573475,0,1.6272328851102036,-0.14299952892748757,0
5203.0000001541339,-159.22159931849455,-1830.4882524378481,0,1.6273593729342195,-0.14155281339735559,0
5204.0000000735745,-157.59417723753722,-1830.6290818468551,0,1.6274845745345932,-0.14010598598746415,0
5204.9999999930151,-155.96663059818093,-1830.768464372959,0,1.6276084898123679,-0.13865904784134897,0
5205.9999999124557,-154.33896068675676,-1830.9063999059726,0,1.6277311186696046,-0.13721200010263324,0
5207.0000001462176,-152.71116878965404,-1831.0428883369896,0,1.6278524610093807,-0.13576484391502708,0
5208.0000000656582,-151.08325619361131,-1831.1779295580345,0,1.6279725167357904,-0.13431758042232589,0
5208.9999999850988,-149.45522418513428,-1831.3115234624711,0,1.628091285753944,-0.13287021076841021,0
5209.9999999045394,-147.82707405101974,-1831.4436699445941,0,1.6282087679699702,-0.1314227360972442,0
5211.0000001383014,-146.19880707812263,-1831.5743689000374,0,1.6283249632910137,-0.12997515755287548,0
5212.000000057742,-144.57042455341434,-1831.7036202254239,0,1.6284398716252364,-0.12852747627943317,0
5212.9999999771826,-142.94192776392447,-1831.8314238187158,0,1.6285534928818186,-0.12707969342112813,0
5213.9999998966232,-141.31331799674081,-1831.9577795788064,0,1.628665826970956,-0.12563181012225111,0
5215.0000001303852,-139.68459653906757,-1832.0826874058694,0,1.6287768738038624,-0.1241838275271725,0
5216.0000000498258,-138.05576467822539,-1832.2061472011264,0,1.6288866332927703,-0.12273574678034105,0
5216.9999999692664,-136.42682370159309,-1832.3281588670798,0,1.6289951053509273,-0.12128756902628302,0
5217.999999888707,-134.79777489666594,-1832.448722307221,0,1.6291022898926011,-0.11983929540960159,0
5219.0000001224689,-133.1686195510556,-1832.5678374263225,0,1.6292081868330754,-0.11839092707497545,0
5220.0000000419095,-131.53935895225732,-1832.6855041302042,0,1.6293127960886511,-0.11694246516715834,0
5220.9999999613501,-129.90999438811559,-1832.8017223258503,0,1.6294161175766486,-0.11549391083097782,0
5221.9999998807907,-128.28052714635851,-1832.916491921409,0,1.6295181512154047,-0.11404526521133462,0
5223.0000001145527,-126.65095851500519,-1833.0298128262511,0,1.6296188969242751,-0.11259652945320153,0
5224.0000000339933,-125.02128978190012,-1833.1416849506786,0,1.6297183546236322,-0.1111477047016225,0
5224.9999999534339,-123.39152223512065,-1833.2521082063322,0,1.6298165242348679,-0.10969879210171207,0
5225.9999998728745,-121.76165716280229,-1833.3610825059586,0,1.6299134056803914,-0.10824979279865399,0
5227.0000001066364,-120.13169585313881,-1833.4686077634105,0,1.630008998883629,-0.10680070793770069,0
5228.000000026077,-118.50163959444035,-1833.5746838937048,0,1.6301033037690269,-0.10535153866417213,0
5228.9999999455176,-116.87148967507528,-1833.6793108130223,0,1.6301963202620495,-0.10390228612345498,0
5229.9999998649582,-115.24124738341197,-1833.7824884385918,0,1.6302880482891782,-0.10245295146100175,0
5231.0000000987202,-113.61091400799341,-1833.8842166889226,0,1.6303784877779139,-0.1010035358223299,0
5232.0000000181608,-111.9804908374208,-1833.9844954836299,0,1.6304676386567751,-0.099554040353020845,0
5232.9999999376014,-110.34997916023713,-1834.0833247434348,0,1.6305555008553005,-0.098104466198718931,0
5233.999999857042,-108.71938026527641,-1834.1807043901645,0,1.6306420743040437,-0.096654814505131137,0
5235.000000090804,-107.08869544125628,-1834.2766343469848,0,1.630727358934581,-0.095205086418025386,0
5236.0000000102445,-105.45792597706895,-1834.3711145379348,0,1.6308113546795049,-0.09375528308322989,0
5236.9999999296851,-103.82707316154847,-1834.4641448884504,0,1.6308940614724281,-0.092305405646632699,0
5237.9999998491257,-102.19613828376168,-1834.555725324899,0,1.6309754792479807,-0.09085545525418004,0
5239.0000000828877,-100.56512263277546,-1834.6458557749866,0,1.6310556079418115,-0.089405433051876093,0
5240.0000000023283,-98.934027497598436,-1834.734536167467,0,1.6311344474905889,-0.087955340185781661,0
5240.9999999217689,-97.302854167530313,-1834.8217664322001,0,1.6312119978320017,-0.0865051778020135,0
5242.0000001555309,-95.671603931696154,-1834.9075465002679,0,1.6312882589047546,-0.085054947046743212,0
5243.0000000749715,-94.040278079453856,-1834.9918763038586,0,1.6313632306485735,-0.083604649066196357,0
5243.9999999944121,-92.408877900219522,-1835.0747557763825,0,1.6314369130042019,-0.082154285006651784,0
5244.9999999138527,-90.777404683292843,-1835.1561848522397,0,1.6315093059134038,-0.080703856014440634,0
5246.0000001476146,-89.145859718206339,-1835.2361634671688,0,1.6315804093189614,-0.079253363235945118,0
5247.0000000670552,-87.514244294492528,-1835.31469155784,0,1.6316502231646761,-0.077802807817598185,0
5247.9999999864958,-85.882559701742139,-1835.391769062262,0,1.6317187473953689,-0.076352190905881856,0
5248.9999999059364,-84.250807229604106,-1835.4673959195497,0,1.6317859819568803,-0.074901513647327111,0
5250.0000001396984,-82.618988167727366,-1835.5415720698657,0,1.6318519267960703,-0.073450777188512673,0
5251.000000059139,-80.987103805935476,-1835.6142974545364,0,1.631916581860817,-0.071999982676063667,0
5251.9999999785796,-79.355155433935579,-1835.6855720162275,0,1.6319799471000183,-0.070549131256651521,0
5252.9999998980202,-77.723144341667648,-1835.7553956984775,0,1.632042022463593,-0.069098224076992287,0
5254.0000001317821,-76.09107181901345,-1835.8237684461637,0,1.6321028079024773,-0.067647262283846432,0
5255.0000000512227,-74.45893915585475,-1835.8906902052113,0,1.632162303368629,-0.066196247024017385,0
5255.9999999706633,-72.826747642247938,-1835.9561609227676,0,1.6322205088150237,-0.064745179444350764,0
5256.9999998901039,-71.194498568249401,-1836.0201805470861,0,1.6322774241956568,-0.063294060691733711,0
5258.0000001238659,-69.562193223915529,-1836.0827490274678,0,1.6323330494655444,-0.061842891913093778,0
5259.0000000433065,-67.929832899360918,-1836.1438663146109,0,1.632387384580722,-0.060391674255398042,0
5259.9999999627471,-66.29741888481658,-1836.2035323600867,0,1.6324404294982449,-0.058940408865651994,0
5260.9999998821877,-64.664952470455319,-1836.2617471168051,0,1.6324921841761859,-0.057489096890899316,0
5262.0000001159497,-63.032434946566354,-1836.3185105387238,0,1.6325426485736412,-0.056037739478220105,0
5263.0000000353903,-61.399867603438906,-1836.3738225809648,0,1.6325918226507237,-0.054586337774730431,0
5263.9999999548309,-59.767251731362194,-1836.4276831998723,0,1.6326397063685687,-0.053134892927581667,0
5264.9999998742715,-58.134588620800059,-1836.4800923528383,0,1.632686299689329,-0.051683406083958938,0
5266.0000001080334,-56.501879562158138,-1836.5310499984189,0,1.6327316025761782,-0.050231878391080564,0
5267.000000027474,-54.869125845842063,-1836.5805560963927,0,1.6327756149933119,-0.048780310996197618,0
5267.9999999469146,-53.236328762315679,-1836.6286106075859,0,1.6328183369059432,-0.047328705046591923,0
5268.9999998663552,-51.603489602217451,-1836.6752134940471,0,1.6328597682803045,-0.045877061689576171,0
5270.0000001001172,-49.970609655953012,-1836.7203647188726,0,1.6328999090836502,-0.04442538207249247,0
5271.0000000195578,-48.337690214219037,-1836.7640642464394,0,1.6329387592842544,-0.042973667342711686,0
5271.9999999389984,-46.704732567595784,-1836.8063120422303,0,1.6329763188514104,-0.041521918647632328,0
5272.999999858439,-45.071738006721716,-1836.8471080728341,0,1.6330125877554318,-0.040070137134679884,0
5274.0000000922009,-43.438707822293509,-1836.8864523059456,0,1.6330475659676535,-0.0386183239513056,0
5275.0000000116415,-41.805643305066042,-1836.92434471054,0,1.6330812534604298,-0.037166480244985922,0
5275.9999999310821,-40.17254574567778,-1836.9607852566405,0,1.6331136502071331,-0.03571460716322139,0
5276.9999998505227,-38.539416434883606,-1836.9957739154925,0,1.6331447561821597,-0.034262705853535635,0
5278.0000000842847,-36.906256663554814,-1837.0293106593308,0,1.6331745713609234,-0.032810777463474827,0
5279.0000000037253,-35.273067722446285,-1837.0613954617293,0,1.6332030957198587,-0.031358823140606229,0
5279.9999999231659,-33.639850902371109,-1837.0920282973675,0,1.6332303292364214,-0.029906844032517865,0
5281.0000001569279,-32.006607494258787,-1837.1212091419147,0,1.6332562718890868,-0.02845484128681719,0
5282.0000000763685,-30.37333878892241,-1837.1489379724371,0,1.6332809236573507,-0.027002816051130418,0
5282.999999995809,-28.740046077233274,-1837.1752147669322,0,1.6333042845217278,-0.025550769473101753,0
5283.9999999152496,-27.106730650179088,-1837.2000395046198,0,1.6333263544637555,-0.024098702700391716,0
5285.0000001490116,-25.47339379863115,-1837.2234121660003,0,1.633347133465989,-0.022646616880677262,0
5286.0000000684522,-23.840036813577171,-1837.2453327324474,0,1.6333666215120064,-0.02119451316165033,0
5286.9999999878928,-22.206660985946655,-1837.2658011867316,0,1.6333848185864048,-0.019742392691016852,0
5287.9999999073334,-20.573267606727313,-1837.2848175126128,0,1.6334017246748009,-0.018290256616496081,0
5289.0000001410954,-18.939857966906857,-1837.3023816951318,0,1.6334173397638334,-0.016838106085819482,0
5290.000000060536,-17.306433357531205,-1837.3184937203769,0,1.6334316638411592,-0.015385942246730289,0
5290.9999999799766,-15.672995069588069,-1837.3331535755424,0,1.6334446968954577,-0.013933766246981949,0
5291.9999998994172,-14.03954439406516,-1837.3463612491614,0,1.6334564389164279,-0.01248157923433757,0
5293.0000001331791,-12.406082622066606,-1837.3581167307566,0,1.6334668898947888,-0.011029382356568918,0
5294.0000000526197,-10.772611044638325,-1837.3684200110147,0,1.6334760498222807,-0.0095771767614558634,0
5294.9999999720603,-9.1391309527680278,-1837.3772710817284,0,1.6334839186916641,-0.0081249635967847178,0
5295.9999998915009,-7.50564363761805,-1837.3846699360292,0,1.633490496496719,-0.0066727440103480085,0
5297.0000001252629,-5.8721503901761025,-1837.3906165680382,0,1.6334957832322474,-0.0052205191499434811,0
5298.0000000447035,-4.2386525014881045,-1837.3951109729824,0,1.6334997788940695,-0.0037682901633727672,0
5298.9999999641441,-2.6051512627163902,-1837.3981531473692,0,1.6335024834790282,-0.0023160581984409401,0
5299.9999998835847,-0.97164796490687877,-1837.3997430887539,0,1.6335038969849858,-0.0008638244029554043,0
5301.0000001173466,0.66185610089451075,-1837.3998807959142,0,1.6335040194108243,0.00058841007527510314,0
5302.0000000367872,2.2953596435836516,-1837.3985662687337,0,1.6335028507564475,0.0020406440884411792,0
5302.9999999562278,3.9288613720564172,-1837.3957995082601,0,1.6335003910227797,0.0034928764887338648,0
5303.9999998756684,5.5623599952668883,-1837.3915805167053,0,1.6334966402117637,0.0049451061283454223,0
5305.0000001094304,7.1958542221109383,-1837.3859092973289,0,1.6334915983263647,0.0063973318594703343,0
5306.000000028871,8.8293427615426481,-1837.3787858546712,0,1.6334852653705676,0.0078495525343060812,0
5306.9999999483116,10.462824322457891,-1837.37021019432,0,1.6334776413493781,0.0093017670050543622,0
5307.9999998677522,12.096297613868956,-1837.3601823230856,0,1.6334687262688221,0.010753974123921428,0
5309.0000001015142,13.729761344671715,-1837.3487022489426,0,1.6334585201359455,0.012206172743119637,0
5310.0000000209548,15.36321422382025,-1837.3357699808548,0,1.6334470229588156,0.013658361714868006,0
5310.9999999403954,16.996654960268643,-1837.3213855290669,0,1.6334342347465183,0.015110539891393104,0
5311.999999859836,18.630082262970973,-1837.3055489050457,0,1.6334201555091621,0.01656270612493016,0
5313.0000000935979,20.263494840939529,-1837.2882601211895,0,1.6334047852578746,0.018014859267723615,0
5314.0000000130385,21.896891403128393,-1837.2695191912353,0,1.6333881240048029,0.01946699817202846,0
5314.9999999324791,23.53027065860806,-1837.2493261299678,0,1.6333701717631173,0.020919121690110898,0
5315.9999998519197,25.163631316332612,-1837.2276809533942,0,1.6333509285470065,0.022371228674249233,0
5317.0000000856817,26.796972085372545,-1837.204583678511,0,1.6333303943716795,0.02382331797673487,0
5318.0000000051223,28.430291674798355,-1837.1800343237119,0,1.6333085692533655,0.025275388449873204,0
5318.9999999245629,30.063588793564122,-1837.1540329082636,0,1.6332854532093153,0.026727438945984505,0
5319.9999998440035,31.696862150914967,-1837.1265794528299,0,1.633261046257799,0.02817946831740481,0
5321.0000000777654,33.33011045580497,-1837.097673979064,0,1.6332353484181072,0.029631475416486919,0
5321.999999997206,34.963332417421043,-1837.0673165098415,0,1.6332083597105509,0.031083459095601174,0
5322.9999999166466,36.596526744950097,-1837.0355070690857,0,1.6331800801564613,0.032535418207136346,0
5324.0000001504086,38.229692147462629,-1837.0022456820006,0,1.6331505097781895,0.033987351603500859,0
5325.0000000698492,39.862827334203757,-1836.9675323748379,0,1.633119648599108,0.035439258137123231,0
5325.9999999892898,41.495931014418602,-1836.9313671750133,0,1.6330874966436078,0.036891136660453294,0
5326.9999999087304,43.129001897235867,-1836.8937501112232,0,1.633054053937101,0.038342986025962977,0
5328.0000001424924,44.762038692017086,-1836.8546812130953,0,1.6330193205060204,0.039794805086147522,0
5329.000000061933,46.395040108065587,-1836.8141605115379,0,1.6329832963778181,0.041246592693525708,0
5329.9999999813735,48.02800485456828,-1836.7721880385652,0,1.6329459815809675,0.042698347700641404,0
5330.9999999008141,49.660931641003117,-1836.7287638273556,0,1.6329073761449595,0.044150068960064348,0
5332.0000001345761,51.293819176673423,-1836.6838879123097,0,1.6328674801003087,0.045601755324390592,0
5333.0000000540167,52.926666170998942,-1836.6375603287597,0,1.6328262934785465,0.047053405646244162,0
5333.9999999734573,54.559471333457623,-1836.5897811133764,0,1.632783816312227,0.048505018778277287,0
5334.9999998928979,56.192233373469207,-1836.5405503039947,0,1.6327400486349219,0.049956593573171726,0
5336.0000001266599,57.824951000569854,-1836.4898679393809,0,1.6326949904812254,0.051408128883639659,0
5337.0000000461005,59.45762292429572,-1836.4377340597566,0,1.6326486418867492,0.05285962356242413,0
5337.9999999655411,61.090247854182962,-1836.3841487062164,0,1.6326010028881266,0.0543110764623006,0
5338.9999998849817,62.722824499942362,-1836.3291119211353,0,1.6325520735230095,0.055762486436077507,0
5340.0000001187436,64.355351571110077,-1836.2726237479947,0,1.6325018538300711,0.057213852336597038,0
5341.0000000381842,65.987827777513303,-1836.214684231556,0,1.6324503438490039,0.058665173016736349,0
5341.9999999576248,67.620251828746404,-1836.1552934174542,0,1.6323975436205203,0.060116447329408351,0
5342.9999998770654,69.252622434636578,-1836.0944513527211,0,1.6323434531863512,0.061567674127562699,0
5344.0000001108274,70.884938305069227,-1836.0321580854361,0,1.6322880725892492,0.063018852264186243,0
5345.000000030268,72.517198149813339,-1835.9684136647847,0,1.6322314018729853,0.064469980592304688,0
5345.9999999497086,74.149400678754319,-1835.9032181412331,0,1.6321734410823505,0.065921057964982932,0
5346.9999998691492,75.781544601952191,-1835.8365715662367,0,1.6321141902631562,0.067372083235326063,0
5348.0000001029111,77.413628629292361,-1835.7684739924734,0,1.6320536494622324,0.068823055256480581,0
5349.0000000223517,79.045651470893063,-1835.6989254738437,0,1.6319918187274287,0.070273972881634839,0
5349.9999999417923,80.677611836814322,-1835.6279260652373,0,1.6319286981076151,0.071724834964020379,0
5350.9999998612329,82.309508437174372,-1835.5554758228245,0,1.6318642876526801,0.073175640356912486,0
5352.0000000949949,83.941339982207865,-1835.4815748038236,0,1.6317985874135321,0.074626387913631298,0
5353.0000000144355,85.57310518209124,-1835.4062230666168,0,1.6317315974420983,0.076077076487542694,0
5353.9999999338761,87.204802747175563,-1835.329420670867,0,1.631663317791328,0.077527704932059183,0
5354.9999998533167,88.836431387811899,-1835.2511676772265,0,1.631593748515185,0.07897827210064079,0
5356.0000000870787,90.467989814351313,-1835.1714641474537,0,1.6315228896686573,0.080428776846795835,0
5357.0000000065193,92.099476737319492,-1835.0903101447038,0,1.631450741307749,0.081879218024082268,0
5357.9999999259599,93.730890867125709,-1835.0077057330054,0,1.6313773034894847,0.083329594486107994,0
5358.9999998454005,95.362230914470274,-1834.9236509776674,0,1.6313025762719073,0.084779905086532215,0
5360.0000000791624,96.993495589937083,-1834.838145945163,0,1.6312265597140798,0.086230148679066199,0
5360.999999998603,98.62468360416824,-1834.751190703013,0,1.6311492538760828,0.087680324117474062,0
5361.9999999180436,100.25579366792226,-1834.6627853200189,0,1.6310706588190182,0.089130430255573767,0
5363.0000001518056,101.88682449207408,-1834.5729298660299,0,1.6309907746050043,0.090580465947238453,0
5364.0000000712462,103.51777478744043,-1834.4816244120011,0,1.63090960129718,0.092030430046396217,0
5364.9999999906868,105.14864326495444,-1834.3888690301683,0,1.6308271389597033,0.093480321407032441,0
5365.9999999101274,106.77942863572389,-1834.2946637938148,0,1.6307433876577497,0.094930138883189685,0
5367.0000001438893,108.41012961068191,-1834.1990087773884,0,1.6306583474575143,0.096379881328968797,0
5368.0000000633299,110.04074490099447,-1834.1019040565589,0,1.6305720184262107,0.097829547598530131,0
5368.9999999827705,111.67127321794396,-1834.0033497079858,0,1.6304844006320707,0.099279136546094215,0
5369.9999999022111,113.30171327269636,-1833.9033458096092,0,1.6303954941443459,0.10072864702594253,0
5371.0000001359731,114.93206377665047,-1833.8018924404751,0,1.6303052990333051,0.10217807789241873,0
5372.0000000554137,116.56232344126329,-1833.6989896807354,0,1.630213815370237,0.10362742799992952,0
5372.9999999748543,118.19249097793363,-1833.5946376117645,0,1.6301210432274478,0.10507669620294513,0
5373.9999998942949,119.82256509823492,-1833.4888363160426,0,1.6300269826782614,0.10652588135600061,0
5375.0000001280569,121.45254451385699,-1833.3815858770977,0,1.629931633797022,0.10797498231369684,0
5376.0000000474975,123.08242793643149,-1833.2728863798548,0,1.6298349966590902,0.10942399793070101,0
5376.999999966938,124.71221407776466,-1833.1627379101119,0,1.6297370713408461,0.11087292706174789,0
5377.9999998863786,126.34190164972097,-1833.0511405549478,0,1.6296378579196866,0.11232176856164078,0
5379.0000001201406,127.9714893642813,-1832.938094402547,0,1.6295373564740279,0.11377052128525167,0
5380.0000000395812,129.60097593336832,-1832.8235995423165,0,1.6294355670833036,0.11521918408752341,0
5380.9999999590218,131.23036006913753,-1832.7076560647693,0,1.6293324898279664,0.11666775582346955,0
5381.9999998784624,132.85964048374444,-1832.5902640614077,0,1.6292281247894846,0.1181162353481755,0
5383.0000001122244,134.48881588946097,-1832.4714236251893,0,1.6291224720503465,0.11956462151679992,0
5384.000000031665,136.11788499867544,-1832.3511348498869,0,1.6290155316940571,0.12101291318457497,0
5384.9999999511056,137.74684652371798,-1832.2293978306698,0,1.6289073038051398,0.12246110920680753,0
5385.9999998705462,139.37569917709334,-1832.1062126637553,0,1.6287977884691347,0.1239092084388802,0
5387.0000001043081,141.00444167148089,-1831.9815794464666,0,1.6286869857725998,0.12535720973625197,0
5388.0000000237487,142.63307271956,-1831.8554982772912,0,1.6285748958031112,0.12680511195445943,0
5388.9999999431893,144.26159103406826,-1831.7279692559387,0,1.6284615186492615,0.12825291394911698,0
5389.9999998626299,145.88999532785965,-1831.5989924831665,0,1.6283468544006614,0.12970061457591897,0
5391.0000000963919,147.51828431384638,-1831.4685680609546,0,1.6282309031479389,0.13114821269063925,0
5392.0000000158325,149.14645670517348,-1831.3366960923304,0,1.6281136649827384,0.13259570714913305,0
5392.9999999352731,150.77451121486956,-1831.2033766816021,0,1.6279951399977222,0.13404309680733739,0
5393.9999998547137,152.40244655625429,-1831.0686099340674,0,1.6278753282865701,0.13549038052127216,0
5395.0000000884756,154.03026144258911,-1830.9323959562462,0,1.6277542299439776,0.1369375571470407,0
5396.0000000079162,155.65795458731009,-1830.7947348558228,0,1.6276318450656575,0.13838462554083153,0
5396.9999999273568,157.28552470391151,-1830.6556267416454,0,1.6275081737483394,0.13983158455891842,0
5397.9999998467974,158.91297050600406,-1830.515071723552,0,1.6273832160897714,0.14127843305766141,0
5399.0000000805594,160.54029070731485,-1830.3730699127191,0,1.6272569721887153,0.14272516989350836,0
5400,162.16748402168741,-1830.2296214213711,0,1.6271294421449523,0.14417179392299473,0
5400.9999999194406,163.79454916290706,-1830.0847263628966,0,1.6270006260592784,0.14561830400274589,0
5402.0000001532026,165.42148484516656,-1829.9383848517318,0,1.6268705240335066,0.14706469898947661,0
5403.0000000726432,167.04828978236765,-1829.7905970036518,0,1.6267391361704662,0.14851097773999322,0
5403.9999999920838,168.67496268887771,-1829.6413629353628,0,1.6266064625740033,0.14995713911119335,0
5404.9999999115244,170.30150227900594,-1829.4906827649102,0,1.6264725033489791,0.15140318196006775,0
5406.0000001452863,171.92790726711974,-1829.3385566113284,0,1.6263372586012717,0.15284910514370065,0
5407.0000000647269,173.55417636770289,-1829.1849845949328,0,1.6262007284377751,0.15429490751927133,0
5407.9999999841675,175.18030829553027,-1829.0299668369698,0,1.6260629129663999,0.15574058794405377,0
5408.9999999036081,176.80630176526029,-1828.8735034600249,0,1.6259238122960715,0.15718614527541908,0
5410.0000001373701,178.43215549178421,-1828.7155945878476,0,1.625783426536731,0.1586315783708353,0
5411.0000000568107,180.05786818999331,-1828.5562403451186,0,1.6256417557993368,0.16007688608786863,0
5411.9999999762513,181.68343857506989,-1828.3954408577993,0,1.6254988001958615,0.16152206728418439,0
5412.9999998956919,183.30886536213802,-1828.2331962530734,0,1.6253545598392929,0.16296712081754805,0
5414.0000001294538,184.93414726655465,-1828.0695066591143,0,1.6252090348436359,0.164412045545826,0
5415.0000000488944,186.55928300367668,-1827.9043722053175,0,1.6250622253239086,0.16585684032698611,0
5415.999999968335,188.18427128903568,-1827.7377930221846,0,1.6249141313961468,0.16730150401909916,0
5416.9999998877756,189.8091108383378,-1827.5697692413232,0,1.6247647531774001,0.16874603548033973,0
5418.0000001215376,191.43380036734743,-1827.4003009956796,0,1.6246140907857327,0.17019043356898667,0
5419.0000000409782,193.05833859188715,-1827.2293884190731,0,1.6244621443402241,0.17163469714342428,0
5419.9999999604188,194.68272422807058,-1827.0570316466037,0,1.6243089139609701,0.17307882506214312,0
5420.9999998798594,196.30695599189494,-1826.8832308145356,0,1.6241543997690782,0.17452281618374121,0
5422.0000001136214,197.93103259970667,-1826.7079860601807,0,1.6239986018866741,0.1759666693669244,0
5423.000000033062,199.55495276779402,-1826.5312975221314,0,1.6238415204368959,0.17741038347050775,0
5423.9999999525025,201.17871521273628,-1826.3531653400278,0,1.6236831555438971,0.17885395735341625,0
5424.9999998719431,202.80231865111273,-1826.1735896545579,0,1.6235235073328449,0.18029738987468547,0
5426.0000001057051,204.42576179967728,-1825.9925706077483,0,1.6233625759299217,0.18174067989346304,0
5427.0000000251457,206.04904337530024,-1825.8101083426736,0,1.6232003614623229,0.18318382626900909,0
5427.9999999445863,207.67216209496837,-1825.6262030034559,0,1.6230368640582593,0.18462682786069717,0
5428.9999998640269,209.29511667578481,-1825.4408547355561,0,1.622872083846955,0.18606968352801534,0
5430.0000000977889,210.91790583508555,-1825.2540636854246,0,1.6227060209586481,0.18751239213056714,0
5431.0000000172295,212.54052829020657,-1825.0658300007344,0,1.6225386755245901,0.18895495252807221,0
5431.9999999366701,214.16298275865847,-1824.8761538301478,0,1.6223700476770473,0.19039736358036724,0
5432.9999998561107,215.7852679581265,-1824.6850353237242,0,1.622200137549298,0.19183962414740718,0
5434.0000000898726,217.40738260641228,-1824.4924746323959,0,1.6220289452756358,0.19328173308926566,0
5435.0000000093132,219.02932542137569,-1824.2984719084343,0,1.6218564709913665,0.19472368926613637,0
5435.9999999287538,220.65109512110939,-1824.1030273051583,0,1.6216827148328092,0.19616549153833363,0
5436.9999998481944,222.27269042376429,-1823.9061409770511,0,1.6215076769372967,0.19760713876629349,0
5438.0000000819564,223.89411004778231,-1823.7078130797017,0,1.6213313574431742,0.19904862981057442,0
5439.000000001397,225.51535271148896,-1823.5080437698634,0,1.6211537564897993,0.20048996353185844,0
5439.9999999208376,227.13641713361721,-1823.3068332054536,0,1.6209748742175447,0.20193113879095181,0
5441.0000001545995,228.75730203290004,-1823.1041815454955,0,1.6207947107677938,0.20337215444878615,0
5442.0000000740401,230.37800612812862,-1822.9000889501767,0,1.6206132662829436,0.20481300936641916,0
5442.9999999934807,231.99852813850157,-1822.6945555807324,0,1.6204305409064026,0.2062537024050356,0
5443.9999999129213,233.6188667830429,-1822.4875815996784,0,1.6202465347825925,0.2076942324259482,0
5445.0000001466833,235.23902078118408,-1822.2791671705781,0,1.6200612480569474,0.20913459829059844,0
5446.0000000661239,236.85898885235656,-1822.0693124582176,0,1.6198746808759132,0.21057479886055763,0
5446.9999999855645,238.47876971616643,-1821.8580176283722,0,1.6196868333869476,0.21201483299752782,0
5447.9999999050051,240.09836209239438,-1821.6452828480396,0,1.6194977057385205,0.21345469956334234,0
5449.0000001387671,241.71776470099576,-1821.4311082854401,0,1.6193072980801149,0.21489439741996719,0
5450.0000000582077,243.33697626192588,-1821.2154941098415,0,1.6191156105622224,0.21633392542950158,0
5450.9999999776483,244.95599549554754,-1820.9984404916177,0,1.6189226433363482,0.21777328245417915,0
5451.9999998970889,246.5748211221071,-1820.7799476023065,0,1.6187283965550092,0.21921246735636835,0
5453.0000001308508,248.19345186214196,-1820.5600156146102,0,1.6185328703717337,0.22065147899857401,0
5454.0000000502914,249.81188643642236,-1820.3386447024532,0,1.6183360649410594,0.22209031624343778,0
5454.999999969732,251.43012356566032,-1820.1158350406913,0,1.618137980418537,0.22352897795373911,0
5455.9999998891726,253.04816197097534,-1819.8915868054028,0,1.6179386169607275,0.22496746299239612,0
5457.0000001229346,254.66600037337048,-1819.6659001739463,0,1.6177379747252028,0.22640577022246677,0
5458.0000000423752,256.28363749419805,-1819.4387753246119,0,1.6175360538705448,0.22784389850714948,0
5458.9999999618158,257.90107205492677,-1819.2102124369703,0,1.6173328545563477,0.22928184670978391,0
5459.9999998812564,259.51830277720001,-1818.9802116916399,0,1.6171283769432141,0.23071961369385235,0
5461.0000001150183,261.13532838277752,-1818.7487732703448,0,1.6169226211927585,0.2321571983229801,0
5462.0000000344589,262.75214759359369,-1818.5158973561483,0,1.6167155874676047,0.23359459946093675,0
5462.9999999538995,264.36875913175754,-1818.2815841329866,0,1.616507275931387,0.2350318159716368,0
5463.9999998733401,265.98516171955271,-1818.0458337861346,0,1.61629768674875,0.23646884671914065,0
5465.0000001071021,267.60135407943744,-1817.8086465018569,0,1.6160868200853473,0.23790569056765565,0
5466.0000000265427,269.21733493398642,-1817.5700224676402,0,1.6158746761078426,0.23934234638153673,0
5466.9999999459833,270.83310300594894,-1817.3299618721358,0,1.6156612549839093,0.24077881302528764,0
5467.9999998654239,272.44865701830713,-1817.0884649050422,0,1.6154465568822296,0.24221508936356145,0
5469.0000000991859,274.06399569410132,-1816.8455317572225,0,1.6152305819724959,0.24365117426116167,0
5470.0000000186265,275.67911775666289,-1816.6011626207037,0,1.6150133304254091,0.24508706658304324,0
5470.999999938067,277.29402192949783,-1816.3553576886188,0,1.6147948024126788,0.24652276519431315,0
5471.9999998575076,278.90870693605393,-1816.1081171552651,0,1.6145749981070256,0.24795826896023165,0
5473.0000000912696,280.52317150030285,-1815.8594412160455,0,1.614353917682176,0.24939357674621276,0
5474.0000000107102,282.13741434615804,-1815.6093300674693,0,1.6141315613128666,0.25082868741782571,0
5474.9999999301508,283.75143419770757,-1815.3577839072677,0,1.6139079291748422,0.25226359984079533,0
5475.9999998495914,285.36522977927234,-1815.1048029342783,0,1.6136830214448556,0.25369831288100314,0
5477.0000000833534,286.97879981540609,-1814.8503873483278,0,1.6134568383006687,0.25513282540448823,0
5478.000000002794,288.59214303077897,-1814.5945373506402,0,1.6132293799210506,0.25656713627744837,0
5478.9999999222346,290.20525815023575,-1814.3372531433706,0,1.6130006464857796,0.2580012443662405,0
5480.0000001559965,291.81814389879582,-1814.0785349298967,0,1.6127706381756393,0.25943514853738192,0
5481.0000000754371,293.43079900171142,-1813.8183829146437,0,1.6125393551724239,0.26086884765755092,0
5481.9999999948777,295.04322218435118,-1813.5567973033176,0,1.6123067976589325,0.26230234059358831,0
5482.9999999143183,296.65541217225837,-1813.2937783026136,0,1.6120729658189732,0.2637356262124973,0
5484.0000001480803,298.26736769126728,-1813.0293261203915,0,1.6118378598373608,0.26516870338144533,0
5485.0000000675209,299.87908746727044,-1812.7634409656748,0,1.6116014798999168,0.26660157096776443,0
5485.9999999869615,301.49057022645138,-1812.4961230486515,0,1.61136382619347,0.26803422783895253,0
5486.9999999064021,303.10181469511008,-1812.2273725806153,0,1.6111248989058566,0.26946667286267378,0
5488.000000140164,304.71281959983753,-1811.9571897739661,0,1.6108846982259175,0.27089890490675983,0
5489.0000000596046,306.32358366716653,-1811.6855748422095,0,1.6106432243435025,0.27233092283921084,0
5489.9999999790452,307.93410562415374,-1811.4125280000153,0,1.6104004774494651,0.27376272552819603,0
5490.9999998984858,309.54438419779763,-1811.1380494632758,0,1.6101564577356671,0.27519431184205478,0
5492.0000001322478,311.15441811544588,-1810.8621394488146,0,1.6099111653949754,0.27662568064929771,0
5493.0000000516884,312.7642061044462,-1810.584798174852,0,1.6096646006212629,0.27805683081860699,0
5493.999999971129,314.37374689261196,-1810.3060258604237,0,1.6094167636094077,0.27948776121883795,0
5494.9999998905696,315.9830392076401,-1810.0258227260201,0,1.6091676545552946,0.28091847071901926,0
5496.0000001243316,317.59208177775145,-1809.7441889930051,0,1.6089172736558128,0.28234895818835432,0
5497.0000000437722,319.2008733311086,-1809.4611248840229,0,1.608665621108857,0.28377922249622212,0
5497.9999999632128,320.8094125961652,-1809.1766306228237,0,1.608412697113327,0.28520926251217804,0
5498.9999998826534,322.41769830154954,-1808.8907064341474,0,1.6081585018691271,0.28663907710595454,0
5500.0000001164153,324.0257291761809,-1808.6033525440725,0,1.6079030355771675,0.28806866514746254,0
5501.0000000358559,325.63350394909503,-1808.3145691797254,0,1.607646298439362,0.28949802550679166,0
5501.9999999552965,327.24102134956047,-1808.0243565693381,0,1.607388290658629,0.29092715705421185,0
5502.9999998747371,328.84828010696219,-1807.7327149423072,0,1.6071290124388913,0.29235605866017356,0
5504.0000001084991,330.45527895097621,-1807.4396445290768,0,1.6068684639850761,0.29378472919530912,0
5505.0000000279397,332.06201661156956,-1807.1451455613133,0,1.6066066455031143,0.29521316753043358,0
5505.9999999473803,333.6684918187093,-1806.8492182717891,0,1.6063435571999403,0.29664137253654554,0
5506.9999998668209,335.27470330276992,-1806.5518628943828,0,1.6060791992834922,0.29806934308482769,0
5508.0000001005828,336.88064979418414,-1806.2530796641367,0,1.6058135719627127,0.29949707804664849,0
5509.0000000200234,338.48633002361748,-1805.9528688171995,0,1.6055466754475463,0.30092457629356234,0
5509.999999939464,340.09174272208475,-1805.6512305908254,0,1.6052785099489411,0.30235183669731075,0
5510.9999998589046,341.69688662060071,-1805.3481652234332,0,1.6050090756788489,0.30377885812982314,0
5512.0000000926666,343.30176045058761,-1805.0436729546054,0,1.6047383728502231,0.30520563946321805,0
5513.0000000121072,344.90636294352589,-1804.7377540249145,0,1.6044664016770209,0.30663217956980349,0
5513.9999999315478,346.51069283118704,-1804.4304086762713,0,1.6041931623742012,0.30805847732207842,0
5514.9999998509884,348.11474884563359,-1804.1216371514602,0,1.6039186551577249,0.30948453159273326,0
5516.0000000847504,349.71852971898625,-1803.8114396946039,0,1.6036428802445566,0.31091034125465061,0
5517.000000004191,351.3220341836568,-1803.4998165508732,0,1.6033658378526612,0.31233590518090687,0
5517.9999999236315,352.92526097223163,-1803.1867679665447,0,1.6030875282010055,0.31376122224477215,0
5518.9999998430721,354.52820881770458,-1802.8722941890592,0,1.602807951509559,0.3151862913197121,0
5520.0000000768341,356.1308764530113,-1802.5563954669051,0,1.6025271079992929,0.31661111127938818,0
5520.9999999962747,357.73326261149487,-1802.2390720499097,0,1.6022449978921776,0.31803568099765883,0
5521.9999999157153,359.335366026673,-1801.9203241887153,0,1.601961621411186,0.31945999934858005,0
5523.0000001494773,360.93718543223804,-1801.600152135361,0,1.6016769787802914,0.32088406520640672,0
5524.0000000689179,362.53871956223156,-1801.2785561428173,0,1.6013910702244689,0.3223078774455933,0
5524.9999999883585,364.13996715081157,-1800.9555364653934,0,1.6011038959696928,0.32373143494079476,0
5525.9999999077991,365.74092693236889,-1800.6310933582718,0,1.6008154562429389,0.32515473656686711,0
5527.000000141561,367.34159764152719,-1800.3052270779153,0,1.600525751272182,0.32657778119886888,0
5528.0000000610016,368.94197801325936,-1799.977937881893,0,1.600234781286398,0.32800056771206149,0
5528.9999999804422,370.54206678253831,-1799.6492260288796,0,1.5999425465155621,0.32942309498191064,0
5529.9999998998828,372.14186268474441,-1799.3190917787142,0,1.599649047190649,0.33084536188408681,0
5531.0000001336448,373.74136445543263,-1798.9875353922835,0,1.5993542835436334,0.33226736729446626,0
5532.0000000530854,375.340570830449,-1798.6545571316965,0,1.5990582558074897,0.33368911008913194,0
5532.999999972526,376.93948054581415,-1798.3201572600519,0,1.5987609642161895,0.33511058914437419,0
5533.9999998919666,378.53809233766515,-1797.9843360416708,0,1.5984624090047046,0.33653180333669208,0
5535.0000001257285,380.13640494266292,-1797.6470937420381,0,1.5981625904090067,0.33795275154279386,0
5536.0000000451691,381.73441709746839,-1797.3084306276287,0,1.5978615086660635,0.33937343263959813,0
5536.9999999646097,383.33212753903354,-1796.9683469661395,0,1.5975591640138438,0.34079384550423442,0
5537.9999998840503,384.92953500460135,-1796.6268430263735,0,1.5972555566913118,0.34221398901404426,0
5539.0000001178123,386.52663823158946,-1796.2839190782979,0,1.5969506869384316,0.34363386204658231,0
5540.0000000372529,388.12343595776474,-1795.9395753928111,0,1.5966445549961645,0.34505346347961691,0
5540.9999999566935,389.71992692095228,-1795.5938122422085,0,1.5963371611064696,0.34647279219113108,0
5541.9999998761341,391.3161098593846,-1795.2466298997169,0,1.5960285055123027,0.34789184705932324,0
5543.0000001098961,392.91198351146886,-1794.8980286397855,0,1.5957185884576184,0.34931062696260839,0
5544.0000000293367,394.50754661590327,-1794.5480087378528,0,1.5954074101873665,0.35072913077961876,0
5544.9999999487773,396.10279791156063,-1794.1965704706381,0,1.5950949709474946,0.352147357389205,0
5545.9999998682179,397.6977361375466,-1793.8437141158502,0,1.594781270984946,0.35356530567043648,0
5547.0000001019798,399.29236003337428,-1793.4894399524201,0,1.5944663105476631,0.35498297450260297,0
5548.0000000214204,400.88666833855677,-1793.1337482603849,0,1.5941500898845802,0.35640036276521492,0
5548.999999940861,402.48065979313105,-1792.7766393207712,0,1.5938326092456325,0.35781746933800446,0
5549.9999998603016,404.07433313713409,-1792.4181134159444,0,1.5935138688817472,0.35923429310092647,0
5551.0000000940636,405.66768711106852,-1792.0581708292011,0,1.5931938690448488,0.36065083293415928,0
5552.0000000135042,407.26072045549517,-1791.6968118451186,0,1.5928726099878574,0.36206708771810575,0
5552.9999999329448,408.85343191138236,-1791.3340367492056,0,1.592550091964688,0.36348305633339378,0
5553.9999998523854,410.44582021987299,-1790.9698458281928,0,1.59222631523025,0.36489873766087794,0
5555.0000000861473,412.0378841223428,-1790.6042393699754,0,1.5919012800404497,0.36631413058163931,0
5556.0000000055879,413.62962236057501,-1790.2372176635545,0,1.5915749866521853,0.3677292339769872,0
5556.9999999250285,415.22103367635282,-1789.8687809989206,0,1.5912474353233517,0.36914404672845985,0
5557.9999998444691,416.81211681198329,-1789.4989296673448,0,1.5909186263128365,0.37055856771782497,0
5559.0000000782311,418.4028705098317,-1789.1276639610878,0,1.5905885598805225,0.3719727958270812,0
5559.9999999976717,419.99329351267079,-1788.7549841736909,0,1.590257236287286,0.37338672993845795,0
5560.9999999171123,421.58338456344791,-1788.3808905996266,0,1.5899246557949966,0.37480036893441787,0
5562.0000001508743,423.17314240540145,-1788.0053835345316,0,1.5895908186665166,0.37621371169765644,0
5563.0000000703149,424.76256578200264,-1787.6284632753232,0,1.5892557251657038,0.37762675711110338,0
5563.9999999897555,426.35165343701374,-1787.2501301198499,0,1.5889193755574067,0.37903950405792325,0
5564.999999909196,427.94040411448805,-1786.8703843670664,0,1.5885817701074683,0.38045195142151678,0
5566.000000142958,429.5288165587117,-1786.4892263172078,0,1.5882429090827235,0.38186409808552119,0
5567.0000000623986,431.11688951420365,-1786.1066562714987,0,1.5879027927509983,0.38327594293381162,0
5567.9999999818392,432.70462172589032,-1785.7226745323278,0,1.5875614213811127,0.38468748485050158,0
5568.9999999012798,434.29201193869812,-1785.3372814031318,0,1.5872187952428776,0.38609872271994411,0
5570.0000001350418,435.87905889819376,-1784.9504771886277,0,1.5868749146070968,0.38750965542673255,0
5571.0000000544824,437.46576134988572,-1784.5622621944058,0,1.5865297797455644,0.38892028185570138,0
5571.999999973923,439.05211803968996,-1784.1726367273368,0,1.5861833909310659,0.39033060089192717,0
5572.9999998933636,440.63812771381345,-1783.7816010954557,0,1.5858357484373793,0.39174061142072952,0
5574.0000001271255,442.22378911875421,-1783.3891556077288,0,1.5854868525392716,0.39315031232767184,0
5575.0000000465661,443.8091010011849,-1782.9953005743446,0,1.5851367035125015,0.3945597024985622,0
5575.9999999660067,445.39406210818561,-1782.600036306656,0,1.5847853016338171,0.39596878081945419,0
5576.9999998854473,446.97867118695285,-1782.2033631170634,0,1.5844326471809591,0.39737754617664806,0
5578.0000001192093,448.5629269850906,-1781.8052813190152,0,1.584078740432656,0.39878599745669135,0
5579.0000000386499,450.14682825049385,-1781.4057912271819,0,1.5837235816686264,0.40019413354637995,0
5579.9999999580905,451.73037373117404,-1781.0048931573401,0,1.5833671711695789,0.40160195333275861,0
5580.9999998775311,453.31356217566645,-1780.6025874263141,0,1.5830095092172112,0.40300945570312219,0
5582.000000111293,454.89639233256457,-1780.1988743521506,0,1.5826505960942105,0.4044166395450165,0
5583.0000000307336,456.47886295086937,-1779.7937542537693,0,1.5822904320842532,0.40582350374623904,0
5583.9999999501742,458.06097277987283,-1779.3872274515452,0,1.5819290174720027,0.40723004719484002,0
5584.9999998696148,459.64272056904156,-1778.9792942666681,0,1.581566352543113,0.40863626877912301,0
5586.0000001033768,461.22410506830784,-1778.5699550216668,0,1.5812024375842246,0.41004216738764615,0
5587.0000000228174,462.80512502766214,-1778.159210039943,0,1.5808372728829667,0.41144774190922279,0
5587.999999942258,464.38577919756062,-1777.7470596462372,0,1.5804708587279563,0.41285299123292241,0
5588.9999998616986,465.96606632869225,-1777.3335041662795,0,1.5801031954087978,0.41425791424807162,0
5590.0000000954606,467.54598517209524,-1776.9185439269058,0,1.5797342832160832,0.41566250984425474,0
5591.0000000149012,469.12553447892424,-1776.5021792560583,0,1.5793641224413921,0.417066776911315,0
5591.9999999343418,470.70471300085774,-1776.0844104829594,0,1.5789927133772883,0.41847071433935529,0
5592.9999998537824,472.28351948969066,-1775.6652379376465,0,1.5786200563173254,0.41987432101873901,0
5594.0000000875443,473.86195269762538,-1775.2446619514958,0,1.578246151556042,0.42127759584009083,0
5595.0000000069849,475.4400113770389,-1774.8226828569314,0,1.5778709993889626,0.42268053769429798,0
5595.9999999264255,477.01769428065745,-1774.399300987483,0,1.5774946001125987,0.42408314547251069,0
5596.9999998458661,478.59500016161473,-1773.9745166777284,0,1.5771169540244463,0.42548541806614348,0
5598.0000000796281,480.17192777321907,-1773.5483302634675,0,1.5767380614229873,0.42688735436687547,0
5598.9999999990687,481.74847586906981,-1773.1207420814899,0,1.5763579226076883,0.42828895326665162,0
5599.9999999185093,483.32464320311556,-1772.6917524697492,0,1.5759765378790029,0.42969021365768373,0
5601.0000001522712,484.90042852965416,-1772.2613617673633,0,1.5755939075383658,0.43109113443245117,0
5602.0000000717118,486.47583060309989,-1771.8295703144395,0,1.5752100318882007,0.43249171448370155,0
5602.9999999911524,488.05084817839088,-1771.3963784523658,0,1.5748249112319113,0.43389195270445169,0
5603.999999910593,489.62548001069808,-1770.9617865233449,0,1.5744385458738877,0.43529184798798892,0
5605.000000144355,491.19972485536709,-1770.525794871035,0,1.5740509361195036,0.43669139922787142,0
5606.0000000637956,492.77358146820916,-1770.0884038399672,0,1.5736620822751157,0.43809060531792937,0
5606.9999999832362,494.34704860532656,-1769.6496137758368,0,1.5732719846480649,0.43948946515226567,0
5607.9999999026768,495.92012502299622,-1769.2094250254449,0,1.5728806435466738,0.44088797762525689,0
5609.0000001364388,497.4928094780189,-1768.7678379367571,0,1.5724880592802482,0.44228614163155433,0
5610.0000000558794,499.0651007273118,-1768.3248528587283,0,1.5720942321590774,0.44368395606608446,0
5610.99999997532,500.63699752814136,-1767.8804701414774,0,1.5716991624944323,0.44508141982405014,0
5611.9999998947605,502.20849863818148,-1767.434690136346,0,1.5713028505985658,0.44647853180093144,0
5613.0000001285225,503.77960281539708,-1766.9875131954905,0,1.570905296784713,0.44787529089248634,0
5614.0000000479631,505.35030881792773,-1766.5389396725222,0,1.57050650136709,0.44927169599475192,0
5614.9999999674037,506.92061540437862,-1766.0889699218678,0,1.5701064646608947,0.45066774600404491,0
5615.9999998868443,508.49052133358782,-1765.6376042992342,0,1.5697051869823067,0.45206343981696268,0
5617.0000001206063,510.06002536474261,-1765.1848431613762,0,1.5693026686484848,0.45345877633038428,0
5618.0000000400469,511.62912625743775,-1764.730686866038,0,1.5688989099775696,0.45485375444147103,0
5618.9999999594875,513.19782277138438,-1764.2751357723027,0,1.5684939112886813,0.45624837304766752,0
5619.9999998789281,514.76611366675934,-1763.8181902401848,0,1.5680876729019215,0.4576426310467025,0
5621.00000011269,516.33399770403048,-1763.3598506308044,0,1.5676801951383694,0.45903652733658984,0
5622.0000000321306,517.90147364401491,-1762.9001173064462,0,1.5672714783200865,0.46043006081562904,0
5622.9999999515712,519.46854024776258,-1762.4389906304423,0,1.5668615227701119,0.46182323038240664,0
5623.9999998710118,521.03519627678907,-1761.9764709673473,0,1.5664503288124638,0.46321603493579672,0
5625.0000001047738,522.6014404927264,-1761.5125586826471,0,1.5660378967721393,0.46460847337496169,0
5626.0000000242144,524.16727165773045,-1761.0472541429917,0,1.5656242269751148,0.46600054459935364,0
5626.999999943655,525.73268853418995,-1760.5805577161955,0,1.5652093197483437,0.46739224750871461,0
5627.9999998630956,527.29768988484284,-1760.1124697711202,0,1.5647931754197593,0.46878358100307799,0
5629.0000000968575,528.86227447277633,-1759.6429906776757,0,1.5643757943182708,0.47017454398276881,0
5630.0000000162981,530.42644106136868,-1759.1721208069939,0,1.5639571767737657,0.47156513534840533,0
5630.9999999357387,531.99018841428915,-1758.6998605312547,0,1.5635373231171084,0.47295535400089928,0
5631.9999998551793,533.5535152956727,-1758.2262102236273,0,1.5631162336801414,0.47434519884145693,0
5633.0000000889413,535.11642046982888,-1757.7511702585034,0,1.5626939087956824,0.47573466877158027,0
5634.0000000083819,536.67890270153293,-1757.2747410114389,0,1.5622703487975269,0.4771237626930675,0
5634.9999999278225,538.24096075585112,-1756.7969228588627,0,1.5618455540204452,0.47851247950801379,0
5635.9999998472631,539.80259339808254,-1756.3177161784843,0,1.5614195248001841,0.47990081811881258,0
5637.0000000810251,541.36379939405015,-1755.8371213490609,0,1.5609922614734679,0.48128877742815623,0
5638.0000000004657,542.92457750980975,-1755.3551387503976,0,1.5605637643779935,0.48267635633903677,0
5638.9999999199063,544.48492651164997,-1754.8717687635217,0,1.5601340338524348,0.48406355375474702,0
5640.0000001536682,546.04484516644152,-1754.38701177045,0,1.5597030702364389,0.4854503685788813,0
5641.0000000731088,547.60433224122971,-1753.9008681542473,0,1.5592708738706298,0.48683679971533628,0
5641.9999999925494,549.16338650340913,-1753.4133382992586,0,1.5588374450966036,0.48822284606831173,0
5642.99999991199,550.72200672072358,-1752.9244225907605,0,1.5584027842569319,0.48960850654231197,0
5644.000000145752,552.28019166132435,-1752.4341214151937,0,1.5579668916951595,0.49099378004214594,0
5645.0000000651926,553.83794009365374,-1751.9424351600464,0,1.5575297677558047,0.49237866547292836,0
5645.9999999846332,555.39525078650331,-1751.4493642139132,0,1.5570914127843598,0.49376316174008106,0
5646.9999999040738,556.95212250901386,-1750.9549089666107,0,1.5566518271272891,0.49514726774933326,0
5648.0000001378357,558.50855403067544,-1750.4590698088869,0,1.5562110111320293,0.49653098240672255,0
5649.0000000572763,560.06454412126914,-1749.9618471326539,0,1.5557689651469908,0.49791430461859587,0
5649.9999999767169,561.6200915510417,-1749.4632413308136,0,1.5553256895215557,0.49929723329161041,0
5650.9999998961575,563.17519509053091,-1748.9632527976064,0,1.5548811846060777,0.50067976733273445,0
5652.0000001299195,564.7298535106238,-1748.4618819280877,0,1.5544354507518829,0.50206190564924791,0
5653.0000000493601,566.28406558255665,-1747.9591291185934,0,1.5539884883112673,0.50344364714874379,0
5653.9999999688007,567.83783007785678,-1747.4549947663909,0,1.5535402976374986,0.50482499073912857,0
5654.9999998882413,569.39114576851716,-1746.9494792700862,0,1.5530908790848152,0.50620593532862324,0
5656.0000001220033,570.94401142682182,-1746.4425830291002,0,1.5526402330084266,0.50758647982576399,0
5657.0000000414439,572.49642582546221,-1745.9343064441928,0,1.5521883597645116,0.50896662313940388,0
5657.9999999608845,574.04838773742085,-1745.4246499169385,0,1.5517352597102199,0.51034636417871204,0
5658.999999880325,575.59989593608771,-1744.9136138502508,0,1.5512809332036706,0.51172570185317645,0
5660.000000114087,577.15094919514377,-1744.4011986480327,0,1.5508253806039507,0.5131046350726034,0
5661.0000000335276,578.70154628867749,-1743.8874047152931,0,1.5503686022711189,0.51448316274711914,0
5661.9999999529682,580.25168599124299,-1743.3722324580885,0,1.5499105985661996,0.51586128378716989,0
5662.9999998724088,581.8013670775108,-1742.8556822836399,0,1.5494513698511889,0.51723899710352395,0
5664.0000001061708,583.35058832273353,-1742.3377546001575,0,1.5489909164890483,0.51861630160727179,0
5665.0000000256114,584.89934850239661,-1741.818449817074,0,1.5485292388437091,0.51999319620982654,0
5665.999999945052,586.44764639245113,-1741.2977683447534,0,1.5480663372800691,0.52136967982292548,0
5666.9999998644926,587.99548076908104,-1740.7757105947821,0,1.5476022121639952,0.52274575135863122,0
5668.0000000982545,589.54285040905233,-1740.2522769797361,0,1.5471368638623186,0.52412140972933141,0
5669.0000000176951,591.08975408918923,-1739.7274679134134,0,1.54667029274284,0.52549665384774058,0
5669.9999999371357,592.63619058701443,-1739.2012838104856,0,1.5462024991743251,0.52687148262690042,0
5670.9999998565763,594.18215868022526,-1738.6737250869628,0,1.5457334835265053,0.52824589498018115,0
5672.0000000903383,595.7276571468683,-1738.1447921597282,0,1.5452632461700797,0.52961988982128239,0
5673.0000000097789,597.27268476545578,-1737.6144854468293,0,1.5447917874767119,0.53099346606423292,0
5673.9999999292195,598.81724031479098,-1737.0828053674777,0,1.5443191078190304,0.53236662262339318,0
5674.9999998486601,600.36132257420104,-1736.5497523418162,0,1.5438452075706293,0.53373935841345488,0
5676.000000082422,601.90493032318773,-1736.0153267912683,0,1.5433700871060672,0.53511167234944246,0
5677.0000000018626,603.44806234177668,-1735.4795291381306,0,1.5428937468008681,0.53648356334671343,0
5677.9999999213032,604.99071741034277,-1734.942359805922,0,1.5424161870315189,0.53785503032096016,0
5679.0000001550652,606.53289430949371,-1734.4038192192093,0,1.5419374081754706,0.53922607218820984,0
5680.0000000745058,608.0745918204193,-1733.8639078036067,0,1.5414574106111378,0.54059668786482584,0
5680.9999999939464,609.61580872460036,-1733.322625985893,0,1.5409761947178988,0.54196687626750817,0
5681.999999913387,611.15654380386695,-1732.7799741938361,0,1.5404937608760942,0.54333663631329432,0
5683.000000147149,612.69679584051482,-1732.2359528564266,0,1.5400101094670269,0.54470596691956086,0
5684.0000000665896,614.23656361707253,-1731.690562403528,0,1.5395252408729641,0.54607486700402352,0
5684.9999999860302,615.77584591665072,-1731.1438032662845,0,1.5390391554771325,0.54744333548473856,0
5685.9999999054708,617.31464152259286,-1730.5956758767716,0,1.5385518536637224,0.54881137128010271,0
5687.0000001392327,618.85294921864988,-1730.046180668287,0,1.5380633358178843,0.55017897330885523,0
5688.0000000586733,620.39076778898016,-1729.4953180751181,0,1.5375736023257311,0.55154614049007833,0
5688.9999999781139,621.92809601820773,-1728.9430885326001,0,1.5370826535743343,0.55291287174319748,0
5689.9999998975545,623.46493269118946,-1728.3894924772903,0,1.5365904899517293,0.5542791659879831,0
5691.0000001313165,625.0012765933061,-1727.8345303466776,0,1.5360971118469078,0.5556450221445508,0
5692.0000000507571,626.53712651017122,-1727.2782025794149,0,1.5356025196498244,0.55701043913336235,0
5692.9999999701977,628.07248122803867,-1726.7205096151447,0,1.5351067137513925,0.55837541587522677,0
5693.9999998896383,629.60733953327872,-1726.1614518947317,0,1.5346096945434837,0.55973995129130116,0
5695.0000001234002,631.14170021278551,-1725.6010298600304,0,1.5341114624189305,0.5611040443030908,0
5696.0000000428408,632.67556205391884,-1725.0392439539428,0,1.5336120177715225,0.56246769383245154,0
5696.9999999622814,634.20892384427134,-1724.4760946205352,0,1.5331113609960072,0.56383089880158921,0
5697.999999881722,635.74178437201772,-1723.9115823049215,0,1.5326094924880924,0.56519365813306133,0
5699.000000115484,637.27414242550731,-1723.3457074532053,0,1.5321064126444406,0.56655597074977704,0
5700.0000000349246,638.8059967936133,-1722.7784705126542,0,1.5316021218626754,0.56791783557499909,0
5700.9999999543652,640.33734626573278,-1722.2098719317,0,1.5310966205413741,0.56927925153234404,0
5701.9999998738058,641.868189631321,-1721.6399121595896,0,1.530589909080073,0.57064021754578309,0
5703.0000001075678,643.39852568064816,-1721.0685916469083,0,1.5300819878792629,0.57200073253964345,0
5704.0000000270084,644.92835320398444,-1720.4959108452313,0,1.5295728573403922,0.57336079543860841,0
5704.999999946449,646.45767099229852,-1719.921870207123,0,1.5290625178658657,0.57472040516771838,0
5705.9999998658895,647.9864778368501,-1719.3464701863122,0,1.5285509698590423,0.57607956065237254,0
5707.0000000996515,649.51477252930636,-1718.7697112375754,0,1.5280382137242365,0.57743826081832861,0
5708.0000000190921,651.04255386174191,-1718.1915938167949,0,1.5275242498667176,0.57879650459170484,0
5708.9999999385327,652.56982062663883,-1717.6121183809009,0,1.5270090786927093,0.58015429089897919,0
5709.9999998579733,654.09657161682844,-1717.0312853878131,0,1.5264927006093905,0.58151161866699208,0
5711.0000000917353,655.62280562566593,-1716.4490952967317,0,1.5259751160248931,0.58286848682294601,0
5712.0000000111759,657.14852144685574,-1715.86554856773,0,1.5254563253483031,0.58422489429440638,0
5712.9999999306165,658.67371787445154,-1715.2806456620456,0,1.5249363289896589,0.58558084000930355,0
5713.9999998500571,660.1983937030891,-1714.6943870420218,0,1.5244151273599538,0.58693632289593201,0
5715.000000083819,661.72254772757879,-1714.1067731709336,0,1.5238927208711308,0.58829134188295262,0
5716.0000000032596,663.24617874331307,-1713.5178045132197,0,1.5233691099360875,0.58964589589939265,0
5716.9999999227002,664.76928554609185,-1712.9274815344834,0,1.5228442949686727,0.59099998387464681,0
5718.0000001564622,666.29186693206429,-1712.3358047012007,0,1.5223182763836864,0.59235360473847831,0
5719.0000000759028,667.81392169778701,-1711.7427744810702,0,1.5217910545968809,0.59370675742101942,0
5719.9999999953434,669.33544864034047,-1711.1483913427801,0,1.5212626300249594,0.59505944085277285,0
5720.999999914784,670.85644655709621,-1710.5526557561243,0,1.5207330030855748,0.59641165396461149,0
5722.000000148546,672.37691424583318,-1709.9555681919446,0,1.5202021741973297,0.59776339568778036,0
5723.0000000679865,673.89685050497064,-1709.357129122247,0,1.5196701437797797,0.59911466495389742,0
5723.9999999874271,675.41625413304428,-1708.7573390199104,0,1.5191369122534273,0.60046546069495299,0
5724.9999999068677,676.93512392923003,-1708.1561983590364,0,1.5186024800397249,0.60181578184331297,0
5726.0000001406297,678.45345869305311,-1707.5537076147739,0,1.5180668475610739,0.60316562733171719,0
5727.0000000600703,679.97125722438795,-1706.9498672632617,0,1.5175300152408255,0.6045149960932823,0
5727.9999999795109,681.4885183236911,-1706.3446777818608,0,1.5169919835032786,0.6058638870615014,0
5728.9999998989515,683.0052407917683,-1705.7381396487472,0,1.5164527527736791,0.60721229917024511,0
5730.0000001327135,684.52142342971638,-1705.1302533434937,0,1.5159123234782217,0.60856023135376258,0
5731.0000000521541,686.03706503933063,-1704.5210193463718,0,1.5153706960440483,0.60990768254668237,0
5731.9999999715947,687.55216442258097,-1703.9104381390498,0,1.5148278708992475,0.61125465168401327,0
5732.9999998910353,689.06672038201941,-1703.2985102040693,0,1.5142838484728536,0.61260113770114499,0
5734.0000001247972,690.5807317206054,-1702.6852360250778,0,1.5137386291948487,0.61394713953384894,0
5735.0000000442378,692.09419724158943,-1702.0706160867703,0,1.5131922134961604,0.61529265611827944,0
5735.9999999636784,693.60711574892048,-1701.4546508749481,0,1.5126446018086617,0.61663768639097427,0
5736.999999883119,695.11948604672216,-1700.8373408764019,0,1.512095794565171,0.6179822292888556,0
5738.000000116881,696.63130693964195,-1700.2186865791446,0,1.511545792199452,0.6193262837492306,0
5739.0000000363216,698.14257723290939,-1699.5986884721206,0,1.5109945951462125,0.6206698487097928,0
5739.9999999557622,699.65329573187046,-1698.9773470452637,0,1.5104422038411043,0.62201292310862233,0
5740.9999998752028,701.16346124262782,-1698.3546627897304,0,1.5098886187207239,0.62335550588418753,0
5742.0000001089647,702.67307257151697,-1697.7306361977244,0,1.5093338402226104,0.62469759597534469,0
5743.0000000284053,704.18212852539727,-1697.1052677623811,0,1.5087778687852476,0.62603919232133964,0
5743.9999999478459,705.69062791159377,-1696.478557978,0,1.5082207048480605,0.62738029386180894,0
5744.9999998672865,707.19856953778071,-1695.8505073399283,0,1.5076623488514174,0.6287208995367799,0
5746.0000001010485,708.70595221209805,-1695.2211163445609,0,1.5071028012366294,0.63006100828667144,0
5747.0000000204891,710.21277474320959,-1694.5903854893404,0,1.5065420624459485,0.63140061905229561,0
5747.9999999399297,711.71903594007017,-1693.9583152728155,0,1.5059801329225682,0.63273973077485801,0
5748.9999998593703,713.22473461227491,-1693.3249061945244,0,1.5054170131106224,0.63407834239595884,0
5750.0000000931323,714.72986956970999,-1692.690158755111,0,1.5048527034551893,0.63541645285759318,0
5751.0000000125729,716.23443962272722,-1692.0540734562092,0,1.5042872044022824,0.63675406110215238,0
5751.9999999320135,717.7384435821441,-1691.4166508006165,0,1.5037205163988598,0.63809116607242478,0
5752.999999851454,719.24188025936019,-1690.7778912921785,0,1.5031526398928163,0.63942776671159673,0
5754.000000085216,720.74474846594967,-1690.1377954356722,0,1.5025835753329868,0.64076386196325252,0
5755.0000000046566,722.24704701412702,-1689.4963637370383,0,1.5020133231691464,0.6420994507713762,0
5755.9999999240972,723.74877471657237,-1688.853596703324,0,1.5014418838520069,0.64343453208035273,0
5756.9999998435378,725.24993038625689,-1688.2094948424492,0,1.5008692578332208,0.6447691048349673,0
5758.0000000772998,726.75051283679204,-1687.5640586634981,0,1.5002954455653765,0.64610316798040746,0
5758.9999999967404,728.25052088213852,-1686.917288676661,0,1.4997204475020007,0.64743672046226342,0
5759.999999916181,729.74995333672268,-1686.2691853931756,0,1.499144264097557,0.64876976122652918,0
5761.0000001499429,731.24880901537836,-1685.619749325153,0,1.4985668958074467,0.650102289219603,0
5762.0000000693835,732.74708673352143,-1684.9689809859847,0,1.4979883430880063,0.65143430338828878,0
5762.9999999888241,734.24478530691704,-1684.3168808899936,0,1.4974086063965106,0.65276580267979589,0
5763.9999999082647,735.74190355179599,-1683.6634495526087,0,1.4968276861911674,0.65409678604174115,0
5765.0000001420267,737.23844028491294,-1683.0086874902481,0,1.4962455829311221,0.65542725242214894,0
5766.0000000614673,738.73439432343002,-1682.3525952204363,0,1.4956622970764542,0.65675720076945254,0
5766.9999999809079,740.22976448503323,-1681.6951732617454,0,1.4950778290881783,0.65808663003249424,0
5767.9999999003485,741.72454958775779,-1681.0364221337368,0,1.4944921794282429,0.65941553916052686,0
5769.0000001341105,743.21874845016282,-1680.3763423571363,0,1.4939053485595299,0.66074392710321428,0
5770.000000053551,744.71235989127308,-1679.714934453601,0,1.4933173369458568,0.66207179281063211,0
5770.9999999729916,746.20538273063721,-1679.0521989459521,0,1.4927281450519725,0.66339913523326932,0
5771.9999998924322,747.69781578809489,-1678.3881363579421,0,1.4921377733435597,0.66472595332202766,0
5773.0000001261942,749.18965788418427,-1677.7227472144295,0,1.4915462222872322,0.66605224602822388,0
5774.0000000456348,750.68090783973457,-1677.0560320413788,0,1.4909534923505383,0.66737801230358973,0
5774.9999999650754,752.17156447609887,-1676.3879913656274,0,1.4903595840019559,0.66870325110027329,0
5775.999999884516,753.66162661509588,-1675.7186257153517,0,1.4897644977108953,0.67002796137083909,0
5777.000000118278,755.15109307901002,-1675.0479356194264,0,1.4891682339476984,0.6713521420682701,0
5778.0000000377186,756.63996269064955,-1674.3759216080653,0,1.4885707931836363,0.67267579214596707,0
5778.9999999571592,758.12823427323019,-1673.7025842123549,0,1.4879721758909108,0.67399891055775063,0
5779.9999998765998,759.61590665043332,-1673.0279239645461,0,1.4873723825426537,0.67532149625786153,0
5781.0000001103617,761.10297864640597,-1672.3519413977629,0,1.4867714136129271,0.67664354820096151,0
5782.0000000298023,762.58944908593548,-1671.6746370464098,0,1.4861692695767221,0.67796506534213397,0
5782.9999999492429,764.07531679404201,-1670.9960114457062,0,1.4855659509099564,0.67928604663688541,0
5783.9999998686835,765.56058059638599,-1670.3160651320941,0,1.484961458089479,0.68060649104114568,0
5785.0000001024455,767.04523931897711,-1669.6347986429464,0,1.4843557915930659,0.68192639751126916,0
5786.0000000218861,768.52929178846534,-1668.9522125166841,0,1.48374895189942,0.68324576500403467,0
5786.9999999413267,770.01273683190811,-1668.2683072929503,0,1.4831409394881723,0.68456459247664814,0
5787.9999998607673,771.49557327671209,-1667.5830835120869,0,1.4825317548398798,0.68588287888674127,0
5789.0000000945292,772.97779995098244,-1666.8965417158324,0,1.481921398436028,0.68720062319237396,0
5790.0000000139698,774.45941568317357,-1666.2086824467988,0,1.481309870759026,0.68851782435203479,0
5790.9999999334104,775.94041930226376,-1665.5195062485291,0,1.4806971722922095,0.68983448132464109,0
5791.999999852851,777.42080963763874,-1664.829013665847,0,1.4800833035198413,0.69115059306954041,0
5793.000000086613,778.90058551932452,-1664.1372052445076,0,1.4794682649271065,0.6924661585465115,0
5794.0000000060536,780.37974577769637,-1663.4440815311973,0,1.4788520570001165,0.69378117671576456,0
5794.9999999254942,781.85828924371162,-1662.7496430738247,0,1.4782346802259059,0.69509564653794265,0
5795.9999998449348,783.33621474873507,-1662.0538904212881,0,1.4776161350924348,0.69640956697412193,0
5797.0000000786968,784.81352112459717,-1661.3568241233588,0,1.4769964220885845,0.69772293698581334,0
5797.9999999981374,786.29020720376866,-1660.6584447310888,0,1.4763755417041611,0.69903575553496222,0
5798.999999917578,787.76627181906952,-1659.9587527964613,0,1.4757534944298931,0.70034802158394993,0
5800.0000001513399,789.2417138038436,-1659.2577488724492,0,1.4751302807574298,0.70165973409559479,0
5801.0000000707805,790.71653199195862,-1658.555433513131,0,1.474505901179344,0.70297089203315244,0
5801.9999999902211,792.19072521774797,-1657.8518072735751,0,1.47388035618913,0.70428149436031684,0
5802.9999999096617,793.66429231601069,-1657.1468707099557,0,1.4732536462812023,0.70559154004122093,0
5804.0000001434237,795.1372321221279,-1656.4406243793783,0,1.4726257719508959,0.70690102804043786,0
5805.0000000628643,796.60954347194638,-1655.7330688401125,0,1.4719967336944677,0.70820995732298175,0
5805.9999999823049,798.08122520172037,-1655.0242046513595,0,1.4713665320090938,0.70951832685430782,0
5806.9999999017455,799.55227614828618,-1654.3140323733678,0,1.4707351673928686,0.71082613560031394,0
5808.0000001355074,801.02269514900399,-1653.602552567434,0,1.4701026403448076,0.71213338252734115,0
5809.000000054948,802.49248104169965,-1652.8897657959023,0,1.4694689513648433,0.71344006660217452,0
5809.9999999743886,803.96163266460644,-1652.1756726221647,0,1.4688341009538286,0.71474618679204416,0
5810.9999998938292,805.43014885659795,-1651.4602736106026,0,1.4681980896135323,0.71605174206462574,0
5812.0000001275912,806.89802845701342,-1650.7435693267034,0,1.467560917846642,0.71735673138804146,0
5813.0000000470318,808.36527030565776,-1650.0255603368278,0,1.4669225861567623,0.71866115373086059,0
5813.9999999664724,809.83187324285973,-1649.3062472085585,0,1.4662830950484138,0.71996500806210095,0
5814.999999885913,811.29783610947197,-1648.5856305104098,0,1.465642445027034,0.72126829335122888,0
5816.000000119675,812.76315774681279,-1647.8637108118855,0,1.4650006365989778,0.72257100856816081,0
5817.0000000391155,814.22783699672436,-1647.1404886836535,0,1.4643576702715131,0.72387315268326369,0
5817.9999999585561,815.69187270151451,-1646.4159646972548,0,1.4637135465528248,0.72517472466735577,0
5818.9999998779967,817.15526370418957,-1645.6901394253364,0,1.4630682659520109,0.72647572349170753,0
5820.0000001117587,818.61800884798868,-1644.9630134416511,0,1.4624218289790858,0.72777614812804226,0
5821.0000000311993,820.08010697684949,-1644.2345873208251,0,1.4617742361449775,0.72907599754853758,0
5821.9999999506399,821.54155693517532,-1643.5048616386484,0,1.4611254879615259,0.7303752707258252,0
5822.9999998700805,823.00235756783513,-1642.7738369717845,0,1.4604755849414854,0.73167396663299245,0
5824.0000001038425,824.46250772027997,-1642.0415138981189,0,1.4598245275985229,0.73297208424358318,0
5825.0000000232831,825.92200623842655,-1641.3078929964104,0,1.4591723164472175,0.73426962253159789,0
5825.9999999427237,827.38085196871543,-1640.5729748465237,0,1.458518952003061,0.73556658047149515,0
5826.9999998621643,828.83904375816928,-1639.8367600292549,0,1.4578644347824556,0.73686295703819249,0
5828.0000000959262,830.2965804542182,-1639.0992491265642,0,1.457208765302715,0.73815875120706642,0
5829.0000000153668,831.75346090487437,-1638.3604427213431,0,1.4565519440820642,0.73945396195395419,0
5829.9999999348074,833.20968395861564,-1637.6203413974727,0,1.4558939716396377,0.74074858825515399,0
5830.999999854248,834.66524846456014,-1636.878945739998,0,1.4552348484954805,0.74204262908742602,0
5832.00000008801,836.12015327223344,-1636.1362563347793,0,1.4545745751705468,0.74333608342799307,0
5833.0000000074506,837.574397231685,-1635.3922737689572,0,1.4539131521866997,0.74462895025454157,0
5833.9999999268912,839.02797919354634,-1634.6469986304874,0,1.4532505800667113,0.74592122854522258,0
5834.9999998463318,840.48089800897287,-1633.900431508373,0,1.4525868593342626,0.7472129172786518,0
5836.0000000800937,841.93315252952743,-1633.1525729927816,0,1.4519219905139402,0.7485040154339111,0
5836.9999999995343,843.38474160747137,-1632.4034236746957,0,1.4512559741312405,0.74979452199054941,0
5837.9999999189749,844.83566409547348,-1631.6529841463198,0,1.4505888107125655,0.75108443592858298,0
5839.0000001527369,846.28591884672642,-1630.9012550007319,0,1.4499205007852249,0.75237375622849645,0
5840.0000000721775,847.73550471500494,-1630.1482368321158,0,1.4492510448774336,0.75366248187124374,0
5840.9999999916181,849.18442055466585,-1629.3939302355866,0,1.4485804435183129,0.75495061183824863,0
5841.9999999110587,850.63266522041522,-1628.6383358073072,0,1.4479086972378887,0.75623814511140586,0
5843.0000001448207,852.0802375676576,-1627.8814541445463,0,1.4472358065670923,0.75752508067308189,0
5844.0000000642613,853.52713645226322,-1627.1232858455624,0,1.4465617720377599,0.75881141750611514,0
5844.9999999837019,854.97336073062615,-1626.3638315094868,0,1.4458865941826304,0.76009715459381766,0
5845.9999999031425,856.41890925972257,-1625.6030917366152,0,1.4452102735353483,0.76138229091997567,0
5847.0000001369044,857.86378089693608,-1624.8410671282327,0,1.4445328106304594,0.76266682546884978,0
5848.000000056345,859.307974500407,-1624.077758286614,0,1.4438542060034143,0.76395075722517625,0
5848.9999999757856,860.75148892856669,-1623.3131658150232,0,1.4431744601905638,0.76523408517416802,0
5849.9999998952262,862.19432304054499,-1622.5472903178888,0,1.4424935737291624,0.76651680830151536,0
5851.0000001289882,863.63647569599561,-1621.7801324003958,0,1.4418115471573656,0.76779892559338614,0
5852.0000000484288,865.07794575503794,-1621.0116926689516,0,1.4411283810142297,0.7690804360364274,0
5852.9999999678694,866.51873207831522,-1620.2419717309531,0,1.4404440758397117,0.77036133861776579,0
5853.99999988731,867.95883352716919,-1619.4709701946704,0,1.4397586321746698,0.77164163232500838,0
5855.0000001210719,869.39824896334903,-1618.6986886695959,0,1.4390720505608607,0.77292131614624326,0
5856.0000000405125,870.83697724918602,-1617.9251277660369,0,1.438384331540941,0.77420038907004063,0
5856.9999999599531,872.27501724747708,-1617.1502880954067,0,1.437695475658467,0.77547885008545403,0
5857.9999998793937,873.71236782171763,-1616.3741702701664,0,1.4370054834578925,0.77675669818202009,0
5859.0000001131557,875.14902783581056,-1615.5967749037081,0,1.4363143554845703,0.77803393234975993,0
5860.0000000325963,876.58499615429901,-1614.8181026104139,0,1.4356220922847498,0.77931055157918017,0
5860.9999999520369,878.0202716421918,-1614.0381540058297,0,1.434928694405579,0.78058655486127315,0
5861.9999998714775,879.45485316507984,-1613.2569297063746,0,1.4342341623951018,0.78186194118751828,0
5863.0000001052395,880.88873958907789,-1612.4744303294574,0,1.4335384968022582,0.78313670954988246,0
5864.00000002468,882.3219297809992,-1611.6906564935925,0,1.4328416981768846,0.78441085894082097,0
5864.9999999441206,883.75442260794807,-1610.905608818226,0,1.4321437670697141,0.7856843883532787,0
5865.9999998635612,885.1862169377855,-1610.1192879239097,0,1.4314447040323728,0.78695729678068993,0
5867.0000000973232,886.61731163889635,-1609.3316944320104,0,1.4307445096173832,0.78822958321698,0
5868.0000000167638,888.04770558013115,-1608.5428289651172,0,1.4300431843781607,0.78950124665656629,0
5868.9999999362044,889.4773976309225,-1607.7526921466924,0,1.4293407288690143,0.79077228609435801,0
5869.999999855645,890.90638666128507,-1606.961284601246,0,1.4286371436451488,0.79204270052575765,0
5871.000000089407,892.33467154181562,-1606.1686069543357,0,1.427932429262659,0.79331248894666206,0
5872.0000000088476,893.76225114357658,-1605.3746598323924,0,1.4272265862785334,0.79458165035346262,0
5872.9999999282882,895.18912433832884,-1604.5794438629528,0,1.4265196152506525,0.79585018374304595,0
5873.9999998477288,896.61528999824077,-1603.7829596745432,0,1.4258115167377881,0.79711808811279572,0
5875.0000000814907,898.04074699617922,-1602.9852078967378,0,1.4251022912996036,0.79838536246059233,0
5876.0000000009313,899.46549420541851,-1602.1861891599838,0,1.4243919394966529,0.79965200578481432,0
5876.9999999203719,900.88953049987322,-1601.3859040958341,0,1.4236804618903798,0.80091801708433874,0
5878.0000001541339,902.31285475409823,-1600.5843533368316,0,1.4229678590431187,0.80218339535854222,0
5879.0000000735745,903.73546584311407,-1599.78153751645,0,1.4222541315180925,0.80344813960730199,0
5879.9999999930151,905.15736264246516,-1598.9774572692695,0,1.4215392798794135,0.80471224883099612,0
5880.9999999124557,906.57854402833618,-1598.1721132308012,0,1.4208233046920813,0.8059757220305046,0
5882.0000001462176,907.99900887749391,-1597.3655060375459,0,1.4201062065219867,0.80723855820721047,0
5883.0000000656582,909.41875606722897,-1596.557636327052,0,1.419387985935904,0.80850075636299978,0
5883.9999999850988,910.83778447541408,-1595.7485047378577,0,1.4186686435014977,0.80976231550026334,0
5884.9999999045394,912.25609298050404,-1594.9381119093741,0,1.4179481797873166,0.81102323462189652,0
5886.0000001383014,913.67368046141928,-1594.1264584822929,0,1.417226595362798,0.81228351273130073,0
5887.000000057742,915.09054579783697,-1593.3135450979462,0,1.4165038907982641,0.81354314883238399,0
5887.9999999771826,916.5066878698417,-1592.4993723989464,0,1.4157800666649216,0.81480214192956213,0
5888.9999998966232,917.92210555815836,-1591.6839410287212,0,1.415055123534863,0.81606049102775879,0
5890.0000001303852,919.33679774409393,-1590.867251631862,0,1.4143290619810653,0.81731819513240656,0
5891.0000000498258,920.75076330947923,-1590.0493048538337,0,1.4136018825773888,0.81857525324944802,0
5891.9999999692664,922.16400113684358,-1589.2301013410324,0,1.4128735858985784,0.81983166438533639,0
5892.999999888707,923.57651010906557,-1588.4096417410183,0,1.4121441725202601,0.82108742754703601,0
5894.0000001224689,924.98828910983866,-1587.5879267022829,0,1.4114136430189452,0.82234254174202359,0
5895.0000000419095,926.3993370232638,-1586.7649568741908,0,1.4106819979720249,0.82359700597828844,0
5895.9999999613501,927.8096527341404,-1585.940732907271,0,1.4099492379577723,0.8248508192643339,0
5896.9999998807907,929.21923512773355,-1585.1152554529835,0,1.4092153635553428,0.82610398060917778,0
5898.0000001145527,930.62808308994863,-1584.2885251637199,0,1.4084803753447732,0.8273564890223527,0
5899.0000000339933,932.03619550733129,-1583.4605426929193,0,1.4077442739069788,0.82860834351390822,0
5899.9999999534339,933.44357126689283,-1582.6313086950104,0,1.407007059823755,0.82985954309441012,0
5900.9999998728745,934.85020925628487,-1581.8008238253533,0,1.4062687336777782,0.83111008677494169,0
5902.0000001066364,936.25610836374108,-1580.969088740414,0,1.4055292960526016,0.83235997356710512,0
5903.000000026077,937.66126747807721,-1580.1361040975316,0,1.4047887475326586,0.83360920248302151,0
5903.9999999455176,939.06568548869109,-1579.301870555093,0,1.4040470887032597,0.834857772535332,0
5904.9999998649582,940.46936128562083,-1578.4663887724164,0,1.4033043201505939,0.8361056827371981,0
5906.0000000987202,941.87229375931202,-1577.6296594098676,0,1.4025604424617257,0.83735293210230344,0
5907.0000000181608,943.2744818010251,-1576.7916831288021,0,1.4018154562245981,0.8385995196448538,0
5907.9999999376014,944.67592430242803,-1575.9524605915067,0,1.401069362028029,0.83984544437957787,0
5908.999999857042,946.07662015594542,-1575.1119924613158,0,1.4003221604617133,0.84109070532172814,0
5910.000000090804,947.47656825440936,-1574.2702794024372,0,1.399573852116218,0.84233530148708202,0
5911.0000000102445,948.87576749140862,-1573.4273220802424,0,1.3988244375829886,0.84357923189194217,0
5911.9999999296851,950.27421676105587,-1572.5831211609184,0,1.3980739174543433,0.8448224955531376,0
5912.9999998491257,951.67191495798761,-1571.7376773116994,0,1.3973222923234738,0.84606509148802411,0
5914.0000000828877,953.06886097759707,-1570.8909912008676,0,1.3965695627844461,0.84730701871448555,0
5915.0000000023283,954.46505371562671,-1570.0430634975201,0,1.395815729432198,0.84854827625093376,0
5915.9999999217689,955.86049206869211,-1569.193894871918,0,1.3950607928625407,0.84978886311631041,0
5917.0000001555309,957.25517493381631,-1568.3434859951958,0,1.3943047536721567,0.85102877833008683,0
5918.0000000749715,958.64910120872082,-1567.4918375394773,0,1.3935476124585999,0.85226802091226572,0
5918.9999999944121,960.04226979159284,-1566.6389501778758,0,1.3927893698202967,0.85350658988338102,0
5919.9999999138527,961.43467958137626,-1565.7848245845526,0,1.3920300263565415,0.85474448426449912,0
5921.0000001476146,962.82632947759703,-1564.9294614345417,0,1.3912695826675003,0.85598170307721944,0
5922.0000000670552,964.21721838018857,-1564.0728614039253,0,1.3905080393542102,0.85721824534367608,0
5922.9999999864958,965.60734518995741,-1563.2150251697167,0,1.389745397018574,0.85845411008653694,0
5923.9999999059364,966.99670880811755,-1562.3559534099186,0,1.3889816562633654,0.85968929632900604,0
5925.0000001396984,968.38530813652324,-1561.4956468035234,0,1.3882168176922267,0.8609238030948233,0
5926.000000059139,969.77314207772724,-1560.6341060305131,0,1.3874508819096651,0.8621576294082659,0
5926.9999999785796,971.1602095348062,-1559.771331771859,0,1.3866838495210576,0.86339077429414857,0
5927.9999998980202,972.54650941147702,-1558.9073247094057,0,1.385915721132648,0.86462323677782493,0
5929.0000001317821,973.93204061192228,-1558.0420855261036,0,1.3851464973515446,0.86585501588518798,0
5930.0000000512227,975.31680204119766,-1557.1756149057765,0,1.3843761787857225,0.86708611064267072,0
5930.9999999706633,976.70079260476632,-1556.3079135332373,0,1.383604766044022,0.86831652007724691,0
5931.9999998901039,978.08401120878989,-1555.438982094347,0,1.3828322597361489,0.86954624321643226,0
5933.0000001238659,979.46645675995387,-1554.5688212758978,0,1.3820586604726723,0.87077527908828445,0
5934.0000000433065,980.84812816564227,-1553.6974317656131,0,1.3812839688650249,0.87200362672140475,0
5934.9999999627471,982.22902433376294,-1552.8248142522061,0,1.3805081855255039,0.8732312851449382,0
5935.9999998821877,983.60914417298045,-1551.9509694253793,0,1.3797313110672693,0.87445825338857486,0
5937.0000001159497,984.98848659242503,-1551.0758979758248,0,1.3789533461043413,0.87568453048255002,0
5938.0000000353903,986.3670505018672,-1550.1996005951078,0,1.3781742912516051,0.8769101154576453,0
5938.9999999548309,987.74483481183415,-1549.3220779758994,0,1.3773941471248059,0.87813500734518934,0
5939.9999998742715,989.12183843326056,-1548.4433308118023,0,1.3766129143405492,0.87935920517705879,0
5941.0000001080334,990.49806027783779,-1547.5633597972337,0,1.3758305935163018,0.8805827079856785,0
5942.000000027474,991.87349925778108,-1546.6821656278335,0,1.37504718527039,0.88180551480402281,0
5942.9999999469146,993.24815428606234,-1545.7997489999398,0,1.374262690222001,0.88302762466561613,0
5943.9999998663552,994.6220242761774,-1544.9161106111133,0,1.3734771089911793,0.88424903660453402,0
5945.0000001001172,995.99510814220412,-1544.0312511597294,0,1.3726904421988273,0.88546974965540326,0
5946.0000000195578,997.36740479891887,-1543.1451713450952,0,1.3719026904667078,0.88668976285340328,0
5946.9999999389984,998.7389131616801,-1542.2578718676232,0,1.3711138544174397,0.88790907523426643,0
5947.999999858439,1000.1096321465448,-1541.3693534285412,0,1.3703239346744986,0.88912768583427892,0
5949.0000000922009,1001.4795606700354,-1540.4796167301829,0,1.3695329318622176,0.89034559369028199,0
5950.0000000116415,1002.8486976494314,-1539.588662475755,0,1.3687408466057844,0.89156279783967207,0
5950.9999999310821,1004.2170420026523,-1538.6964913693955,0,1.3679476795312437,0.89277929732040184,0
5951.9999998505227,1005.5845926480833,-1537.8031041162903,0,1.3671534312654945,0.89399509117098097,0
5953.0000000842847,1006.9513485049829,-1536.9085014225566,0,1.366358102436291,0.89521017843047668,0
5954.0000000037253,1008.3173084930168,-1536.0126839953009,0,1.365561693672241,0.89642455813851474,0
5954.9999999231659,1009.6824715325492,-1535.1156525425031,0,1.3647642056028046,0.89763822933528026,0
5956.0000001569279,1011.0468365446432,-1534.2174077731324,0,1.3639656388582968,0.89885119106151812,0
5957.0000000763685,1012.4104024509434,-1533.3179503971478,0,1.3631659940698855,0.9000634423585343,0
5957.999999995809,1013.7731681736768,-1532.4172811255557,0,1.3623652718695889,0.90127498226819602,0
5958.9999999152496,1015.135132635769,-1531.5154006700614,0,1.3615634728902775,0.90248580983293281,0
5960.0000001490116,1016.4962947607273,-1530.6123097436503,0,1.3607605977656725,0.90369592409573718,0
5961.0000000684522,1017.8566534727579,-1529.7080090599484,0,1.3599566471303475,0.90490532410016533,0
5961.9999999878928,1019.216207696707,-1528.802499333804,0,1.359151621619723,0.90611400889033822,0
5962.9999999073334,1020.5749563579448,-1527.8957812809385,0,1.3583455218700715,0.90732197751094212,0
5964.0000001410954,1021.9328983825399,-1526.9878556178301,0,1.3575383485185144,0.9085292290072291,0
5965.000000060536,1023.2900326973177,-1526.0787230622373,0,1.3567301022030203,0.90973576242501808,0
5965.9999999799766,1024.646358229511,-1525.1683843326755,0,1.3559207835624072,0.91094157681069565,0
5966.9999998994172,1026.0018739072257,-1524.2568401486496,0,1.3551103932363393,0.91214667121121673,0
5968.0000001331791,1027.3565786589752,-1523.344091230596,0,1.3542989318653298,0.91335104467410511,0
5969.0000000526197,1028.710471414146,-1522.4301382999402,0,1.3534864000907363,0.91455469624745467,0
5969.9999999720603,1030.0635511025903,-1521.5149820790393,0,1.3526727985547624,0.91575762497992941,0
5970.9999998915009,1031.4158166548586,-1520.5986232912401,0,1.3518581279004607,0.91695982992076519,0
5972.0000001252629,1032.7672670022002,-1519.6810626607621,0,1.3510423887717238,0.91816131011976942,0
5973.0000000447035,1034.1179010764463,-1518.7623009128729,0,1.3502255818132927,0.91936206462732284,0
5973.9999999641441,1035.4677178101265,-1517.842338773713,0,1.3494077076707502,0.92056209249437926,0
5974.9999998835847,1036.8167161362944,-1516.9211769704125,0,1.3485887669905241,0.92176139277246727,0
5976.0000001173466,1038.1648949888186,-1515.9988162310328,0,1.3477687604198836,0.92295996451369011,0
5977.0000000367872,1039.5122533020331,-1515.0752572845668,0,1.3469476886069411,0.92415780677072734,0
5977.9999999562278,1040.8587900111452,-1514.1505008609383,0,1.3461255522006521,0.92535491859683439,0
5978.9999998756684,1042.2045040518278,-1513.2245476911194,0,1.3453023518508114,0.92655129904584432,0
5980.0000001094304,1043.5493943604524,-1512.2973985069548,0,1.344478088208056,0.92774694717216877,0
5981.000000028871,1044.8934598740307,-1511.3690540412208,0,1.3436527619238625,0.92894186203079721,0
5981.9999999483116,1046.2366995302727,-1510.439515027625,0,1.3428263736505484,0.93013604267729955,0
5982.9999998677522,1047.5791122675291,-1509.5087822009227,0,1.3419989240412702,0.93132948816782568,0
5984.0000001015142,1048.9206970247906,-1508.5768562966841,0,1.3411704137500229,0.93252219755910626,0
5985.0000000209548,1050.2614527416881,-1507.643738051469,0,1.3403408434316404,0.93371416990845391,0
5985.9999999403954,1051.6013783585513,-1506.7094282028847,0,1.3395102137417931,0.93490540427376423,0
5986.999999859836,1052.9404728162917,-1505.7739274892374,0,1.3386785253369908,0.93609589971351548,0
5988.0000000935979,1054.2787350565195,-1504.8372366500553,0,1.3378457788745783,0.93728565528677033,0
5989.0000000130385,1055.6161640215432,-1503.8993564256234,0,1.3370119750127378,0.93847467005317597,0
5989.9999999324791,1056.9527586543118,-1502.9602875572164,0,1.3361771144104866,0.9396629430729655,0
5990.9999998519197,1058.2885178983561,-1502.02003078704,0,1.335341197727677,0.94085047340695771,0
5992.0000000856817,1059.6234406979638,-1501.0785868582316,0,1.3345042256249968,0.94203726011655908,0
5993.0000000051223,1060.9575259980047,-1500.135956514976,0,1.3336661987639666,0.94322330226376283,0
5993.9999999245629,1062.2907727441052,-1499.1921405022149,0,1.3328271178069429,0.94440859891115181,0
5994.9999998440035,1063.6231798824738,-1498.2471395659959,0,1.3319869834171139,0.94559314912189729,0
5996.0000000777654,1064.9547463600175,-1497.3009544531233,0,1.3311457962584994,0.94677695195976097,0
5996.999999997206,1066.2854711242835,-1496.3535859115073,0,1.3303035569959536,0.94796000648909506,0
5997.9999999166466,1067.6153531235177,-1495.405034689873,0,1.3294602662951609,0.94914231177484298,0
5999.0000001504086,1068.9443913066061,-1494.4553015379934,0,1.3286159248226366,0.95032386688254067,0
6000.0000000698492,1070.2725846231333,-1493.5043872064562,0,1.3277705332457268,0.95150467087831703,0
6000.9999999892898,1071.5999320233241,-1492.5522924468969,0,1.3269240922326082,0.95268472282889438,0
6001.9999999087304,1072.9264324580436,-1491.5990180118242,0,1.3260766024522859,0.95386402180158969,0
6003.0000001424924,1074.2520848788554,-1490.6445646546199,0,1.3252280645745933,0.95504256686431466,0
6004.000000061933,1075.5768882380216,-1489.6889331297134,0,1.3243784792701949,0.95622035708557718,0
6004.9999999813735,1076.9008414885029,-1488.7321241923491,0,1.3235278472105809,0.95739739153448178,0
6005.9999999008141,1078.2239435837837,-1487.7741385988775,0,1.3226761690680688,0.95857366928073007,0
6007.0000001345761,1079.5461934781633,-1486.8149771063472,0,1.321823445515804,0.95974918939462228,0
6008.0000000540167,1080.8675901265233,-1485.8546404729132,0,1.3209696772277579,0.9609239509470564,0
6008.9999999734573,1082.1881324845599,-1484.8931294576032,0,1.3201148648787264,0.96209795300953138,0
6009.9999998928979,1083.5078195084934,-1483.9304448203766,0,1.3192590091443328,0.96327119465414535,0
6011.0000001266599,1084.8266501553007,-1482.9665873221238,0,1.3184021107010224,0.96444367495359762,0
6012.0000000461005,1086.1446233825409,-1482.0015577245504,0,1.3175441702260673,0.96561539298118992,0
6012.9999999655411,1087.461738148646,-1481.0353567905258,0,1.3166851883975608,0.96678634781082562,0
6013.9999998849817,1088.7779934124555,-1480.0679852836765,0,1.3158251658944209,0.9679565385170118,0
6015.0000001187436,1090.0933881337405,-1479.0994439685019,0,1.3149641033963877,0.96912596417485952,0
6016.0000000381842,1091.4079212727956,-1478.1297336106072,0,1.3141020015840232,0.97029462386008403,0
6016.9999999576248,1092.7215917907306,-1477.1588549764128,0,1.3132388611387107,0.97146251664900651,0
6017.9999998770654,1094.0343986491207,-1476.1868088332703,0,1.312374682742655,0.97262964161855403,0
6019.0000001108274,1095.3463408104144,-1475.2135959494626,0,1.3115094670788803,0.97379599784626059,0
6020.000000030268,1096.6574172377586,-1474.2392170941457,0,1.3106432148312308,0.97496158441026781,0
6020.9999999497086,1097.9676268948242,-1473.2636730374652,0,1.3097759266843712,0.97612640038932541,0
6021.9999998691492,1099.2769687460386,-1472.2869645504979,0,1.3089076033237836,0.97729044486279237,0
6023.0000001029111,1100.5854417565861,-1471.3090924052522,0,1.3080382454357686,0.97845371691063765,0
6024.0000000223517,1101.8930448922911,-1470.3300573744928,0,1.3071678537074454,0.97961621561344026,0
6024.9999999417923,1103.1997771196184,-1469.3498602320906,0,1.3062964288267493,0.98077794005239083,0
6025.9999998612329,1104.5056374057895,-1468.3685017527896,0,1.3054239714824325,0.98193888930929163,0
6027.0000000949949,1105.8106247186661,-1467.3859827121487,0,1.3045504823640628,0.98309906246655765,0
6028.0000000144355,1107.1147380268085,-1466.4023038868327,0,1.3036759621620244,0.98425845860721783,0
6028.9999999338761,1108.4179762995336,-1465.4174660542631,0,1.3028004115675147,0.98541707681491442,0
6029.9999998533167,1109.7203385067405,-1464.4314699928509,0,1.3019238312725483,0.98657491617390503,0
6031.0000000870787,1111.0218236190849,-1463.4443164818222,0,1.3010462219699512,0.98773197576906269,0
6032.0000000065193,1112.322430607921,-1462.4560063015088,0,1.3001675843533644,0.98888825468587693,0
6032.9999999259599,1113.6221584452433,-1461.4665402329993,0,1.2992879191172395,0.99004375201045414,0
6033.9999998454005,1114.9210061038029,-1460.4759190583136,0,1.2984072269568423,0.9911984668295184,0
6035.0000000791624,1116.2189725571079,-1459.4841435604612,0,1.29752550856825,0.99235239823041232,0
6035.999999998603,1117.5160567791318,-1458.4912145233247,0,1.2966427646483498,0.99350554530109791,0
6036.9999999180436,1118.8122577447793,-1457.4971327316016,0,1.2957589958948406,0.99465790713015667,0
6038.0000001518056,1120.1075744295376,-1456.5018989710952,0,1.2948742030062306,0.99580948280679127,0
6039.0000000712462,1121.4020058096503,-1455.5055140283657,0,1.2939883866818378,0.99696027142082544,0
6039.9999999906868,1122.6955508620013,-1454.5079786909046,0,1.2931015476217893,0.99811027206270486,0
6040.9999999101274,1123.988208564173,-1453.5092937471927,0,1.2922136865270195,0.99925948382349816,0
6042.0000001438893,1125.279977894621,-1452.5094599865261,0,1.2913248040992718,1.0004079057948976,0
6043.0000000633299,1126.5708578322083,-1451.50847819919,0,1.2904349010410963,1.0015555370692195,0
6043.9999999827705,1127.8608473567292,-1450.5063491762849,0,1.2895439780558495,1.0027023767394048,0
6044.9999999022111,1129.1499454485602,-1449.5030737099005,0,1.2886520358476949,1.0038484238990206,0
6046.0000001359731,1130.4381510888925,-1448.4986525929417,0,1.2877590751216015,1.0049936776422606,0
6047.0000000554137,1131.7254632595577,-1447.4930866193608,0,1.2868650965833415,1.0061381370639448,0
6047.9999999748543,1133.0118809430278,-1446.4863765838672,0,1.2859701009394939,1.0072818012595217,0
6048.9999998942949,1134.2974031225895,-1445.4785232822178,0,1.2850740888974406,1.0084246693250682,0
6050.0000001280569,1135.582028782228,-1444.4695275109261,0,1.2841770611653658,1.0095667403572903,0
6051.0000000474975,1136.8657569066272,-1443.4593900674954,0,1.2832790184522589,1.010708013453524,0
6051.999999966938,1138.1485864810529,-1442.4481117503019,0,1.282379961467909,1.0118484877117357,0
6052.9999998863786,1139.4305164917023,-1441.4356933586532,0,1.2814798909229086,1.0129881622305237,0
6054.0000001201406,1140.7115459252964,-1440.4221356927301,0,1.2805788075286508,1.0141270361091177,0
6055.0000000395812,1141.9916737693711,-1439.4074395535863,0,1.2796767119973289,1.0152651084473812,0
6055.9999999590218,1143.270899012161,-1438.3916057433235,0,1.2787736050419356,1.01640237834581,0
6056.9999998784624,1144.5492206425406,-1437.3746350646834,0,1.2778694873762648,1.0175388449055351,0
6058.0000001122244,1145.8266376502579,-1436.3565283215721,0,1.2769643597149078,1.0186745072283223,0
6059.000000031665,1147.1031490255846,-1435.3372863185941,0,1.2760582227732544,1.0198093644165727,0
6059.9999999511056,1148.3787537596072,-1434.3169098614017,0,1.2751510772674934,1.0209434155733237,0
6060.9999998705462,1149.6534508441691,-1433.2953997564618,0,1.2742429239146085,1.0220766598022497,0
6062.0000001043081,1150.9272392716957,-1432.2727568110568,0,1.2733337634323809,1.0232090962076641,0
6063.0000000237487,1152.2001180355437,-1431.2489818335744,0,1.2724235965393884,1.024340723894517,0
6063.9999999431893,1153.4720861295355,-1430.2240756331594,0,1.2715124239550042,1.0254715419683988,0
6064.9999998626299,1154.7431425484829,-1429.1980390198296,0,1.2706002463993959,1.0266015495355401,0
6066.0000000963919,1156.0132862876053,-1428.1708728045342,0,1.2696870645935254,1.0277307457028109,0
6067.0000000158325,1157.2825163431116,-1427.1425777992117,0,1.2687728792591484,1.0288591295777232,0
6067.9999999352731,1158.5508317118511,-1426.1131548164412,0,1.2678576911188149,1.0299867002684306,0
6068.9999998547137,1159.8182313913712,-1425.082604670024,0,1.2669415008958644,1.0311134568837308,0
6070.0000000884756,1161.0847143798601,-1424.0509281743434,0,1.2660243093144317,1.0322393985330629,0
6071.0000000079162,1162.3502796764369,-1423.0181261448888,0,1.265106117099442,1.0333645243265115,0
6071.9999999273568,1163.6149262807448,-1421.9841993979644,0,1.2641869249766109,1.0344888333748059,0
6072.9999998467974,1164.8786531933001,-1420.9491487506893,0,1.263266733672445,1.0356123247893203,0
6074.0000000805594,1166.1414594153175,-1419.9129750212305,0,1.262345543914239,1.0367349976820759,0
6075,1167.4033439485938,-1418.8756790284533,0,1.261423356430079,1.0378568511657402,0
6075.9999999194406,1168.664305795799,-1417.837261592329,0,1.2605001719488382,1.0389778843536286,0
6077.0000001532026,1169.9243439603597,-1416.7977235334693,0,1.2595759912001783,1.0400980963597053,0
6078.0000000726432,1171.183457446401,-1415.7570656735916,0,1.2586508149145483,1.0412174862985824,0
6078.9999999920838,1172.4416452586302,-1414.7152888352284,0,1.2577246438231844,1.042336053285523,0
6079.9999999115244,1173.6989064026857,-1413.672393841669,0,1.2567974786581089,1.0434537964364397,0
6081.0000001452863,1174.9552398847882,-1412.6283815172501,0,1.2558693201521289,1.0445707148678969,0
6082.0000000647269,1176.2106447120896,-1411.5832526871236,0,1.254940169038838,1.0456868076971102,0
6082.9999999841675,1177.4651198922656,-1410.5370081773144,0,1.2540100260526135,1.0468020740419484,0
6083.9999999036081,1178.7186644338071,-1409.489648814837,0,1.2530788919286173,1.0479165130209331,0
6085.0000001373701,1179.9712773460196,-1408.4411754274042,0,1.2521467674027935,1.0490301237532405,0
6086.0000000568107,1181.2229576387326,-1407.3915888437186,0,1.2512136532118701,1.0501429053587001,0
6086.9999999762513,1182.4737043227651,-1406.3408898933558,0,1.250279550093357,1.0512548569577977,0
6087.9999998956919,1183.7235164095182,-1405.2890794067644,0,1.2493444587855458,1.0523659776716752,0
6089.0000001294538,1184.9723929112079,-1404.2361582152662,0,1.2484083800275085,1.0534762666221305,0
6090.0000000488944,1186.2203328406904,-1403.1821271510562,0,1.2474713145590988,1.0545857229316193,0
6090.999999968335,1187.467335211637,-1402.1269870472024,0,1.2465332631209485,1.0556943457232557,0
6091.9999998877756,1188.7133990385337,-1401.0707387377042,0,1.2455942264544704,1.0568021341208129,0
6093.0000001215376,1189.9585233363905,-1400.0133830573759,0,1.2446542053018554,1.057909087248722,0
6094.0000000409782,1191.2027071212069,-1398.954920841963,0,1.243713200406072,1.0590152042320755,0
6094.9999999604188,1192.4459494095645,-1397.8953529279679,0,1.2427712125108668,1.0601204841966272,0
6095.9999998798594,1193.6882492188015,-1396.8346801528241,0,1.2418282423607629,1.0612249262687905,0
6097.0000001136214,1194.9296055671293,-1395.7729033550131,0,1.2408842907010604,1.0623285295756437,0
6098.000000033062,1196.1700174732832,-1394.7100233735982,0,1.2399393582778346,1.0634312932449257,0
6098.9999999525025,1197.409483956988,-1393.6460410486907,0,1.2389934458379366,1.0645332164050403,0
6099.9999998719431,1198.6480040385504,-1392.5809572212165,0,1.2380465541289911,1.065634298185056,0
6101.0000001057051,1199.8855767390924,-1391.5147727330332,0,1.2370986838993978,1.0667345377147055,0
6102.0000000251457,1201.122201080434,-1390.4474884268129,0,1.2361498358983289,1.0678339341243865,0
6102.9999999445863,1202.3578760852106,-1389.3791051461594,0,1.2352000108757299,1.0689324865451642,0
6103.9999998640269,1203.5926007767557,-1388.3096237353748,0,1.2342492095823188,1.0700301941087709,0
6105.0000000977889,1204.8263741791598,-1387.2390450398088,0,1.2332974327695845,1.0711270559476065,0
6106.0000000172295,1206.0591953173862,-1386.1673699056846,0,1.2323446811897876,1.0722230711947383,0
6106.9999999366701,1207.2910632168641,-1385.0945991799235,0,1.2313909555959586,1.0733182389839042,0
6107.9999998561107,1208.5219769041287,-1384.0207337104948,0,1.2304362567418978,1.0744125584495112,0
6109.0000000898726,1209.7519354061806,-1382.9457743460662,0,1.2294805853821753,1.0755060287266367,0
6110.0000000093132,1210.9809377510101,-1381.869721936353,0,1.2285239422721301,1.0765986489510304,0
6110.9999999287538,1212.2089829670731,-1380.7925773318275,0,1.2275663281678679,1.0776904182591123,0
6111.9999998481944,1213.4360700839316,-1379.7143413837766,0,1.2266077438262628,1.0787813357879759,0
6113.0000000819564,1214.6621981315548,-1378.635014944477,0,1.2256481900049554,1.0798714006753867,0
6114.000000001397,1215.887366141018,-1377.5545988669037,0,1.2246876674623535,1.0809606120597854,0
6114.9999999208376,1217.1115731438622,-1376.4730940051377,0,1.2237261769576289,1.0820489690802875,0
6116.0000001545995,1218.3348181725014,-1375.3905012138421,0,1.2227637192507195,1.0831364708766829,0
6117.0000000740401,1219.5571002602228,-1374.3068213487277,0,1.2218002951023279,1.0842231165894376,0
6117.9999999934807,1220.7784184408374,-1373.2220552663202,0,1.2208359052739204,1.085308905359694,0
6118.9999999129213,1221.9987717490876,-1372.1362038239604,0,1.2198705505277259,1.0863938363292727,0
6120.0000001466833,1223.2181592205307,-1371.0492678798619,0,1.2189042316267358,1.0874779086406712,0
6121.0000000661239,1224.4365798912477,-1369.9612482931698,0,1.2179369493347054,1.0885611214370667,0
6121.9999999855645,1225.6540327983093,-1368.8721459237859,0,1.216968704416149,1.0896434738623153,0
6122.9999999050051,1226.8705169794266,-1367.7819616325432,0,1.2159994976363433,1.090724965060953,0
6124.0000001387671,1228.0860314731835,-1366.6906962810317,0,1.2150293297613246,1.0918055941781959,0
6125.0000000582077,1229.3005753188627,-1365.5983507318306,0,1.2140582015578891,1.0928853603599427,0
6125.9999999776483,1230.5141475564451,-1364.5049258482177,0,1.2130861137935924,1.0939642627527733,0
6126.9999998970889,1231.7267472268431,-1363.4104224945186,0,1.2121130672367475,1.0950423005039509,0
6128.0000001308508,1232.9383733716095,-1362.3148415357573,0,1.2111390626564265,1.0961194727614214,0
6129.0000000502914,1234.1490250330535,-1361.2181838377728,0,1.2101641008224564,1.0971957786738153,0
6129.999999969732,1235.3587012544158,-1360.1204502674518,0,1.2091881825054234,1.0982712173904474,0
6130.9999998891726,1236.5674010795192,-1359.0216416923213,0,1.2082113084766686,1.0993457880613184,0
6132.0000001229346,1237.7751235530595,-1357.9217589809559,0,1.2072334795082886,1.1004194898371149,0
6133.0000000423752,1238.9818677204894,-1356.8208030025708,0,1.2062546963731351,1.1014923218692101,0
6133.9999999618158,1240.187632628018,-1355.7187746274285,0,1.2052749598448123,1.1025642833096649,0
6134.9999998812564,1241.3924173226114,-1354.6156747264322,0,1.2042942706976794,1.1036353733112281,0
6136.0000001150183,1242.5962208521087,-1353.5115041715326,0,1.2033126297068495,1.1047055910273369,0
6137.0000000344589,1243.7990422650473,-1352.4062638354371,0,1.2023300376481854,1.1057749356121187,0
6137.9999999538995,1245.0008806106634,-1351.2999545916682,0,1.2013464952983037,1.1068434062203907,0
6138.9999998733401,1246.2017349391244,-1350.1925773146213,0,1.2003620034345706,1.1079110020076604,0
6140.0000001071021,1247.4016043012962,-1349.0841328795068,0,1.1993765628351045,1.1089777221301271,0
6141.0000000265427,1248.6004877488012,-1347.9746221625246,0,1.1983901742787721,1.1100435657446825,0
6141.9999999459833,1249.7983843341353,-1346.8640460405149,0,1.1974028385451905,1.1111085320089111,0
6142.9999998654239,1250.9952931104344,-1345.7524053912493,0,1.1964145564147246,1.11217262008109,0
6144.0000000991859,1252.1912131317076,-1344.6397010933142,0,1.1954253286684877,1.1132358291201911,0
6145.0000000186265,1253.3861434528371,-1343.5259340262855,0,1.1944351560883395,1.1142981582858806,0
6145.999999938067,1254.580083129229,-1342.4111050703214,0,1.1934440394568879,1.1153596067385212,0
6146.9999998575076,1255.7730312172789,-1341.2952151066274,0,1.1924519795574864,1.1164201736391701,0
6148.0000000912696,1256.9649867741973,-1340.1782650171663,0,1.1914589771742343,1.1174798581495826,0
6149.0000000107102,1258.1559488577768,-1339.0602556847734,0,1.1904650330919757,1.1185386594322104,0
6149.9999999301508,1259.3459165267413,-1337.941187992983,0,1.1894701480962984,1.1195965766502043,0
6150.9999998495914,1260.5348888405715,-1336.8210628264351,0,1.1884743229735344,1.1206536089674131,0
6152.0000000833534,1261.7228648595628,-1335.6998810702935,0,1.1874775585107589,1.1217097555483848,0
6153.000000002794,1262.9098436447675,-1334.5776436108281,0,1.1864798554957892,1.1227650155583684,0
6153.9999999222346,1264.0958242579363,-1333.4543513350072,0,1.1854812147171836,1.1238193881633129,0
6155.0000001559965,1265.2808057618677,-1332.3300051306142,0,1.1844816369642435,1.1248728725298696,0
6156.0000000754371,1266.4647872198257,-1331.2046058863052,0,1.1834811230270093,1.12592546782539,0
6156.9999999948777,1267.6477676961222,-1330.0781544916099,0,1.1824796736962619,1.1269771732179306,0
6157.9999999143183,1268.8297462557093,-1328.9506518367562,0,1.1814772897635222,1.1280279878762491,0
6159.0000001480803,1270.0107219643542,-1327.8220988130197,0,1.1804739720210486,1.1290779109698084,0
6160.0000000675209,1271.1906938886968,-1326.6924963123165,0,1.1794697212618377,1.1301269416687758,0
6160.9999999869615,1272.3696610961342,-1325.5618452274357,0,1.1784645382796246,1.1311750791440245,0
6161.9999999064021,1273.5476226548199,-1324.4301464520395,0,1.1774584238688801,1.1322223225671328,0
6163.000000140164,1274.724577633664,-1323.297400880605,0,1.1764513788248117,1.1332686711103863,0
6164.0000000596046,1275.9005251025083,-1322.163609408366,0,1.1754434039433619,1.1343141239467773,0
6164.9999999790452,1277.0754641318927,-1321.028772931546,0,1.1744345000212091,1.1353586802500064,0
6165.9999998984858,1278.249393793114,-1319.8928923470085,0,1.1734246678557649,1.1364023391944829,0
6167.0000001322478,1279.4223131584586,-1318.7559685525484,0,1.1724139082451752,1.1374450999553252,0
6168.0000000516884,1280.5942213007365,-1317.6180024467758,0,1.1714022219883189,1.1384869617083613,0
6168.999999971129,1281.7651172938058,-1316.4789949290571,0,1.1703896098848068,1.1395279236301306,0
6169.9999998905696,1282.9350002121646,-1315.3389468996902,0,1.1693760727349827,1.1405679848978825,0
6171.0000001243316,1284.1038691311842,-1314.1978592597879,0,1.1683616113399204,1.1416071446895792,0
6172.0000000437722,1285.2717231270508,-1313.0557329111034,0,1.1673462265014241,1.1426454021838952,0
6172.9999999632128,1286.4385612766491,-1311.9125687564374,0,1.1663299190220284,1.1436827565602183,0
6173.9999998826534,1287.6043826577952,-1310.7683676992892,0,1.165312689704997,1.1447192069986494,0
6175.0000001164153,1288.7691863490618,-1309.6231306440313,0,1.1642945393543225,1.1457547526800047,0
6176.0000000358559,1289.9329714297783,-1308.4768584957928,0,1.1632754687747251,1.1467893927858146,0
6176.9999999552965,1291.0957369801472,-1307.329552160576,0,1.1622554787716521,1.1478231264983261,0
6177.9999998747371,1292.2574820811278,-1306.1812125451979,0,1.1612345701512783,1.1488559530005025,0
6179.0000001084991,1293.4182058144943,-1305.0318405572325,0,1.1602127437205034,1.1498878714760234,0
6180.0000000279397,1294.5779072628939,-1303.8814371051849,0,1.1591900002869537,1.150918881109287,0
6180.9999999473803,1295.7365855096723,-1302.7300030982587,0,1.1581663406589788,1.1519489810854091,0
6181.9999998668209,1296.8942396390485,-1301.5775394465309,0,1.157141765645654,1.1529781705902249,0
6183.0000001005828,1298.0508687361144,-1300.4240470608347,0,1.1561162760567774,1.1540064488102888,0
6184.0000000200234,1299.2064718866022,-1299.2695268529351,0,1.1550898727028702,1.1550338149328756,0
6184.999999939464,1300.3610481771757,-1298.1139797352953,0,1.154062556395175,1.1560602681459817,0
6185.9999998589046,1301.5145966953132,-1296.9574066211935,0,1.153034327945657,1.1570858076383241,0
6187.0000000926666,1302.6671165293083,-1295.7998084248393,0,1.1520051881670021,1.1581104325993425,0
6188.0000000121072,1303.8186067681527,-1294.6411860611406,0,1.1509751378726161,1.1591341422191996,0
6188.9999999315478,1304.9690665018279,-1293.4815404457622,0,1.1499441778766251,1.1601569356887804,0
6189.9999998509884,1306.1184948209557,-1292.3208724954166,0,1.1489123089938733,1.1611788121996958,0
6191.0000000847504,1307.266890817089,-1291.1591831273399,0,1.1478795320399238,1.16219977094428,0
6192.000000004191,1308.4142535825958,-1289.9964732597,0,1.1468458478310575,1.1632198111155929,0
6192.9999999236315,1309.5605822106008,-1288.8327438115375,0,1.1458112571842718,1.1642389319074209,0
6193.9999998430721,1310.7058757951017,-1287.6679957025917,0,1.1447757609172813,1.1652571325142764,0
6195.0000000768341,1311.850133430853,-1286.5022298535332,0,1.1437393598485159,1.1662744121313993,0
6195.9999999962747,1312.9933542134822,-1285.3354471856146,0,1.1427020547971216,1.1672907699547583,0
6196.9999999157153,1314.1355372393737,-1284.1676486211363,0,1.1416638465829569,1.1683062051810496,0
6198.0000001494773,1315.2766816058429,-1282.998835083039,0,1.1406247360265955,1.1693207170076985,0
6199.0000000689179,1316.4167864109622,-1281.8290074951947,0,1.1395847239493244,1.1703343046328609,0
6199.9999999883585,1317.5558507535025,-1280.6581667821156,0,1.1385438111731427,1.1713469672554226,0
6200.9999999077991,1318.6938737333403,-1279.4863138692454,0,1.1375019985207615,1.1723587040750008,0
6202.000000141561,1319.8308544508764,-1278.3134496828425,0,1.1364592868156032,1.1733695142919445,0
6203.0000000610016,1320.966792007559,-1277.1395751498058,0,1.1354156768818009,1.1743793971073346,0
6203.9999999804422,1322.101685505535,-1275.9646911980235,0,1.1343711695441967,1.1753883517229855,0
6204.9999998998828,1323.2355340477661,-1274.7887987560243,0,1.1333257656283438,1.1763963773414452,0
6206.0000001336448,1324.3683367382037,-1273.6118987532682,0,1.1322794659605022,1.1774034731659953,0
6207.0000000530854,1325.5000926813809,-1272.4339921199135,0,1.131232271367641,1.178409638400653,0
6207.999999972526,1326.630800982879,-1271.2550797869335,0,1.1301841826774355,1.1794148722501712,0
6208.9999998919666,1327.7604607489775,-1270.0751626861165,0,1.1291352007182696,1.1804191739200378,0
6210.0000001257285,1328.8890710868291,-1268.8942417500657,0,1.1280853263192321,1.1814225426164784,0
6211.0000000451691,1330.0166311044013,-1267.7123179121409,0,1.1270345603101166,1.1824249775464559,0
6211.9999999646097,1331.143139910535,-1266.5293921065168,0,1.1259829035214217,1.1834264779176711,0
6212.9999998840503,1332.2685966148274,-1265.3454652681248,0,1.1249303567843505,1.1844270429385635,0
6214.0000001178123,1333.3930003277492,-1264.1605383326532,0,1.1238769209308099,1.185426671818312,0
6215.0000000372529,1334.5163501605857,-1262.9746122367796,0,1.1228225967934087,1.1864253637668349,0
6215.9999999566935,1335.6386452254956,-1261.7876879177056,0,1.1217673852054575,1.1874231179947912,0
6216.9999998761341,1336.7598846354522,-1260.5997663136222,0,1.120711287000969,1.1884199337135817,0
6218.0000001098961,1337.8800675042439,-1259.4108483634191,0,1.1196543030146566,1.1894158101353483,0
6219.0000000293367,1338.9991929465323,-1258.2209350067424,0,1.1185964340819337,1.1904107464729754,0
6219.9999999487773,1340.1172600777354,-1257.0300271840533,0,1.1175376810389128,1.1914047419400908,0
6220.9999998682179,1341.2342680141446,-1255.8381258367444,0,1.1164780447224052,1.1923977957510659,0
6222.0000001019798,1342.3502158729825,-1254.6452319067321,0,1.1154175259699222,1.1933899071210152,0
6223.0000000214204,1343.4651027722284,-1253.4513463368639,0,1.1143561256196692,1.1943810752657993,0
6223.999999940861,1344.5789278306765,-1252.2564700708608,0,1.1132938445105518,1.1953712994020242,0
6224.9999998603016,1345.691690167936,-1251.0606040530256,0,1.1122306834821687,1.1963605787470419,0
6226.0000000940636,1346.8033889046055,-1249.8637492285343,0,1.1111666433748164,1.1973489125189514,0
6227.0000000135042,1347.914023161924,-1248.665906543436,0,1.1101017250294842,1.1983362999365983,0
6227.9999999329448,1349.0235920621781,-1247.4670769443619,0,1.1090359292878575,1.1993227402195761,0
6228.9999998523854,1350.132094728353,-1246.2672613789327,0,1.1079692569923139,1.2003082325882282,0
6230.0000000861473,1351.2395302842488,-1245.0664607954677,0,1.1069017089859245,1.2012927762636458,0
6231.0000000055879,1352.3458978547133,-1243.8646761429263,0,1.1058332861124516,1.2022763704676709,0
6231.9999999250285,1353.4511965651764,-1242.6619083712576,0,1.1047639892163499,1.2032590144228956,0
6232.9999998444691,1354.5554255420575,-1241.458158431109,0,1.103693819142765,1.2042407073526624,0
6234.0000000782311,1355.6585839126492,-1240.2534272738267,0,1.1026227767375318,1.2052214484810666,0
6234.9999999976717,1356.7606708050589,-1239.0477158516296,0,1.1015508628471746,1.2062012370329551,0
6235.9999999171123,1357.8616853481508,-1237.8410251175519,0,1.1004780783189081,1.2071800722339274,0
6237.0000001508743,1358.9616266717785,-1236.6333560252097,0,1.0994044240006327,1.2081579533103375,0
6238.0000000703149,1360.0604939064942,-1235.4247095292085,0,1.0983299007409393,1.2091348794892931,0
6238.9999999897555,1361.1582861838979,-1234.2150865847943,0,1.0972545093891024,1.2101108499986564,0
6239.999999909196,1362.2550026361714,-1233.004488148028,0,1.0961782507950844,1.2110858640670445,0
6241.000000142958,1363.350642396661,-1231.7929151757271,0,1.0951011258095331,1.2120599209238314,0
6242.0000000623986,1364.4452045992948,-1230.580368625524,0,1.094023135283781,1.213033019799147,0
6242.9999999818392,1365.5386883789906,-1229.3668494557496,0,1.0929442800698448,1.2140051599238788,0
6243.9999999012798,1366.6310928714811,-1228.1523586254916,0,1.0918645610204232,1.2149763405296718,0
6245.0000001350418,1367.722417213372,-1226.9368970947689,0,1.0907839789888996,1.2159465608489295,0
6246.0000000544824,1368.8126605420839,-1225.7204658241826,0,1.0897025348293383,1.216915820114814,0
6246.999999973923,1369.9018219959689,-1224.5030657751486,0,1.0886202293964857,1.2178841175612478,0
6247.9999998933636,1370.9899007140775,-1223.2846979098977,0,1.0875370635457688,1.2188514524229128,0
6249.0000001271255,1372.0768958365079,-1222.0653631914174,0,1.0864530381332942,1.219817823935252,0
6250.0000000465661,1373.162806504115,-1220.8450625833939,0,1.0853681540158482,1.22078323133447,0
6250.9999999660067,1374.2476318586268,-1219.6237970503862,0,1.0842824120508956,1.2217476738575335,0
6251.9999998854473,1375.3313710425864,-1218.4015675575356,0,1.0831958130965791,1.2227111507421706,0
6253.0000001192093,1376.4140231994097,-1217.178375071031,0,1.0821083580117195,1.2236736612268746,0
6254.0000000386499,1377.4955874735024,-1215.9542205574689,0,1.0810200476558132,1.224635204550901,0
6254.9999999580905,1378.5760630099103,-1214.7291049845517,0,1.0799308828890339,1.2255957799542707,0
6255.9999998775311,1379.655448954727,-1213.5030293205054,0,1.0788408645722294,1.226555386677769,0
6257.000000111293,1380.7337444548612,-1212.2759945343132,0,1.0777499935669224,1.2275140239629465,0
6258.0000000307336,1381.8109486579197,-1211.0480015959474,0,1.0766582707353103,1.2284716910521212,0
6258.9999999501742,1382.8870607126737,-1209.8190514759044,0,1.0755656969402629,1.2294283871883778,0
6259.9999998696148,1383.9620797684765,-1208.5891451454954,0,1.0744722730453229,1.2303841116155672,0
6261.0000001033768,1385.0360049756709,-1207.3582835767884,0,1.0733779999147048,1.2313388635783085,0
6262.0000000228174,1386.1088354854728,-1206.1264677427243,0,1.0722828784132941,1.2322926423219906,0
6262.999999942258,1387.1805704499711,-1204.8936986168264,0,1.0711869094066473,1.2332454470927707,0
6263.9999998616986,1388.2512090220698,-1203.6599771734327,0,1.0700900937609905,1.2341972771375767,0
6265.0000000954606,1389.3207503556041,-1202.4253043876961,0,1.0689924323432187,1.2351481317041053,0
6266.0000000149012,1390.3891936051659,-1201.189681235468,0,1.0678939260208971,1.2360980100408261,0
6266.9999999343418,1391.4565379262785,-1199.9531086932984,0,1.0667945756622557,1.2370469113969784,0
6267.9999998537824,1392.5227824753965,-1198.7155877385521,0,1.0656943821361939,1.2379948350225753,0
6269.0000000875443,1393.5879264097894,-1197.4771193494089,0,1.064593346312277,1.2389417801684013,0
6270.0000000069849,1394.6519688875414,-1196.2377045046305,0,1.0634914690607356,1.2398877460860154,0
6270.9999999264255,1395.7149090677267,-1194.9973441839102,0,1.062388751252465,1.2408327320277497,0
6271.9999998458661,1396.7767461101757,-1193.7560393674648,0,1.0612851937590264,1.2417767372467114,0
6273.0000000796281,1397.8374791756505,-1192.5137910365593,0,1.0601807974526425,1.2427197609967828,0
6273.9999999990687,1398.8971074257861,-1191.2706001729239,0,1.0590755632062017,1.243661802532622,0
6274.9999999185093,1399.9556300230324,-1190.0264677591622,0,1.0579694918932521,1.2446028611096631,0
6276.0000001522712,1401.013046130829,-1188.7813947785762,0,1.0568625843880048,1.245542935984117,0
6277.0000000717118,1402.0693549133721,-1187.5353822153411,0,1.0557548415653319,1.2464820264129721,0
6277.9999999911524,1403.1245555357891,-1186.2884310541558,0,1.0546462643007639,1.2474201316539957,0
6278.999999910593,1404.178647164139,-1185.0405422806507,0,1.0535368534704936,1.248357250965733,0
6280.000000144355,1405.231628965179,-1183.7917168810964,0,1.0524266099513704,1.2492933836075084,0
6281.0000000637956,1406.2835001067724,-1182.5419558425783,0,1.0513155346209033,1.2502285288394266,0
6281.9999999832362,1407.3342597574228,-1181.2912601528224,0,1.050203628357258,1.2511626859223723,0
6282.9999999026768,1408.383907086798,-1180.0396308003692,0,1.0490908920392561,1.2520958541180114,0
6284.0000001364388,1409.4324412651476,-1178.787068774458,0,1.047977326546377,1.2530280326887915,0
6285.0000000558794,1410.4798614637693,-1177.5335750650847,0,1.0468629327587549,1.2539592208979424,0
6285.99999997532,1411.5261668548337,-1176.2791506630019,0,1.0457477115571785,1.2548894180094763,0
6286.9999998947605,1412.5713566113845,-1175.0237965597189,0,1.0446316638230893,1.2558186232881889,0
6288.0000001285225,1413.6154299072805,-1173.767513747327,0,1.0435147904385844,1.2567468359996601,0
6289.0000000479631,1414.6583859173115,-1172.5103032187908,0,1.0423970922864119,1.2576740554102535,0
6289.9999999674037,1415.700223817199,-1171.2521659678314,0,1.0412785702499718,1.2586002807871193,0
6290.9999998868443,1416.7409427834791,-1169.9931029888103,0,1.0401592252133161,1.2595255113981916,0
6292.0000001206063,1417.7805419936194,-1168.7331152768456,0,1.0390390580611464,1.260449746512192,0
6293.0000000400469,1418.8190206259023,-1167.4722038278705,0,1.0379180696788137,1.2613729853986282,0
6293.9999999594875,1419.8563778595417,-1166.2103696384002,0,1.0367962609523202,1.2622952273277956,0
6294.9999998789281,1420.8926128746243,-1164.9476137057645,0,1.0356736327683143,1.2632164715707779,0
6296.00000011269,1421.9277248522267,-1163.6839370280504,0,1.0345501860140938,1.2641367173994469,0
6297.0000000321306,1422.9617129741237,-1162.4193406040431,0,1.0334259215776016,1.2650559640864634,0
6297.9999999515712,1423.9945764230797,-1161.1538254331681,0,1.0323008403474279,1.2659742109052783,0
6298.9999998710118,1425.0263143828488,-1159.8873925157241,0,1.031174943212809,1.2668914571301322,0
6300.0000001047738,1426.0569260378252,-1158.6200428527081,0,1.030048231063625,1.2678077020360572,0
6301.0000000242144,1427.0864105735673,-1157.3517774456996,0,1.028920704790401,1.2687229448988757,0
6301.999999943655,1428.114767176332,-1156.0825972971506,0,1.0277923652843044,1.2696371849952044,0
6302.9999998630956,1429.1419950333657,-1154.8125034102122,0,1.0266632134371472,1.2705504216024504,0
6304.0000000968575,1430.1680933327298,-1153.5414967886754,0,1.0255332501413814,1.2714626539988145,0
6305.0000000162981,1431.1930612634751,-1152.2695784371463,0,1.0244024762901027,1.272373881463291,0
6305.9999999357387,1432.2168980154092,-1150.9967493609875,0,1.0232708927770453,1.2732841032756692,0
6306.9999998551793,1433.2396027794457,-1149.7230105660856,0,1.0221385004965844,1.2741933187165326,0
6308.0000000889413,1434.2611747471383,-1148.4483630592003,0,1.0210053003437338,1.2751015270672605,0
6309.0000000083819,1435.2816131111467,-1147.1728078478482,0,1.0198712932141469,1.276008727610028,0
6309.9999999278225,1436.3009170648875,-1145.8963459401857,0,1.0187364800041134,1.2769149196278071,0
6310.9999998472631,1437.3190858027665,-1144.61897834501,0,1.0176008616105616,1.2778201024043661,0
6312.0000000810251,1438.3361185200047,-1143.3407060720492,0,1.0164644389310551,1.2787242752242713,0
6313.0000000004657,1439.3520144128124,-1142.0615301314974,0,1.0153272128637938,1.2796274373728878,0
6313.9999999199063,1440.3667726782151,-1140.7814515344216,0,1.0141891843076127,1.2805295881363787,0
6315.0000001536682,1441.3803925142274,-1139.5004712925875,0,1.0130503541619802,1.2814307268017073,0
6316.0000000731088,1442.3928731196793,-1138.2185904184007,0,1.0119107233269991,1.2823308526566364,0
6316.9999999925494,1443.4042136942735,-1136.9358099250821,0,1.0107702927034043,1.2832299649897292,0
6317.99999991199,1444.4144134387607,-1135.6521308264928,0,1.0096290631925637,1.28412806309035,0
6319.000000145752,1445.4234715546481,-1134.3675541372504,0,1.0084870356964766,1.285025146248665,0
6320.0000000651926,1446.4313872444909,-1133.0820808725548,0,1.0073442111177722,1.2859212137556424,0
6320.9999999846332,1447.4381597115425,-1131.7957120484789,0,1.0062005903597098,1.2868162649030528,0
6321.9999999040738,1448.4437881601043,-1130.5084486817941,0,1.0050561743261786,1.2877102989834703,0
6323.0000001378357,1449.4482717953506,-1129.2202917897957,0,1.0039109639216961,1.2886033152902741,0
6324.0000000572763,1450.4516098234453,-1127.9312423907104,0,1.0027649600514073,1.2894953131176454,0
6324.9999999767169,1451.4538014513091,-1126.6413015032886,0,1.001618163621085,1.2903862917605722,0
6325.9999998961575,1452.4548458867939,-1125.3504701471538,0,1.0004705755371281,1.2912762505148483,0
6327.0000001299195,1453.4547423387994,-1124.0587493424537,0,0.99932219670656097,1.2921651886770715,0
6328.0000000493601,1454.4534900169238,-1122.7661401102087,0,0.99817302803703301,1.2930531055446486,0
6328.9999999688007,1455.4510881318711,-1121.4726434720214,0,0.99702307043681826,1.2939400004157919,0
6329.9999998882413,1456.4475358951604,-1120.1782604502514,0,0.99587232481481414,1.2948258725895223,0
6331.0000001220033,1457.4428325191257,-1118.8829920679564,0,0.99472079208054065,1.2957107213656693,0
6332.0000000414439,1458.4369772172067,-1117.5868393488927,0,0.99356847314414043,1.2965945460448709,0
6332.9999999608845,1459.4299692036584,-1116.2898033175152,0,0.99241536891637694,1.2974773459285736,0
6333.999999880325,1460.4218076936086,-1114.9918849988608,0,0.9912614803086347,1.298359120319035,0
6335.000000114087,1461.4124919031165,-1113.6930854188977,0,0.99010680823291786,1.2992398685193238,0
6336.0000000335276,1462.4020210492308,-1112.393405604118,0,0.98895135360184983,1.300119589833318,0
6336.9999999529682,1463.3903943497571,-1111.0928465817706,0,0.98779511732867309,1.3009982835657086,0
6337.9999998724088,1464.3776110236067,-1109.7914093797444,0,0.98663810032724752,1.3018759490219982,0
6339.0000001061708,1465.363670290506,-1108.4890950267436,0,0.98548030351204963,1.3027525855085023,0
6340.0000000256114,1466.3485713710543,-1107.1859045519959,0,0.98432172779817317,1.3036281923323492,0
6340.999999945052,1467.3323134867824,-1105.881838985486,0,0.9831623741013269,1.3045027688014819,0
6341.9999998644926,1468.3148958602105,-1104.5768993580714,0,0.98200224333783459,1.3053763142246573,0
6343.0000000982545,1469.2963177147321,-1103.2710867009591,0,0.980841336424634,1.3062488279114468,0
6344.0000000176951,1470.2765782746719,-1101.9644020463456,0,0.97967965427927683,1.3071203091722381,0
6344.9999999371357,1471.2556767651695,-1100.6568464270094,0,0.97851719781992741,1.3079907573182348,0
6345.9999998565763,1472.2336124124704,-1099.3484208763111,0,0.97735396796536167,1.3088601716614561,0
6347.0000000903383,1473.2103844436351,-1098.0391264284845,0,0.97618996563496696,1.3097285515147392,0
6348.0000000097789,1474.1859920865973,-1096.7289641183452,0,0.97502519174874136,1.3105958961917386,0
6348.9999999292195,1475.1604345702217,-1095.4179349814076,0,0.97385964722729279,1.3114622050069269,0
6349.9999998486601,1476.1337111244793,-1094.1060400538845,0,0.97269333299183769,1.3123274772755955,0
6351.000000082422,1477.1058209799812,-1092.7932803726289,0,0.97152624996420167,1.3131917123138555,0
6352.0000000018626,1478.0767633684445,-1091.4796569751925,0,0.97035839906681742,1.3140549094386367,0
6352.9999999213032,1479.0465375224594,-1090.1651708999416,0,0.96918978122272503,1.3149170679676907,0
6354.0000001550652,1480.0151426755474,-1088.8498231857084,0,0.96802039735557011,1.3157781872195891,0
6355.0000000745058,1480.9825780621031,-1087.5336148721399,0,0.96685024838960409,1.3166382665137244,0
6355.9999999939464,1481.948842917569,-1086.2165469995234,0,0.96567933524968319,1.3174973051703125,0
6356.999999913387,1482.9139364782022,-1084.898620608903,0,0.96450765886126755,1.3183553025103909,0
6358.000000147149,1483.8778579811915,-1083.5798367418465,0,0.96333522015042017,1.3192122578558199,0
6359.0000000665896,1484.8406066647149,-1082.2601964407368,0,0.96216202004380735,1.3200681705292832,0
6359.9999999860302,1485.8021817678236,-1080.9397007485968,0,0.9609880594686967,1.3209230398542902,0
6360.9999999054708,1486.7625825304422,-1079.6183507090318,0,0.95981333935295654,1.3217768651551731,0
6362.0000001392327,1487.7218081936589,-1078.29614736652,0,0.9586378606250564,1.3226296457570905,0
6363.0000000586733,1488.6798579991446,-1076.9730917660054,0,0.95746162421406478,1.3234813809860257,0
6363.9999999781139,1489.636731189792,-1075.6491849531885,0,0.956284631049649,1.3243320701687886,0
6364.9999998975545,1490.5924270093092,-1074.324427974585,0,0.95510688206207472,1.3251817126330165,0
6366.0000001313165,1491.546944702277,-1072.9988218770595,0,0.95392837818220488,1.3260303077071738,0
6367.0000000507571,1492.5002835143823,-1071.6723677085247,0,0.9527491203414995,1.326877854720552,0
6367.9999999701977,1493.4524426919525,-1070.3450665172422,0,0.95156910947201345,1.3277243530032716,0
6368.9999998896383,1494.4034214825951,-1069.0169193522888,0,0.95038834650639781,1.3285698018862813,0
6370.0000001234002,1495.3532191346167,-1067.6879272634396,0,0.9492068323778976,1.3294142007013605,0
6371.0000000428408,1496.3018348972546,-1066.3580913011101,0,0.94802456802035162,1.3302575487811166,0
6371.9999999622814,1497.2492680208525,-1065.027412516356,0,0.94684155436819206,1.3310998454589891,0
6372.999999881722,1498.1955177565687,-1063.6958919609315,0,0.94565779235644265,1.3319410900692488,0
6374.000000115484,1499.1405833564349,-1062.3635306871147,0,0.94447328292071897,1.3327812819469966,0
6375.0000000349246,1500.0844640735886,-1061.0303297481732,0,0.94328802699722758,1.3336204204281663,0
6375.9999999543652,1501.0271591619239,-1059.6962901976658,0,0.94210202552276401,1.3344585048495239,0
6376.9999998738058,1501.968667876441,-1058.3614130900241,0,0.94091527943471454,1.335295534548669,0
6378.0000001075678,1502.9089894728968,-1057.0256994803203,0,0.93972778967105286,1.3361315088640344,0
6379.0000000270084,1503.848123208154,-1055.6891504243249,0,0.93853955717034065,1.3369664271348871,0
6379.999999946449,1504.7860683400068,-1054.3517669783323,0,0.93735058287172734,1.3378002887013285,0
6380.9999998658895,1505.7228241269477,-1053.0135501993354,0,0.93616086771494778,1.338633092904296,0
6382.0000000996515,1506.6583898287499,-1051.6745011451421,0,0.93497041264032232,1.3394648390855624,0
6383.0000000190921,1507.5927647059434,-1050.3346208740841,0,0.93377921858875723,1.3402955265877363,0
6383.9999999385327,1508.5259480199311,-1048.9939104451332,0,0.93258728650174205,1.3411251547542631,0
6384.9999998579733,1509.4579390332219,-1047.6523709179019,0,0.93139461732134921,1.3419537229294263,0
6386.0000000917353,1510.3887370091979,-1046.3100033528171,0,0.93020121199023442,1.3427812304583462,0
6387.0000000111759,1511.3183412121725,-1044.9668088107719,0,0.92900707145163519,1.3436076766869818,0
6387.9999999306165,1512.2467509073322,-1043.6227883534157,0,0.92781219664937009,1.3444330609621309,0
6388.9999998500571,1513.1739653610275,-1042.2779430430382,0,0.92661658852783735,1.3452573826314307,0
6390.000000083819,1514.0999838402495,-1040.9322739425697,0,0.9254202480320155,1.3460806410433583,0
6391.0000000032596,1515.0248056132696,-1039.5857821155805,0,0.92422317610746241,1.346902835547231,0
6391.9999999227002,1515.9484299489995,-1038.2384686263395,0,0.92302537370031279,1.3477239654932072,0
6393.0000001564622,1516.8708561174572,-1036.8903345396393,0,0.92182684175727958,1.3485440302322864,0
6394.0000000759028,1517.7920833896496,-1035.5413809211459,0,0.9206275812256518,1.3493630291163101,0
6394.9999999953434,1518.7121110373992,-1034.1916088369326,0,0.91942759305329547,1.350180961497963,0
6395.999999914784,1519.6309383335174,-1032.8410193538875,0,0.91822687818864979,1.3509978267307714,0
6397.000000148546,1520.5485645518638,-1031.4896135394229,0,0.91702543758072974,1.3518136241691063,0
6398.0000000679865,1521.4649889671127,-1030.1373924616491,0,0.91582327217912374,1.3526283531681815,0
6398.9999999874271,1522.380210854928,-1028.7843571894336,0,0.91462038293399262,1.3534420130840557,0
6399.9999999068677,1523.2942294919631,-1027.4305087920511,0,0.91341677079607009,1.3542546032736331,0
6401.0000001406297,1524.2070441558608,-1026.0758483396494,0,0.91221243671665997,1.3550661230946626,0
6402.0000000600703,1525.118654125079,-1024.7203769029002,0,0.91100738164763828,1.3558765719057397,0
6402.9999999795109,1526.0290586791234,-1023.3640955530573,0,0.90980160654144948,1.3566859490663066,0
6403.9999998989515,1526.938257098489,-1022.0070053621894,0,0.90859511235110757,1.3574942539366515,0
6405.0000001327135,1527.8462486644858,-1020.6491074028309,0,0.90738790003019532,1.3583014858779112,0
6406.0000000521541,1528.7530326594715,-1019.2904027482728,0,0.90617997053286259,1.3591076442520698,0
6406.9999999715947,1529.6586083667935,-1017.9308924723882,0,0.90497132481382647,1.3599127284219601,0
6407.9999998910353,1530.5629750706721,-1016.5705776497489,0,0.9037619638283696,1.3607167377512637,0
6409.0000001247972,1531.4661320563755,-1015.209459355392,0,0.90255188853234047,1.3615196716045121,0
6410.0000000442378,1532.3680786099867,-1013.8475386652281,0,0.90134109988215216,1.3623215293470867,0
6410.9999999636784,1533.2688140186365,-1012.484816655633,0,0.90012959883478116,1.3631223103452199,0
6411.999999883119,1534.1683375705034,-1011.1212944036815,0,0.89891738634776719,1.3639220139659942,0
6413.000000116881,1535.0666485545225,-1009.7569729870302,0,0.89770446337921228,1.3647206395773444,0
6414.0000000363216,1535.9637462607352,-1008.3918534840341,0,0.89649083088778048,1.3655181865480566,0
6414.9999999557622,1536.8596299801138,-1007.0259369736887,0,0.89527648983269559,1.3663146542477702,0
6415.9999998752028,1537.7542990045622,-1005.6592245355132,0,0.89406144117374209,1.3671100420469773,0
6417.0000001089647,1538.6477526269155,-1004.2917172497837,0,0.89284568587126412,1.3679043493170233,0
6418.0000000284053,1539.5399901410565,-1002.9234161972417,0,0.89162922488616358,1.3686975754301078,0
6418.9999999478459,1540.4310108417994,-1001.5543224595021,0,0.89041205917990041,1.3694897197592861,0
6419.9999998672865,1541.3208140248316,-1000.1844371185289,0,0.88919418971449127,1.3702807816784663,0
6421.0000001010485,1542.2093989869463,-998.81376125715906,0,0.88797561745250986,1.3710707605624133,0
6422.0000000204891,1543.0967650258099,-997.44229595863726,0,0.88675634335708464,1.3718596557867477,0
6422.9999999399297,1543.98291144002,-996.07004230702296,0,0.88553636839189909,1.3726474667279467,0
6423.9999998593703,1544.8678375292802,-994.69700138684129,0,0.88431569352119044,1.3734341927633442,0
6425.0000000931323,1545.7515425941092,-993.32317428331589,0,0.88309431970974928,1.3742198332711326,0
6426.0000000125729,1546.634025936015,-991.94856208231067,0,0.8818722479229183,1.3750043876303613,0
6426.9999999320135,1547.5152868576115,-990.57316587032983,0,0.88064947912659253,1.3757878552209377,0
6427.999999851454,1548.3953246622696,-989.19698673434323,0,0.87942601428721701,1.3765702354236296,0
6429.000000085216,1549.2741386544658,-987.82002576213563,0,0.87820185437178755,1.3773515276200632,0
6430.0000000046566,1550.1517281396664,-986.44228404201567,0,0.8769770003478492,1.378131731192725,0
6430.9999999240972,1551.0280924241524,-985.06376266281586,0,0.87575145318349545,1.3789108455249617,0
6431.9999998435378,1551.903230815311,-983.68446271424182,0,0.87452521384736781,1.3796888700009813,0
6433.0000000772998,1552.7771426214022,-982.30438528634841,0,0.873298283308655,1.3804658040058533,0
6433.9999999967404,1553.6498271518503,-980.92353146988899,0,0.87207066253709165,1.381241646925508,0
6434.999999916181,1554.5212837167201,-979.54190235637361,0,0.87084235250295816,1.3820163981467388,0
6436.0000001499429,1555.3915116274147,-978.1594990377198,0,0.86961335417707963,1.3827900570572025,0
6437.0000000693835,1556.260510195978,-976.77632260654354,0,0.86838366853082538,1.3835626230454188,0
6437.9999999888241,1557.1282787356758,-975.39237415615935,0,0.8671532965361074,1.3843340955007708,0
6438.9999999082647,1557.9948165605892,-974.00765478028916,0,0.86592223916538114,1.3851044738135059,0
6440.0000001420267,1558.860122985905,-972.62216557341162,0,0.86469049739164261,1.3858737573747366,0
6441.0000000614673,1559.7241973275668,-971.23590763064567,0,0.86345807218842974,1.3866419455764409,0
6441.9999999809079,1560.5870389027405,-969.8488820475759,0,0.86222496452981978,1.3874090378114627,0
6442.9999999003485,1561.4486470294651,-968.4610899205436,0,0.86099117539043035,1.3881750334735112,0
6444.0000001341105,1562.309021026711,-967.07253234635573,0,0.85975670574541718,1.3889399319571629,0
6445.000000053551,1563.1681602144381,-965.68321042257594,0,0.85852155657047313,1.3897037326578614,0
6445.9999999729916,1564.0260639136541,-964.29312524717534,0,0.8572857288418293,1.3904664349719182,0
6446.9999998924322,1564.8827314462978,-962.90227791893994,0,0.85604922353625268,1.3912280382965121,0
6448.0000001261942,1565.7381621351815,-961.51066953712143,0,0.85481204163104585,1.391988542029692,0
6449.0000000456348,1566.5923553043394,-960.11830120161176,0,0.85357418410404551,1.3927479455703742,0
6449.9999999650754,1567.4453102785628,-958.72517401294317,0,0.85233565193362326,1.393506248318346,0
6450.999999884516,1568.2970263836323,-957.33128907211358,0,0.85109644609868362,1.3942634496742634,0
6452.000000118278,1569.1475029464928,-955.93664748087758,0,0.84985656757866346,1.3950195490396542,0
6453.0000000377186,1569.9967392949038,-954.54125034157187,0,0.8486160173535312,1.3957745458169166,0
6453.9999999571592,1570.8447347576148,-953.14509875699878,0,0.84737479640378643,1.39652843940932,0
6454.9999998765998,1571.6914886644809,-951.74819383065915,0,0.84613290571045907,1.3972812292210062,0
6456.0000001103617,1572.5370003461139,-950.3505366666941,0,0.84489034625510739,1.3980329146569888,0
6457.0000000298023,1573.3812691344065,-948.95212836971041,0,0.84364711901981948,1.398783495123155,0
6457.9999999492429,1574.2242943618912,-947.55297004495515,0,0.84240322498721054,1.3995329700262651,0
6458.9999998686835,1575.0660753624397,-946.15306279837387,0,0.84115866514042281,1.4002813387739532,0
6460.0000001024455,1575.9066114705638,-944.75240773631958,0,0.8399134404631251,1.401028600774727,0
6461.0000000218861,1576.7459020220558,-943.351005965902,0,0.83866755193951137,1.40177475543797,0
6461.9999999413267,1577.5839463535231,-941.94885859475471,0,0.83742100055430013,1.4025198021739407,0
6462.9999998607673,1578.4207438025624,-940.54596673109336,0,0.83617378729273428,1.4032637403937722,0
6464.0000000945292,1579.2562937078183,-939.14233148365747,0,0.83492591314057929,1.4040065695094752,0
6465.0000000139698,1580.0905954088666,-937.73795396194328,0,0.8336773790841242,1.4047482889339362,0
6465.9999999334104,1580.9236482463311,-936.33283527591266,0,0.83242818611017755,1.4054888980809193,0
6466.999999852851,1581.7554515617667,-934.92697653605137,0,0.83117833520607043,1.406228396365065,0
6468.000000086613,1582.5860046977759,-933.52037885366008,0,0.82992782735965342,1.4069667832018933,0
6469.0000000060536,1583.4153069978347,-932.11304334033048,0,0.82867666355929592,1.4077040580078017,0
6469.9999999254942,1584.2433578065247,-930.70497110852739,0,0.82742484479388634,1.408440220200067,0
6470.9999998449348,1585.0701564694173,-929.29616327100666,0,0.82617237205283045,1.4091752691968447,0
6472.0000000786968,1585.8957023330149,-927.88662094133906,0,0.82491924632605118,1.409909204417171,0
6472.9999999981374,1586.7199947447516,-926.47634523361921,0,0.82366546860398693,1.4106420252809626,0
6473.999999917578,1587.5430330532254,-925.06533726246562,0,0.82241103987759245,1.411373731209016,0
6475.0000001513399,1588.3648166078492,-923.65359814302064,0,0.82115596113833611,1.4121043216230094,0
6476.0000000707805,1589.185344759142,-922.24112899124157,0,0.81990023337820039,1.4128337959455026,0
6476.9999999902211,1590.0046168586123,-920.8279309233767,0,0.81864385758968061,1.4135621535999374,0
6477.9999999096617,1590.8226322586415,-919.41400505643105,0,0.81738683476578433,1.4142893940106387,0
6479.0000001434237,1591.6393903127755,-917.99935250799172,0,0.81612916590003115,1.4150155166028138,0
6480.0000000628643,1592.454890375433,-916.58397439605324,0,0.81487085198645026,1.4157405208025537,0
6480.9999999823049,1593.2691318020807,-915.16787183936685,0,0.81361189401958089,1.4164644060368337,0
6481.9999999017455,1594.0821139491163,-913.75104595714947,0,0.81235229299447198,1.4171871717335134,0
6483.0000001355074,1594.8938361740438,-912.33349786925828,0,0.81109204990668005,1.4179088173213366,0
6484.000000054948,1595.7042978352401,-910.91522869607434,0,0.80983116575226921,1.4186293422299332,0
6484.9999999743886,1596.5134982921882,-909.49623955856077,0,0.80856964152781075,1.4193487458898184,0
6485.9999998938292,1597.3214369052439,-908.07653157820459,0,0.80730747823038118,1.4200670277323939,0
6487.0000001275912,1598.1281130359275,-906.65610587719129,0,0.80604467685756243,1.420784187189948,0
6488.0000000470318,1598.9335260466323,-905.23496357817203,0,0.80478123840744087,1.4215002236956562,0
6488.9999999664724,1599.7376753007411,-903.81310580432182,0,0.80351716387860606,1.4222151366835807,0
6489.999999885913,1600.5405601626844,-902.39053367951419,0,0.80225245427015057,1.4229289255886728,0
6491.000000119675,1601.3421799978823,-900.96724832803011,0,0.80098711058166916,1.4236415898467722,0
6492.0000000391155,1602.1425341728027,-899.54325087484904,0,0.79972113381325705,1.4243531288946067,0
6492.9999999585561,1602.9416220548446,-898.1185424454743,0,0.79845452496551028,1.4250635421697939,0
6493.9999998779967,1603.7394430123968,-896.69312416599132,0,0.79718728503952452,1.4257728291108409,0
6495.0000001117587,1604.5359964148956,-895.26699716289295,0,0.79591941503689423,1.4264809891571453,0
6496.0000000311993,1605.3312816327671,-893.84016256348696,0,0.79465091595971149,1.4271880217489958,0
6496.9999999506399,1606.1252980374848,-892.41262149543036,0,0.79338178881056587,1.4278939263275714,0
6497.9999998700805,1606.9180450013955,-890.98437508702045,0,0.79211203459254376,1.4285987023349429,0
6499.0000001038425,1607.7095218979521,-889.55542446713662,0,0.79084165430922615,1.4293023492140737,0
6500.0000000232831,1608.4997281016549,-888.12577076512389,0,0.78957064896468976,1.4300048664088185,0
6500.9999999427237,1609.2886629878776,-886.6954151110258,0,0.78829901956350512,1.4307062533639257,0
6501.9999998621643,1610.0763259330997,-885.26435863535153,0,0.78702676711073571,1.4314065095250366,0
6503.0000000959262,1610.8627163147321,-883.83260246913414,0,0.78575389261193762,1.4321056343386873,0
6504.0000000153668,1611.6478335112915,-882.40014774398878,0,0.78448039707315897,1.4328036272523066,0
6504.9999999348074,1612.4316769022262,-880.96699559211265,0,0.78320628150093796,1.4335004877142186,0
6505.999999854248,1613.2142458679737,-879.53314714622684,0,0.78193154690230315,1.4341962151736423,0
6507.00000008801,1613.9955397900194,-878.09860353957629,0,0.78065619428477317,1.4348908090806927,0
6508.0000000074506,1614.7755580508383,-876.66336590610445,0,0.77938022465635393,1.43558426888638,0
6508.9999999268912,1615.5543000340112,-875.22743538004579,0,0.7781036390255397,1.4362765940426117,0
6509.9999998463318,1616.331765123934,-873.7908130963915,0,0.77682643840131138,1.4369677840021906,0
6511.0000000800937,1617.1079527061083,-872.35350019059842,0,0.77554862379313627,1.4376578382188183,0
6511.9999999995343,1617.8828621671419,-870.91549779870547,0,0.77427019621096604,1.4383467561470935,0
6512.9999999189749,1618.6564928945736,-869.47680705727544,0,0.77299115666523799,1.4390345372425126,0
6514.0000001527369,1619.4288442768739,-868.03742910333676,0,0.77171150616687267,1.4397211809614709,0
6515.0000000721775,1620.1999157035607,-866.5973650746746,0,0.77043124572727273,1.440406686761263,0
6515.9999999916181,1620.9697065653163,-865.15661610930692,0,0.76915037635832451,1.4410910541000823,0
6516.9999999110587,1621.7382162536378,-863.71518334612483,0,0.7678688990723942,1.4417742824370219,0
6518.0000001448207,1622.5054441611865,-862.27306792431045,0,0.76658681488232894,1.4424563712320753,0
6519.0000000642613,1623.2713896814384,-860.8302709836862,0,0.76530412480145626,1.4431373199461373,0
6519.9999999837019,1624.0360522091505,-859.38679366459837,0,0.764020829843581,1.4438171280410028,0
6520.9999999031425,1624.7994311398361,-857.94263710797532,0,0.76273693102298745,1.4444957949793684,0
6522.0000001369044,1625.561525870231,-856.49780245521106,0,0.76145242935443702,1.4451733202248338,0
6523.000000056345,1626.3223357979441,-855.0522908482817,0,0.76016732585316682,1.4458497032419,0
6523.9999999757856,1627.0818603216903,-853.606103429629,0,0.75888162153489036,1.4465249434959706,0
6524.9999998952262,1627.8400988411158,-852.15924134239322,0,0.75759531741579567,1.447199040453353,0
6526.0000001289882,1628.5970507569145,-850.71170573000563,0,0.75630841451254505,1.4478719935812583,0
6527.0000000484288,1629.3527154708863,-849.26349773665424,0,0.75502091384227377,1.448543802347801,0
6527.9999999678694,1630.1070923857042,-847.81461850693449,0,0.75373281642259016,1.4492144662220006,0
6528.99999988731,1630.860180905147,-846.3650691860239,0,0.7524441232715734,1.4498839846737814,0
6530.0000001210719,1631.6119804339833,-844.91485091956565,0,0.75115483540777406,1.4505523571739729,0
6531.0000000405125,1632.3624903780292,-843.46396485384321,0,0.74986495385021268,1.45121958319431,0
6531.9999999599531,1633.1117101441487,-842.01241213554749,0,0.7485744796183792,1.451885662207435,0
6532.9999998793937,1633.8596391400788,-840.5601939119515,0,0.74728341373223117,1.4525505936868954,0
6534.0000001131557,1634.6062767747208,-839.1073113308521,0,0.74599175721219491,1.4532143771071466,0
6535.0000000325963,1635.3516224579653,-837.65376554057002,0,0.74469951107916299,1.4538770119435507,0
6535.9999999520369,1636.0956756006926,-836.19955769000808,0,0.74340667635449387,1.4545384976723779,0
6536.9999998714775,1636.8384356148308,-834.74468892847653,0,0.74211325406001127,1.4551988337708064,0
6538.0000001052395,1637.5799019132974,-833.28916040586773,0,0.7408192452180038,1.4558580197169237,0
6539.00000002468,1638.3200739100575,-831.83297327259788,0,0.7395246508512231,1.4565160549897258,0
6539.9999999441206,1639.0589510201244,-830.37612867960706,0,0.73822947198288358,1.4571729390691179,0
6540.9999998635612,1639.7965326595586,-828.91862777835922,0,0.7369337096366616,1.4578286714359157,0
6542.0000000973232,1640.532818245294,-827.46047172078397,0,0.73563736483669551,1.4584832515718451,0
6543.0000000167638,1641.2678071954288,-826.0016616594512,0,0.73434043860758313,1.4591366789595426,0
6543.9999999362044,1642.0014989289921,-824.54219874728005,0,0.73304293197438186,1.4597889530825554,0
6544.999999855645,1642.7338928662357,-823.08208413788816,0,0.7317448459626088,1.4604400734253427,0
6546.000000089407,1643.464988428168,-821.6213189852424,0,0.73044618159823782,1.4610900394732755,0
6547.0000000088476,1644.1947850369615,-820.15990444389172,0,0.72914693990770052,1.4617388507126368,0
6547.9999999282882,1644.9232821158948,-818.69784166890895,0,0.72784712191788425,1.4623865066306232,0
6548.9999998477288,1645.6504790890613,-817.23513181589078,0,0.72654672865613246,1.4630330067153432,0
6550.0000000814907,1646.3763753817766,-815.77177604089957,0,0.72524576115024342,1.46367835045582,0
6551.0000000009313,1647.1009704202879,-814.30777550057974,0,0.7239442204284684,1.4643225373419901,0
6551.9999999203719,1647.8242636318901,-812.84313135204138,0,0.72264210751951208,1.4649655668647044,0
6553.0000001541339,1648.5462544449256,-811.37784475280205,0,0.72133942345253232,1.4656074385157292,0
6554.0000000735745,1649.2669422887848,-809.91191686113598,0,0.72003616925713709,1.4662481517877446,0
6554.9999999930151,1649.9863265937311,-808.44534883555025,0,0.71873234596338531,1.4668877061743473,0
6555.9999999124557,1650.7044067913084,-806.97814183525043,0,0.71742795460178621,1.4675261011700498,0
6557.0000001462176,1651.421182313934,-805.51029701984953,0,0.71612299620329778,1.4681633362702808,0
6558.0000000656582,1652.1366525950725,-804.04181554948445,0,0.71481747179932598,1.4687994109713862,0
6558.9999999850988,1652.8508170692367,-802.57269858487416,0,0.71351138242172429,1.4694343247706281,0
6559.9999999045394,1653.5636751719285,-801.10294728708686,0,0.71220472910279242,1.4700680771661869,0
6561.0000001383014,1654.2752263398143,-799.63256281783106,0,0.71089751287527636,1.470700667657161,0
6562.000000057742,1654.9854700103751,-798.1615463392227,0,0.70958973477236653,1.4713320957435667,0
6562.9999999771826,1655.6944056223729,-796.6898990139598,0,0.70828139582769789,1.4719623609263393,0
6563.9999998966232,1656.4020326154423,-795.21762200520607,0,0.70697249707534804,1.4725914627073327,0
6565.0000001303852,1657.108350430266,-793.74471647653263,0,0.70566303954983767,1.4732194005893218,0
6566.0000000498258,1657.8133585086325,-792.27118359215092,0,0.70435302428612856,1.4738461740759992,0
6566.9999999692664,1658.5170562932617,-790.79702451667981,0,0.70304245231962414,1.4744717826719798,0
6567.999999888707,1659.2194432280376,-789.32224041526206,0,0.70173132468616684,1.475096225882798,0
6569.0000001224689,1659.9205187577754,-787.84683245350607,0,0.70041964242203891,1.47571950321491,0
6570.0000000419095,1660.6202823283384,-786.37080179760233,0,0.69910740656396098,1.4763416141756929,0
6570.9999999613501,1661.3187333866954,-784.89414961414877,0,0.69779461814909083,1.4769625582734462,0
6571.9999998807907,1662.015871380805,-783.41687707020901,0,0.69648127821502293,1.4775823350173913,0
6573.0000001145527,1662.7116957596736,-781.93898533337051,0,0.69516738779978815,1.4782009439176722,0
6574.0000000339933,1663.4062059732969,-780.46047557180282,0,0.69385294794185248,1.4788183844853566,0
6574.9999999534339,1664.0994014727185,-778.98134895402472,0,0.69253795968011556,1.479434656232435,0
6575.9999998728745,1664.7912817102042,-777.50160664907889,0,0.69122242405391088,1.4800497586718211,0
6577.0000001066364,1665.4818461387185,-776.02124982659006,0,0.68990634210300472,1.4806636913173541,0
6578.000000026077,1666.1710942126228,-774.54027965653222,0,0.68858971486759446,1.481276453683797,0
6578.9999999455176,1666.8590253870352,-773.05869730951963,0,0.68727254338830956,1.4818880452868384,0
6579.9999998649582,1667.5456391183543,-771.57650395639939,0,0.68595482870620827,1.4824984656430911,0
6581.0000000987202,1668.2309348637355,-770.09370076877531,0,0.6846365718627796,1.4831077142700946,0
6582.0000000181608,1668.9149120816728,-768.61028891860042,0,0.68331777389994008,1.4837157906863143,0
6582.9999999376014,1669.5975702315336,-767.12626957829343,0,0.68199843586003439,1.4843226944111418,0
6583.999999857042,1670.2789087737328,-765.64164392085513,0,0.6806785587858335,1.4849284249648957,0
6585.000000090804,1670.9589271697914,-764.15641311957734,0,0.67935814372053482,1.4855329818688225,0
6586.0000000102445,1671.6376248821616,-762.67057834845036,0,0.67803719170776167,1.4861363646450954,0
6586.9999999296851,1672.3150013745762,-761.18414078181377,0,0.67671570379156032,1.4867385728168157,0
6587.9999998491257,1672.9910561114666,-759.69710159453098,0,0.67539368101640185,1.4873396059080133,0
6589.0000000828877,1673.665788558661,-758.20946196187288,0,0.67407112442717942,1.4879394634436471,0
6590.0000000023283,1674.3391981827444,-756.72122305963421,0,0.67274803506920811,1.4885381449496047,0
6590.9999999217689,1675.0112844515243,-755.23238606413361,0,0.67142441398822439,1.4891356499527035,0
6592.0000001555309,1675.6820468338556,-753.74295215209713,0,0.67010026223038477,1.4897319779806906,0
6593.0000000749715,1676.3514847994666,-752.25292250065831,0,0.66877558084226563,1.4903271285622435,0
6593.9999999944121,1677.0195978193078,-750.76229828759097,0,0.66745037087086112,1.4909211012269703,0
6594.9999999138527,1677.6863853653776,-749.27108069101814,0,0.66612463336358407,1.4915138955054101,0
6596.0000001476146,1678.3518469105475,-747.77927088952856,0,0.66479836936826342,1.4921055109290327,0
6597.0000000670552,1679.0159819289693,-746.28687006223481,0,0.66347157993314532,1.492695947030241,0
6597.9999999864958,1679.67878989561,-744.79387938871514,0,0.66214426610688959,1.4932852033423694,0
6598.9999999059364,1680.340270286717,-743.30030004901346,0,0.66081642893857206,1.4938732793996841,0
6600.0000001396984,1681.000422579411,-741.80613322352292,0,0.65948806947768157,1.4944601747373849,0
6601.000000059139,1681.6592462519184,-740.31138009321876,0,0.65815918877411961,1.4950458888916043,0
6601.9999999785796,1682.3167407835717,-738.81604183960008,0,0.65682978787820001,1.4956304213994092,0
6602.9999998980202,1682.9729056546348,-737.32011964445701,0,0.65549986784064751,1.4962137717987993,0
6604.0000001317821,1683.6277403465356,-735.82361469021998,0,0.65416942971259728,1.4967959396287094,0
6605.0000000512227,1684.2812443416915,-734.32652815955225,0,0.65283847454559407,1.4973769244290092,0
6605.9999999706633,1684.933417123626,-732.82886123581557,0,0.65150700339159096,1.4979567257405022,0
6606.9999998901039,1685.584258176852,-731.33061510272091,0,0.65017501730294891,1.4985353431049293,0
6608.0000001238659,1686.2337669869303,-729.83179094444495,0,0.64884251733243603,1.4991127760649652,0
6609.0000000433065,1686.8819430405856,-728.33238994557178,0,0.64750950453322664,1.4996890241642213,0
6609.9999999627471,1687.528785825416,-726.83241329120938,0,0.6461759799589003,1.5002640869472463,0
6610.9999998821877,1688.1742948302417,-725.33186216693139,0,0.64484194466344114,1.5008379639595246,0
6612.0000001159497,1688.8184695448726,-723.8307377587189,0,0.64350739970123694,1.501410654747479,0
6613.0000000353903,1689.4613094601082,-722.32904125296045,0,0.64217234612707808,1.5019821588584683,0
6613.9999999548309,1690.1028140679118,-720.82677383668488,0,0.64083678499615715,1.5025524758407911,0
6614.9999998742715,1690.7429828612949,-719.32393669715384,0,0.63950071736406777,1.5031216052436827,0
6616.0000001080334,1691.3818153341417,-717.82053102221107,0,0.63816414428680412,1.5036895466173175,0
6617.000000027474,1692.0193109817337,-716.31655800010776,0,0.63682706682075974,1.5042562995128095,0
6617.9999999469146,1692.6554693000508,-714.81201881950255,0,0.6354894860227267,1.504821863482211,0
6618.9999998663552,1693.2902897863532,-713.30691466957796,0,0.63415140294989503,1.505386238078515,0
6620.0000001001172,1693.9237719388912,-711.80124673992395,0,0.63281281865985151,1.5059494228556543,0
6621.0000000195578,1694.555915256904,-710.29501622059615,0,0.6314737342105794,1.5065114173685017,0
6621.9999999389984,1695.1867192409118,-708.78822430211585,0,0.63013415066045719,1.5070722211728704,0
6622.999999858439,1695.8161833922495,-707.28087217535358,0,0.62879406906825774,1.5076318338255161,0
6624.0000000922009,1696.4443072134163,-705.77296103164554,0,0.62745349049314803,1.5081902548841348,0
6625.0000000116415,1697.0710902079009,-704.26449206290999,0,0.6261124159946867,1.5087474839073647,0
6625.9999999310821,1697.6965318804141,-702.75546646135626,0,0.62477084663282578,1.509303520454786,0
6626.9999998505227,1698.3206317365984,-701.24588541965932,0,0.62342878346790742,1.5098583640869214,0
6628.0000000842847,1698.9433892830857,-699.73575013095979,0,0.6220862275606639,1.5104120143652371,0
6629.0000000037253,1699.5648040277883,-698.22506178880576,0,0.62074317997221817,1.510964470852141,0
6629.9999999231659,1700.1848754794919,-696.7138215873274,0,0.61939964176408047,1.5115157331109861,0
6631.0000001569279,1700.8036031481461,-695.2020307208295,0,0.61805561399814968,1.5120658007060681,0
6632.0000000763685,1701.4209865446901,-693.68969038425712,0,0.61671109773671129,1.5126146732026282,0
6632.999999995809,1702.0370251811692,-692.17680177296279,0,0.61536609404243703,1.5131623501668507,0
6633.9999999152496,1702.651718570618,-690.66336608259007,0,0.61402060397838343,1.5137088311658664,0
6635.0000001490116,1703.2650662273518,-689.14938450942282,0,0.61267462860799182,1.5142541157677507,0
6636.0000000684522,1703.8770676664426,-687.6348582499777,0,0.61132816899508735,1.5147982035415242,0
6636.9999999878928,1704.487722404243,-686.11978850141168,0,0.6099812262038774,1.515341094057153,0
6637.9999999073334,1705.0970299581531,-684.60417646111455,0,0.60863380129895162,1.5158827868855511,0
6639.0000001410954,1705.7049898465048,-683.08802332699997,0,0.60728589534528021,1.5164232815985776,0
6640.000000060536,1706.3116015888518,-681.57133029744728,0,0.60593750940821411,1.5169625777690394,0
6640.9999999799766,1706.9168647056795,-680.05409857112681,0,0.60458864455348338,1.5175006749706901,0
6641.9999998994172,1707.5207787186955,-678.53632934729103,0,0.60323930184719687,1.518037572778232,0
6643.0000001331791,1708.1233431504807,-677.0180238254834,0,0.60188948235584061,1.5185732707673139,0
6644.0000000526197,1708.7245575247798,-675.49918320582947,0,0.60053918714627763,1.5191077685145344,0
6644.9999999720603,1709.3244213665603,-673.97980868868763,0,0.59918841728574745,1.5196410655974397,0
6645.9999998915009,1709.922934201546,-672.45990147499833,0,0.59783717384186419,1.5201731615945253,0
6647.0000001252629,1710.5200955566834,-670.93946276599308,0,0.59648545788261609,1.5207040560852361,0
6648.0000000447035,1711.1159049601411,-669.41849376348546,0,0.59513327047636577,1.5212337486499665,0
6648.9999999641441,1711.7103619408445,-667.89699566952186,0,0.59378061269184779,1.5217622388700602,0
6649.9999998835847,1712.3034660290577,-666.37496968667256,0,0.59242748559816816,1.5222895263278129,0
6651.0000001173466,1712.8952167559764,-664.85241701791529,0,0.59107389026480484,1.5228156106064696,0
6652.0000000367872,1713.485613653902,-663.32933886663523,0,0.58971982776160536,1.5233404912902264,0
6652.9999999562278,1714.0746562561253,-661.80573643668322,0,0.58836529915878621,1.5238641679642309,0
6653.9999998756684,1714.662344097218,-660.28161093220115,0,0.58701030552693234,1.5243866402145827,0
6655.0000001094304,1715.2486767125665,-658.75696355785476,0,0.5856548479369964,1.5249079076283325,0
6656.000000028871,1715.8336536387797,-657.23179551865906,0,0.58429892746029799,1.5254279697934845,0
6656.9999999483116,1716.417274413514,-655.7061080201529,0,0.58294254516852217,1.5259468262989939,0
6657.9999998677522,1716.9995385755319,-654.17990226810798,0,0.58158570213371907,1.5264644767347701,0
6659.0000001015142,1717.5804456645856,-652.65317946881987,0,0.5802283994283034,1.5269809206916758,0
6660.0000000209548,1718.1599952215329,-651.12594082899159,0,0.57887063812505291,1.5274961577615256,0
6660.9999999403954,1718.7381867883378,-649.5981875557336,0,0.57751241929710728,1.5280101875370899,0
6661.999999859836,1719.3150199079537,-648.06992085650563,0,0.57615374401796859,1.5285230096120925,0
6663.0000000935979,1719.8904941245564,-646.54114193923306,0,0.57479461336149928,1.5290346235812116,0
6664.0000000130385,1720.4646089832531,-645.0118520121905,0,0.57343502840192173,1.5295450290400807,0
6664.9999999324791,1721.0373640302569,-643.48205228411825,0,0.57207499021381758,1.5300542255852878,0
6665.9999998519197,1721.6087588129449,-641.95174396410584,0,0.57071449987212663,1.5305622128143772,0
6667.0000000856817,1722.1787928796839,-640.42092826170847,0,0.56935355845214575,1.5310689903258488,0
6668.0000000051223,1722.7474657798884,-638.88960638683056,0,0.56799216702952882,1.5315745577191586,0
6668.9999999245629,1723.314777064079,-637.35777954978403,0,0.56663032668028535,1.5320789145947182,0
6669.9999998440035,1723.88072628394,-635.8254489612882,0,0.56526803848077911,1.5325820605538976,0
6671.0000000777654,1724.4453129921458,-634.29261583246989,0,0.56390530350772838,1.5330839951990223,0
6671.999999997206,1725.0085367424181,-632.75928137480514,0,0.56254212283820393,1.5335847181333762,0
6672.9999999166466,1725.5703970895847,-631.22544680023566,0,0.5611784975496299,1.5340842289612004,0
6674.0000001504086,1726.1308935896377,-629.6911133210524,0,0.5598144287197806,1.5345825272876943,0
6675.0000000698492,1726.6900257995585,-628.15628214995377,0,0.55844991742678185,1.5350796127190154,0
6675.9999999892898,1727.2477932773763,-626.62095450004563,0,0.55708496474910885,1.5355754848622802,0
6676.9999999087304,1727.8041955822846,-625.08513158478308,0,0.55571957176558584,1.5360701433255637,0
6678.0000001424924,1728.3592322744662,-623.54881461808691,0,0.55435373955538425,1.5365635877179007,0
6679.000000061933,1728.9129029153264,-622.0120048141689,0,0.55298746919802355,1.5370558176492846,0
6679.9999999813735,1729.4652070672018,-620.47470338770654,0,0.55162076177336916,1.5375468327306696,0
6680.9999999008141,1730.016144293535,-618.93691155378474,0,0.55025361836163245,1.5380366325739703,0
6682.0000001345761,1730.5657141589327,-617.39863052777946,0,0.54888604004336849,1.5385252167920604,0
6683.0000000540167,1731.1139162290492,-615.85986152553232,0,0.54751802789947668,1.5390125849987764,0
6683.9999999734573,1731.6607500705286,-614.3206057632342,0,0.54614958301119909,1.5394987368089141,0
6684.9999998928979,1732.2062152511789,-612.7808644574834,0,0.54478070646012033,1.5399836718382316,0
6686.0000001266599,1732.7503113399143,-611.24063882528571,0,0.54341139932816551,1.5404673897034484,0
6687.0000000461005,1733.2930379066383,-609.69993008393794,0,0.54204166269760012,1.5409498900222458,0
6687.9999999655411,1733.8343945224769,-608.15873945120256,0,0.54067149765102973,1.5414311724132685,0
6688.9999998849817,1734.3743807594874,-606.6170681452495,0,0.53930090527139729,1.5419112364961225,0
6690.0000001187436,1734.9129961909493,-605.07491738448152,0,0.53792988664198538,1.5423900818913781,0
6691.0000000381842,1735.4502403910737,-603.53228838782525,0,0.53655844284641163,1.5428677082205671,0
6691.9999999576248,1735.9861129352939,-601.98918237449834,0,0.53518657496863065,1.5433441151061864,0
6692.9999998770654,1736.5206134000327,-600.44560056418413,0,0.5338142840929323,1.5438193021716957,0
6694.0000001108274,1737.053741362819,-598.90154417691519,0,0.53244157130394043,1.5442932690415194,0
6695.000000030268,1737.5854964023456,-597.35701443295693,0,0.53106843768661238,1.5447660153410461,0
6695.9999999497086,1738.1158780982951,-595.81201255321503,0,0.52969488432623835,1.545237540696629,0
6696.9999998691492,1738.6448860314558,-594.26653975865338,0,0.52832091230844003,1.5457078447355861,0
6698.0000001029111,1739.1725197837222,-592.72059727093438,0,0.52694652271916986,1.5461769270862016,0
6699.0000000223517,1739.6987789380364,-591.17418631183682,0,0.52557171664471103,1.5466447873777243,0
6699.9999999417923,1740.2236630785628,-589.62730810366338,0,0.52419649517167544,1.5471114252403693,0
6700.9999998612329,1740.7471717902808,-588.07996386894956,0,0.52282085938700296,1.5475768403053174,0
6702.0000000949949,1741.2693046595668,-586.53215483075473,0,0.52144481037796131,1.5480410322047173,0
6703.0000000144355,1741.7900612736703,-584.98388221242931,0,0.52006834923214473,1.5485040005716832,0
6703.9999999338761,1742.3094412210048,-583.43514723761473,0,0.5186914770374742,1.5489657450402958,0
6704.9999998533167,1742.82744409109,-581.88595113041811,0,0.51731419488219343,1.549426265245605,0
6706.0000000870787,1743.3440694744932,-580.3362951152958,0,0.51593650385487189,1.5498855608236264,0
6707.0000000065193,1743.8593169628875,-578.78618041711161,0,0.51455840504440176,1.550343631411345,0
6707.9999999259599,1744.3731861489941,-577.23560826096218,0,0.51317989953999721,1.5508004766467136,0
6708.9999998454005,1744.8856766267563,-575.68457987240981,0,0.51180098843119415,1.5512560961686528,0
6710.0000000791624,1745.3967879910488,-574.13309647730784,0,0.51042167280784922,1.5517104896170528,0
6710.999999998603,1745.9065198379103,-572.58115930197528,0,0.50904195376013828,1.5521636566327721,0
6711.9999999180436,1746.4148717644275,-571.02876957296394,0,0.50766183237855655,1.5526155968576396,0
6713.0000001518056,1746.9218433689093,-569.47592851729132,0,0.5062813097539165,1.5530663099344524,0
6714.0000000712462,1747.427434250596,-567.92263736226596,0,0.50490038697734896,1.5535157955069792,0
6714.9999999906868,1747.9316440098337,-566.36889733554563,0,0.5035190651403002,1.5539640532199575,0
6715.9999999101274,1748.434472248191,-564.81470966525376,0,0.50213734533453147,1.5544110827190953,0
6717.0000001438893,1748.935918568226,-563.26007557963021,0,0.50075522865211974,1.5548568836510726,0
6718.0000000633299,1749.4359825735446,-561.70499630755512,0,0.49937271618545498,1.5553014556635392,0
6718.9999999827705,1749.9346638690331,-560.14947307808325,0,0.49798980902723944,1.5557447984051163,0
6719.9999999022111,1750.431962060451,-558.5935071206186,0,0.49660650827048869,1.5561869115253975,0
6721.0000001359731,1750.9278767547221,-557.03709966503084,0,0.49522281500852805,1.5566277946749476,0
6722.0000000554137,1751.4224075599923,-555.48025194136426,0,0.49383873033499393,1.5570674475053043,0
6722.9999999748543,1751.9155540852807,-553.92296518024523,0,0.49245425534383169,1.5575058696689765,0
6723.9999998942949,1752.4073159409454,-552.36524061235832,0,0.49106939112929548,1.5579430608194467,0
6725.0000001280569,1752.8976927381591,-550.80707946902839,0,0.48968413878594674,1.5583790206111701,0
6726.0000000474975,1753.3866840894916,-549.24848298175493,0,0.488298499408654,1.558813748699575,0
6726.999999966938,1753.8742896083277,-547.68945238232845,0,0.48691247409259131,1.5592472447410632,0
6727.9999998863786,1754.3605089093908,-546.12998890306335,0,0.48552606393323838,1.5596795083930106,0
6729.0000001201406,1754.8453416082775,-544.57009377644863,0,0.48413927002637802,1.5601105393137671,0
6730.0000000395812,1755.3287873218651,-543.00976823543897,0,0.48275209346809755,1.5605403371626563,0
6730.9999999590218,1755.8108456680784,-541.44901351328008,0,0.48136453535478607,1.560968901599977,0
6731.9999998784624,1756.2915162657737,-539.88783084350871,0,0.47997659678313453,1.5613962322870032,0
6733.0000001122244,1756.7707987351459,-538.32622146006906,0,0.47858827885013411,1.5618223288859829,0
6734.000000031665,1757.2486926973797,-536.76418659719639,0,0.47719958265307649,1.5622471910601408,0
6734.9999999511056,1757.7251977747655,-535.20172748953337,0,0.47581050928955171,1.5626708184736759,0
6735.9999998705462,1758.2003135906416,-533.63884537195554,0,0.4744210598574482,1.5630932107917643,0
6737.0000001043081,1758.6740397694521,-532.07554147974588,0,0.47303123545495185,1.5635143676805578,0
6738.0000000237487,1759.1463759369217,-530.51181704847841,0,0.4716410371805444,1.5639342888071841,0
6738.9999999431893,1759.6173217195901,-528.94767331413459,0,0.4702504661330037,1.5643529738397488,0
6739.9999998626299,1760.0868767452776,-527.38311151298694,0,0.46885952341140158,1.5647704224473338,0
6741.0000000963919,1760.555040642852,-525.81813288154081,0,0.46746821011510409,1.5651866342999976,0
6742.0000000158325,1761.0218130423455,-524.25273865670897,0,0.46607652734376981,1.5656016090687779,0
6742.9999999352731,1761.4871935747797,-522.6869300758699,0,0.46468447619734987,1.5660153464256885,0
6743.9999998547137,1761.9511818723404,-521.12070837646024,0,0.46329205777608606,1.5664278460437222,0
6745.0000000884756,1762.4137775682611,-519.55407479644055,0,0.46189927318051072,1.5668391075968493,0
6746.0000000079162,1762.8749802969978,-517.98703057406237,0,0.46050612351144549,1.5672491307600198,0
6746.9999999273568,1763.3347896939376,-516.41957694781013,0,0.4591126098700008,1.5676579152091612,0
6747.9999998467974,1763.7932053957484,-514.85171515663387,0,0.4577187333575744,1.5680654606211806,0
6749.0000000805594,1764.2502270400873,-513.2834464397165,0,0.45632449507585082,1.5684717666739645,0
6750,1764.7058542657178,-511.71477203653194,0,0.45492989612680079,1.5688768330463791,0
6750.9999999194406,1765.1600867125089,-510.14569318696158,0,0.45353493761268016,1.56928065941827,0
6752.0000001532026,1765.6129240214359,-508.57621113111963,0,0.45213962063602842,1.5696832454704635,0
6753.0000000726432,1766.064365834638,-507.00632710958598,0,0.45074394629966941,1.5700845908847654,0
6753.9999999920838,1766.5144117953023,-505.43604236299871,0,0.44934791570670818,1.5704846953439624,0
6754.9999999115244,1766.9630615476635,-503.86535813263617,0,0.44795152996053245,1.5708835585318222,0
6756.0000001452863,1767.4103147371789,-502.29427565983497,0,0.4465547901648097,1.5712811801330933,0
6757.0000000647269,1767.8561710103531,-500.72279618633911,0,0.4451576974234881,1.5716775598335053,0
6757.9999999841675,1768.300630014739,-499.15092095424188,0,0.44376025284079412,1.5720726973197705,0
6758.9999999036081,1768.7436913991114,-497.57865120586939,0,0.44236245752123271,1.5724665922795817,0
6760.0000001373701,1769.1853548132349,-496.0059881839552,0,0.4409643125695859,1.5728592444016145,0
6761.0000000568107,1769.6256199080963,-494.43293313146569,0,0.43956581909091186,1.5732506533755268,0
6761.9999999762513,1770.0644863356138,-492.8594872916583,0,0.43816697819054473,1.5736408188919586,0
6762.9999998956919,1770.5019537490443,-491.28565190825611,0,0.43676779097409246,1.5740297406425328,0
6764.0000001294538,1770.9380218025181,-489.71142822509864,0,0.43536825854743799,1.5744174183198558,0
6765.0000000488944,1771.3726901513874,-488.13681748637464,0,0.43396838201673549,1.5748038516175169,0
6765.999999968335,1771.8059584522271,-486.56182093673851,0,0.43256816248841246,1.5751890402300888,0
6766.9999998877756,1772.2378263624269,-484.9864398209611,0,0.43116760106916674,1.5755729838531285,0
6768.0000001215376,1772.6682935407734,-483.41067538416246,0,0.42976669886596641,1.5759556821831764,0
6769.0000000409782,1773.0973596469266,-481.83452887175372,0,0.42836545698604955,1.5763371349177577,0
6769.9999999604188,1773.525024341885,-480.25800152961165,0,0.42696387653692192,1.5767173417553817,0
6770.9999998798594,1773.9512872875202,-478.68109460367123,0,0.42556195862635759,1.5770963023955427,0
6772.0000001136214,1774.3761481469846,-477.1038093403331,0,0.42415970436239658,1.5774740165387191,0
6773.000000033062,1774.7996065844782,-475.52614698617253,0,0.42275711485334522,1.5778504838863758,0
6773.9999999525025,1775.2216622653068,-473.94810878823046,0,0.42135419120777495,1.5782257041409626,0
6774.9999998719431,1775.6423148558824,-472.36969599372242,0,0.41995093453452081,1.5785996770059147,0
6776.0000001057051,1776.0615640237811,-470.7909098500968,0,0.4185473459426815,1.5789724021856539,0
6777.0000000251457,1776.4794094375102,-469.21175160532584,0,0.41714342654161818,1.5793438793855872,0
6777.9999999445863,1776.8958507669158,-467.63222250744002,0,0.41573917744095279,1.579714108312108,0
6778.9999998640269,1777.3108876828919,-466.05232380487723,0,0.4143345997505683,1.5800830886725974,0
6780.0000000977889,1777.7245198572637,-464.47205674636643,0,0.41292969458060746,1.5804508201754219,0
6781.0000000172295,1778.1367469632532,-462.89142258092761,0,0.41152446304147194,1.5808173025299368,0
6781.9999999366701,1778.547568674956,-461.31042255781358,0,0.41011890624382075,1.5811825354464835,0
6782.9999998561107,1778.9569846676895,-459.72905792662641,0,0.40871302529857068,1.5815465186363906,0
6784.0000000898726,1779.3649946178775,-458.14732993720099,0,0.40730682131689444,1.5819092518119759,0
6785.0000000093132,1779.7715982029913,-456.56523983972147,0,0.40590029541021977,1.5822707346865439,0
6785.9999999287538,1780.1767951017246,-454.98278888466302,0,0.40449344869022952,1.5826309669743874,0
6786.9999998481944,1780.5805849938188,-453.39997832273366,0,0.40308628226885945,1.5829899483907879,0
6788.0000000819564,1780.9829675600631,-451.81680940493243,0,0.40167879725829825,1.5833476786520162,0
6789.000000001397,1781.3839424825273,-450.23328338260762,0,0.40027099477098671,1.5837041574753303,0
6789.9999999208376,1781.7835094441543,-448.64940150722396,0,0.39886287591961589,1.5840593845789792,0
6791.0000001545995,1782.1816681292839,-447.06516503077,0,0.39745444181712763,1.5844133596822001,0
6792.0000000740401,1782.5784182230709,-445.48057520529255,0,0.39604569357671227,1.5847660825052203,0
6792.9999999934807,1782.973759412067,-443.89563328330405,0,0.3946366323118089,1.5851175527692565,0
6793.9999999129213,1783.3676913837553,-442.31034051737515,0,0.3932272591361039,1.5854677701965154,0
6795.0000001466833,1783.7602138267248,-440.72469816060038,0,0.39181757516353022,1.5858167345101939,0
6796.0000000661239,1784.1513264308451,-439.13870746613247,0,0.39040758150826615,1.5861644454344797,0
6796.9999999855645,1784.541028886917,-437.55236968758982,0,0.38899727928473515,1.5865109026945505,0
6797.9999999050051,1784.9293208869058,-435.96568607876543,0,0.38758666960760413,1.5868561060165762,0
6799.0000001387671,1785.3162021239987,-434.37865789362695,0,0.38617575359178369,1.5872000551277157,0
6800.0000000582077,1785.7016722923727,-432.79128638666589,0,0.38476453235242591,1.5875427497561208,0
6800.9999999776483,1786.0857310873689,-431.20357281237375,0,0.38335300700492414,1.5878841896309341,0
6801.9999998970889,1786.4683782053762,-429.61551842570771,0,0.38194117866491251,1.5882243744822908,0
6803.0000001308508,1786.849613344064,-428.02712448185775,0,0.3805290484482643,1.5885633040413172,0
6804.0000000502914,1787.229436202033,-426.43839223618852,0,0.3791166174710916,1.5889009780401315,0
6804.999999969732,1787.6078464791062,-424.84932294435566,0,0.37770388684974365,1.5892373962118449,0
6805.9999998891726,1787.9848438762128,-423.2599178624223,0,0.37629085770080761,1.5895725582905611,0
6807.0000001229346,1788.3604280953878,-421.67017824656796,0,0.37487753114110556,1.5899064640113765,0
6808.0000000423752,1788.7345988397137,-420.08010535326321,0,0.37346390828769516,1.5902391131103806,0
6808.9999999618158,1789.107355813554,-418.48970043932786,0,0.37204999025786778,1.5905705053246557,0
6809.9999998812564,1789.4786987222615,-416.89896476169815,0,0.37063577816914883,1.5909006403922781,0
6811.0000001150183,1789.8486272722366,-415.30789957765955,0,0.36922127313929565,1.591229518052317,0
6812.0000000344589,1790.2171411712188,-413.71650614478858,0,0.36780647628629715,1.5915571380448359,0
6812.9999999538995,1790.5842401279369,-412.12478572089458,0,0.36639138872837285,1.5918835001108922,0
6813.9999998733401,1790.9499238521676,-410.53273956396151,0,0.36497601158397253,1.5922086039925381,0
6815.0000001071021,1791.3141920549097,-408.94036893238081,0,0.36356034597177389,1.592532449432819,0
6816.0000000265427,1791.6770444483263,-407.3476750846603,0,0.36214439301068357,1.5928550361757761,0
6816.9999999459833,1792.0384807455703,-405.75465927971527,0,0.3607281538198347,1.5931763639664454,0
6817.9999998654239,1792.3985006609,-404.16132277646102,0,0.35931162951858719,1.5934964325508572,0
6819.0000000991859,1792.757103909913,-402.56766683439491,0,0.35789482122652549,1.5938152416760367,0
6820.0000000186265,1793.1142902090796,-400.97369271301432,0,0.3564777300634594,1.5941327910900065,0
6820.999999938067,1793.470059276151,-399.37940167222405,0,0.35506035714942186,1.5944490805417828,0
6821.9999998575076,1793.8244108298677,-397.78479497204535,0,0.35364270360466832,1.5947641097813787,0
6823.0000000912696,1794.1773445901927,-396.18987387279049,0,0.35222477054967627,1.5950778785598025,0
6824.0000000107102,1794.5288602781366,-394.59463963512098,0,0.35080655910514424,1.59539038662906,0
6824.9999999301508,1794.8789576159324,-392.99909351987299,0,0.34938807039199071,1.5957016337421523,0
6825.9999998495914,1795.2276363268611,-391.40323678805726,0,0.34796930553135297,1.5960116196530778,0
6827.0000000833534,1795.5748961353675,-389.80707070103381,0,0.34655026564458691,1.5963203441168319,0
6828.000000002794,1795.920736766886,-388.21059652039548,0,0.34513095185326603,1.5966278068894058,0
6828.9999999222346,1796.2651579481317,-386.61381550790975,0,0.34371136527917967,1.5969340077277887,0
6830.0000001559965,1796.6081594068673,-385.01672892563511,0,0.34229150704433331,1.5972389463899677,0
6831.0000000754371,1796.9497408720199,-383.4193380359211,0,0.34087137827094693,1.597542622634927,0
6831.9999999948777,1797.2899020736222,-381.82164410129189,0,0.33945098008145436,1.5978450362226482,0
6832.9999999143183,1797.6286427427549,-380.22364838444628,0,0.33803031359850211,1.5981461869141116,0
6834.0000001480803,1797.9659626117791,-378.62535214849049,0,0.33660937994494933,1.5984460744712952,0
6835.0000000675209,1798.3018614139874,-377.02675665664719,0,0.33518818024386576,1.5987446986571754,0
6835.9999999869615,1798.6363388839527,-375.42786317237187,0,0.33376671561853188,1.5990420592357271,0
6836.9999999064021,1798.969394757296,-373.82867295946926,0,0.33234498719243721,1.5993381559719244,0
6838.000000140164,1799.3010287707439,-372.2291872818023,0,0.33092299608927978,1.5996329886317395,0
6839.0000000596046,1799.6312406622455,-370.62940740364138,0,0.32950074343296565,1.5999265569821446,0
6839.9999999790452,1799.9600301707978,-369.02933458931511,0,0.32807823034760708,1.6002188607911103,0
6840.9999998984858,1800.2873970365035,-367.42897010361776,0,0.32665545795752227,1.6005098998276073,0
6842.0000001322478,1800.6133410006878,-365.82831521134358,0,0.3252324273872349,1.6007996738616059,0
6843.0000000516884,1800.9378618056071,-364.22737117763609,0,0.32380913976147196,1.6010881826640757,0
6843.999999971129,1801.2609591948567,-362.62613926787162,0,0.32238559620516394,1.6013754260069872,0
6844.9999998905696,1801.5826329130796,-361.02462074754294,0,0.32096179784344381,1.6016614036633097,0
6846.0000001243316,1801.9028827060247,-359.42281688249204,0,0.31953774580164551,1.601946115407014,0
6847.0000000437722,1802.2217083204887,-357.82072893873556,0,0.31811344120530416,1.6022295610130712,0
6847.9999999632128,1802.539109504607,-356.21835818258114,0,0.31668888518015359,1.6025117402574531,0
6848.9999998826534,1802.8550860074465,-354.61570588045288,0,0.31526407885212704,1.6027926529171326,0
6850.0000001164153,1803.169637579238,-353.01277329900768,0,0.31383902334735525,1.6030722987700832,0
6851.0000000358559,1803.4827639714349,-351.40956170525169,0,0.31241371979216614,1.6033506775952799,0
6851.9999999552965,1803.7944649365381,-349.80607236624928,0,0.31098816931308348,1.6036277891726991,0
6852.9999998747371,1804.1047402281547,-348.20230654941406,0,0.30956237303682632,1.603903633283319,0
6854.0000001084991,1804.4135896010557,-346.59826552221784,0,0.30813633209030789,1.6041782097091193,0
6855.0000000279397,1804.7210128111183,-344.99395055259811,0,0.30671004760063469,1.6044515182330814,0
6855.9999999473803,1805.0270096154418,-343.38936290849233,0,0.30528352069510611,1.6047235586391897,0
6856.9999998668209,1805.3315797721152,-341.78450385812903,0,0.30385675250121269,1.6049943307124301,0
6858.0000001005828,1805.6347230403917,-340.17937466991134,0,0.30242974414663604,1.6052638342387908,0
6859.0000000200234,1805.9364391806885,-338.57397661253344,0,0.3010024967592474,1.6055320690052637,0
6859.999999939464,1806.236727954587,-336.96831095486414,0,0.29957501146710686,1.6057990347998428,0
6860.9999998589046,1806.5355891247164,-335.36237896600505,0,0.2981472893984628,1.6060647314115246,0
6862.0000000926666,1806.8330224548699,-333.75618191517424,0,0.29671933168175058,1.6063291586303099,0
6863.0000000121072,1807.1290277098888,-332.14972107193898,0,0.29529113944559171,1.6065923162472018,0
6863.9999999315478,1807.4236046559527,-330.542997705983,0,0.29386271381879325,1.6068542040542073,0
6864.9999998509884,1807.7167530601146,-328.93601308716461,0,0.29243405593034666,1.6071148218443365,0
6866.0000000847504,1808.0084726907662,-327.3287684856914,0,0.29100516690942702,1.6073741694116039,0
6867.000000004191,1808.2987633172888,-325.72126517182915,0,0.28957604788539182,1.6076322465510278,0
6867.9999999236315,1808.5876247102278,-324.11350441613467,0,0.28814669998778064,1.6078890530586303,0
6868.9999998430721,1808.875056641351,-322.50548748933943,0,0.28671712434631402,1.6081445887314387,0
6870.0000000768341,1809.1610588834155,-320.89721566234948,0,0.28528732209089203,1.6083988533674836,0
6870.9999999962747,1809.445631210343,-319.28869020636193,0,0.28385729435159457,1.6086518467658006,0
6871.9999999157153,1809.7287733973353,-317.6799123926321,0,0.28242704225867887,1.6089035687264308,0
6873.0000001494773,1810.0104852204677,-316.07088349276455,0,0.28099656694258035,1.6091540190504185,0
6874.0000000689179,1810.2907664571539,-314.46160477848025,0,0.27956586953391049,1.6094031975398144,0
6874.9999999883585,1810.569616885914,-312.8520775216748,0,0.2781349511634561,1.6096511039976746,0
6875.9999999077991,1810.847036286199,-311.24230299453484,0,0.27670381296217894,1.6098977382280597,0
6877.000000141561,1811.1230244389153,-309.63228246936342,0,0.27527245606121442,1.6101431000360364,0
6878.0000000610016,1811.3975811258424,-308.02201721869642,0,0.27384088159187059,1.6103871892276771,0
6878.9999999804422,1811.6707061299239,-306.41150851518614,0,0.27240909068562791,1.6106300056100595,0
6879.9999998998828,1811.9423992354423,-304.80075763177592,0,0.27097708447413749,1.6108715489912679,0
6881.0000001336448,1812.2126602274948,-303.18976584158372,0,0.26954486408922096,1.611111819180393,0
6882.0000000530854,1812.4814888925757,-301.57853441790212,0,0.26811243066286905,1.6113508159875309,0
6882.999999972526,1812.7488850182272,-299.96706463414012,0,0.26667978532724057,1.6115885392237841,0
6883.9999998919666,1813.0148483929806,-298.35535776405595,0,0.26524692921466242,1.6118249887012626,0
6885.0000001257285,1813.2793788067647,-296.74341508140787,0,0.26381386345762747,1.612060164233083,0
6886.0000000451691,1813.5424760503811,-295.13123786030337,0,0.26238058918879503,1.612294065633368,0
6886.9999999646097,1813.8041399159702,-293.51882737490814,0,0.26094710754098849,1.6125266927172479,0
6887.9999998840503,1814.0643701967201,-291.90618489967892,0,0.25951341964719554,1.6127580453008608,0
6889.0000001178123,1814.3231666869251,-290.29331170918886,0,0.25807952664056677,1.6129881232013508,0
6890.0000000372529,1814.5805291820434,-288.68020907824393,0,0.25664542965441506,1.6132169262368703,0
6890.9999999566935,1814.8364574786392,-287.06687828176655,0,0.25521112982221406,1.6134444542265789,0
6891.9999998761341,1815.0909513744409,-285.45332059485372,0,0.25377662827759828,1.6136707069906453,0
6893.0000001098961,1815.3440106682829,-283.83953729289351,0,0.25234192615436135,1.6138956843502439,0
6894.0000000293367,1815.5956351602799,-282.22552965133218,0,0.25090702458645553,1.6141193861275589,0
6894.9999999487773,1815.8458246513619,-280.61129894590704,0,0.24947192470799051,1.6143418121457818,0
6895.9999998682179,1816.094578943972,-278.99684645235538,0,0.2480366276532332,1.6145629622291127,0
6897.0000001019798,1816.3418978413101,-277.38217344682198,0,0.24660113455660571,1.6147828362027601,0
6898.0000000214204,1816.5877811480896,-275.76728120539337,0,0.24516544655268568,1.6150014338929417,0
6898.999999940861,1816.8322286698385,-274.15217100450536,0,0.24372956477620455,1.6152187551268831,0
6899.9999998603016,1817.075240213424,-272.53684412065195,0,0.24229349036204684,1.6154347997328189,0
6901.0000000940636,1817.3168155867606,-270.92130183061818,0,0.24085722444524926,1.6156495675399931,0
6902.0000000135042,1817.5569545988692,-269.30554541124729,0,0.23942076816100022,1.6158630583786591,0
6902.9999999329448,1817.7956570599927,-267.68957613961538,0,0.23798412264463842,1.6160752720800784,0
6903.9999998523854,1818.03292278148,-266.07339529285673,0,0.2365472890316519,1.6162862084765228,0
6905.0000000861473,1818.2687515757279,-264.45700414845487,0,0.23511026845767791,1.6164958674012742,0
6906.0000000055879,1818.5031432564138,-262.84040398395155,0,0.2336730620585008,1.6167042486886227,0
6906.9999999250285,1818.7360976382624,-261.22359607700491,0,0.23223567097005227,1.6169113521738692,0
6907.9999998444691,1818.9676145371632,-259.60658170556417,0,0.23079809632840975,1.6171171776933244,0
6909.0000000782311,1819.1976937701111,-257.98936214769492,0,0.22936033926979582,1.617321725084309,0
6909.9999999976717,1819.4263351553236,-256.37193868152099,0,0.22792240093057747,1.6175249941851542,0
6910.9999999171123,1819.6535385119496,-254.75431258545723,0,0.22648428244726448,1.6177269848352005,0
6912.0000001508743,1819.8793036605348,-253.13648513803491,0,0.2250459849565094,1.6179276968748006,0
6913.0000000703149,1820.1036304225563,-251.51845761795994,0,0.22360750959510634,1.6181271301453166,0
6913.9999999897555,1820.3265186207718,-249.90023130405461,0,0.22216885749998938,1.6183252844891207,0
6914.999999909196,1820.5479680790449,-248.28180747531587,0,0.22073002980823297,1.6185221597495973,0
6916.000000142958,1820.767978622287,-246.66318741097348,0,0.21929102765705022,1.618717755771141,0
6917.0000000623986,1820.9865500765736,-245.04437239025719,0,0.21785185218379177,1.6189120723991577,0
6917.9999999818392,1821.2036822692608,-243.42536369268782,0,0.21641250452594551,1.6191051094800644,0
6918.9999999012798,1821.4193750286358,-241.80616259784438,0,0.21497298582113544,1.6192968668612899,0
6920.0000001350418,1821.6336281842669,-240.1867703855969,0,0.21353329720712066,1.6194873443912736,0
6921.0000000544824,1821.8464415667695,-238.56718833575724,0,0.21209343982179452,1.6196765419194674,0
6921.999999973923,1822.0578150079818,-236.94741772848647,0,0.210653414803184,1.6198644592963336,0
6922.9999998933636,1822.2677483409061,-235.32745984394569,0,0.20921322328944825,1.6200510963733474,0
6924.0000001271255,1822.4762413994758,-233.70731596252881,0,0.20777286641887838,1.6202364530029958,0
6925.0000000465661,1822.6832940189634,-232.08698736480437,0,0.20633234532989586,1.6204205290387774,0
6925.9999999660067,1822.8889060357469,-230.46647533134092,0,0.20489166116105206,1.6206033243352032,0
6926.9999998854473,1823.0930772873107,-228.84578114305623,0,0.20345081505102725,1.6207848387477961,0
6928.0000001192093,1823.295807612245,-227.2249060808681,0,0.20200980813862968,1.6209650721330926,0
6929.0000000386499,1823.4970968503621,-225.60385142586892,0,0.20056864156279497,1.6211440243486401,0
6929.9999999580905,1823.6969448425807,-223.98261845926754,0,0.19912731646258441,1.6213216952529994,0
6930.9999998775311,1823.8953514308669,-222.3612084625056,0,0.19768583397718509,1.6214980847057434,0
6932.000000111293,1824.0923164584092,-220.73962271708297,0,0.19624419524590808,1.6216731925674595,0
6933.0000000307336,1824.2878397696186,-219.11786250461591,0,0.19480240140818816,1.6218470186997458,0
6933.9999999501742,1824.4819212098955,-217.49592910695355,0,0.19336045360358278,1.6220195629652148,0
6934.9999998696148,1824.674560625921,-215.8738238060032,0,0.19191835297177096,1.6221908252274926,0
6936.0000001033768,1824.8657578653074,-214.251547883905,0,0.19047610065255238,1.6223608053512171,0
6937.0000000228174,1825.0555127770058,-212.6291026227409,0,0.18903369778584689,1.6225295032020404,0
6937.999999942258,1825.2438252110733,-211.00648930494208,0,0.1875911455116932,1.622696918646628,0
6938.9999998616986,1825.4306950186146,-209.38370921299793,0,0.18614844497024807,1.6228630515526592,0
6940.0000000954606,1825.6161220519571,-207.76076362939784,0,0.18470559730178537,1.6230279017888269,0
6941.0000000149012,1825.8001061645336,-206.13765383698046,0,0.18326260364669544,1.6231914692248373,0
6941.9999999343418,1825.9826472109999,-204.51438111858442,0,0.18181946514548408,1.6233537537314107,0
6942.9999998537824,1826.1637450469425,-202.89094675722299,0,0.18037618293877122,1.6235147551802813,0
6944.0000000875443,1826.3433995293453,-201.26735203596763,0,0.1789327581672906,1.6236744734441988,0
6945.0000000069849,1826.5216105161235,-199.64359823812265,0,0.17748919197188873,1.6238329083969254,0
6945.9999999264255,1826.6983778665308,-198.01968664699234,0,0.17604548549352361,1.6239900599132377,0
6946.9999998458661,1826.8737014407525,-196.39561854611384,0,0.17460163987326438,1.6241459278689274,0
6948.0000000796281,1827.0475811002543,-194.77139521914069,0,0.17315765625229007,1.6243005121408005,0
6948.9999999990687,1827.220016707608,-193.14701794978464,0,0.17171353577188875,1.624453812606677,0
6949.9999999185093,1827.3910081265494,-191.52248802187387,0,0.17026927957345672,1.6246058291453926,0
6951.0000001522712,1827.5605552219204,-189.89780671952758,0,0.16882488879849744,1.6247565616367972,0
6952.0000000717118,1827.7286578596686,-188.27297532669036,0,0.16738036458862071,1.6249060099617556,0
6952.9999999911524,1827.8953159070225,-186.64799512765603,0,0.16593570808554214,1.6250541740021474,0
6953.999999910593,1828.0605292321416,-185.02286740683485,0,0.16449092043108149,1.6252010536408681,0
6955.000000144355,1828.2242977045244,-183.39759344857885,0,0.16304600276716241,1.6253466487618271,0
6956.0000000637956,1828.386621194717,-181.77217453747289,0,0.16160095623581106,1.6254909592499498,0
6956.9999999832362,1828.5474995744298,-180.14661195833469,0,0.16015578197915592,1.6256339849911774,0
6957.9999999026768,1828.7069327164791,-178.52090699580731,0,0.15871048113942587,1.6257757258724657,0
6959.0000001364388,1828.8649204949033,-176.89506093488308,0,0.15726505485895026,1.6259161817817862,0
6960.0000000558794,1829.021462784789,-175.26907506061252,0,0.15581950428015734,1.6260553526081258,0
6960.99999997532,1829.1765594623866,-173.64295065804617,0,0.15437383054557374,1.6261932382414883,0
6961.9999998947605,1829.3302104051691,-172.0166890125256,0,0.15292803479782335,1.6263298385728915,0
6963.0000001285225,1829.4824154917151,-170.39029140939238,0,0.15148211817962642,1.6264651534943704,0
6964.0000000479631,1829.6331746016513,-168.76375913404627,0,0.15003608183379913,1.626599182898975,0
6964.9999999674037,1829.7824876158265,-167.13709347211989,0,0.14858992690325157,1.6267319266807725,0
6965.9999998868443,1829.9303544163122,-165.51029570930405,0,0.14714365453098832,1.6268633847348455,0
6967.0000001206063,1830.0767748861108,-163.88336713128956,0,0.14569726586010634,1.6269935569572926,0
6968.0000000400469,1830.221748909622,-162.25630902400007,0,0.14425076203379461,1.6271224432452287,0
6968.9999999594875,1830.3652763721766,-160.62912267347565,0,0.14280414419533305,1.6272500434967858,0
6969.9999998789281,1830.5073571603862,-159.00180936575634,0,0.14135741348809183,1.6273763576111118,0
6971.00000011269,1830.6479911619099,-157.37437038699863,0,0.13991057105553029,1.6275013854883713,0
6972.0000000321306,1830.7871782656293,-155.74680702353362,0,0.13846361804119611,1.6276251270297453,0
6972.9999999515712,1830.924918361532,-154.11912056175061,0,0.13701655558872416,1.6277475821374316,0
6973.9999998710118,1831.0612113407115,-152.49131228809711,0,0.135569384841836,1.6278687507146448,0
6975.0000001047738,1831.1960570954834,-150.86338348919526,0,0.13412210694433879,1.6279886326656163,0
6976.0000000242144,1831.3294555192697,-149.2353354516672,0,0.1326747230401244,1.6281072278955946,0
6976.999999943655,1831.4614065066562,-147.60716946236789,0,0.1312272342731684,1.6282245363108452,0
6977.9999998630956,1831.5919099532766,-145.9788868080359,0,0.1297796417875291,1.6283405578186505,0
6979.0000000968575,1831.720965755987,-144.3504887757008,0,0.12833194672734705,1.6284552923273097,0
6980.0000000162981,1831.8485738129239,-142.72197665239219,0,0.12688415023684374,1.628568739746139,0
6980.9999999357387,1831.9747340230388,-141.09335172525607,0,0.12543625346032106,1.6286808999854736,0
6981.9999998551793,1832.0994462867966,-139.46461528149666,0,0.1239882575421597,1.6287917729566641,0
6983.0000000889413,1832.2227105054772,-137.8357686084928,0,0.12254016362681897,1.6289013585720795,0
6984.0000000083819,1832.3445265817572,-136.2068129935069,0,0.12109197285883588,1.6290096567451062,0
6984.9999999278225,1832.4648944193032,-134.57774972415064,0,0.11964368638282341,1.629116667390148,0
6985.9999998472631,1832.5838139230036,-132.94858008797746,0,0.11819530534347078,1.6292223904226266,0
6987.0000000810251,1832.7012849988532,-131.31930537254084,0,0.11674683088554172,1.6293268257589806,0
6988.0000000004657,1832.8173075540108,-129.68992686568527,0,0.11529826415387356,1.6294299733166677,0
6988.9999999199063,1832.9318814967992,-128.06044585519703,0,0.11384960629337681,1.6295318330141626,0
6990.0000001536682,1833.0450067365891,-126.43086362897884,0,0.11240085844903414,1.6296324047709578,0
6991.0000000731088,1833.1566831840319,-124.80118147499161,0,0.11095202176589891,1.6297316885075634,0
6991.9999999925494,1833.2669107508846,-123.17140068131266,0,0.10950309738909503,1.6298296841455084,0
6992.99999991199,1833.3756893500104,-121.54152253607754,0,0.10805408646381576,1.6299263916073401,0
6994.000000145752,1833.4830188953783,-119.91154832753818,0,0.10660499013532254,1.6300218108166227,0
6995.0000000651926,1833.5888993021799,-118.28147934388835,0,0.10515580954894455,1.6301159416979394,0
6995.9999999846332,1833.6933304867707,-116.65131687361281,0,0.10370654585007721,1.6302087841768917,0
6996.9999999040738,1833.796312366554,-115.02106220502174,0,0.10225720018418194,1.6303003381800991,0
6998.0000001378357,1833.8978448601556,-113.39071662677452,0,0.10080777369678495,1.6303906036351998,0
6999.0000000572763,1833.9979278873652,-111.76028142729774,0,0.099358267533476097,1.6304795804708505,0
6999.9999999767169,1834.0965613690787,-110.12975789536722,0,0.097908682839908501,1.6305672686167256,0
7000.9999998961575,1834.1937452272978,-108.49914731964236,0,0.096459020761797021,1.6306536680035191,0
7002.0000001299195,1834.2894793851883,-106.86845098895719,0,0.09500928244491802,1.6307387785629426,0
7003.0000000493601,1834.3837637671386,-105.23767019220395,0,0.093559469035107812,1.6308226002277273,0
7003.9999999688007,1834.4765982985846,-103.60680621815845,0,0.092109581678262331,1.6309051329316224,0
7004.9999998882413,1834.5679829062428,-101.97586035600398,0,0.090659621520335798,1.6309863766093962,0
7006.0000001220033,1834.6579175177612,-100.34483389463276,0,0.089209589707339942,1.6310663311968356,0
7007.0000000414439,1834.7464020621264,-98.713728123286273,0,0.087759487385343338,1.6311449966307467,0
7007.9999999608845,1834.833436469431,-97.082544331147801,0,0.086309315700469846,1.6312223728489545,0
7008.999999880325,1834.9190206708154,-95.451283807400614,0,0.084859075798898842,1.6312984597903026,0
7010.000000114087,1835.0031545986421,-93.819947841344401,0,0.083408768826862878,1.6313732573946538,0
7011.0000000335276,1835.0858381864964,-92.188537722395267,0,0.081958395930648131,1.6314467656028901,0
7011.9999999529682,1835.1670713688945,-90.557054739969317,0,0.080507958256592516,1.6315189843569124,0
7012.9999998724088,1835.2468540817499,-88.925500183482654,0,0.079057456951085125,1.6315899135996408,0
7014.0000001061708,1835.3251862619654,-87.293875342584215,0,0.077606893160565571,1.6316595532750147,0
7015.0000000256114,1835.4020678476663,-85.662181506806519,0,0.076156268031522756,1.6317279033279926,0
7015.999999945052,1835.4774987779674,-84.030419965856709,0,0.07470558271049399,1.6317949637045523,0
7016.9999998644926,1835.5514789933804,-82.398592009325512,0,0.073254838344064321,1.6318607343516913,0
7018.0000000982545,1835.6240084353485,-80.766698927036487,0,0.071804036078865208,1.6319252152174257,0
7019.0000000176951,1835.6950870466535,-79.134742008813191,0,0.070353177061574179,1.6319884062507917,0
7019.9999999371357,1835.7647147709504,-77.502722544537392,0,0.068902262438913398,1.6320503074018444,0
7020.9999998565763,1835.8328915533493,-75.870641824032646,0,0.067451293357648989,1.6321109186216591,0
7022.0000000903383,1835.8996173398918,-74.238501137297135,0,0.066000270964590269,1.6321702398623303,0
7023.0000000097789,1835.9648920779,-72.606301774270833,0,0.064549196406588627,1.632228271076972,0
7023.9999999292195,1836.0287157156854,-70.974045025126543,0,0.063098070830536424,1.632285012219717,0
7024.9999998486601,1836.0910882029566,-69.341732179920655,0,0.061646895383366873,1.632340463245719,0
7026.000000082422,1836.1520094902371,-67.709364528709557,0,0.060195671212052049,1.6323946241111513,0
7027.0000000018626,1836.2114795295056,-66.076943361724261,0,0.058744399463602992,1.6324474947732059,0
7027.9999999213032,1836.2694982736721,-64.444469969253987,0,0.057293081285067937,1.6324990751900958,0
7029.0000001550652,1836.3260656769853,-62.811945641471539,0,0.055841717823532311,1.632549365321053,0
7030.0000000745058,1836.3811816946254,-61.179371668724343,0,0.054390310226116734,1.6325983651263289,0
7030.9999999939464,1836.4348462831113,-59.54674934130162,0,0.052938859639977243,1.6326460745671958,0
7031.999999913387,1836.4870593999512,-57.914079949725419,0,0.051487367212303514,1.632692493605945,0
7033.000000147149,1836.5378210039344,-56.28136478428496,0,0.050035834090318421,1.6327376222058887,0
7034.0000000665896,1836.5871310549555,-54.648605135444086,0,0.048584261421277031,1.6327814603313584,0
7034.9999999860302,1836.6349895140156,-53.015802293783054,0,0.04713265035246561,1.6328240079477045,0
7035.9999999054708,1836.6813963432214,-51.382957549707498,0,0.045681002031200735,1.6328652650212996,0
7037.0000001392327,1836.7263515060185,-49.750072193914093,0,0.044229317604828622,1.632905231519534,0
7038.0000000586733,1836.7698549667839,-48.117147516924888,0,0.042777598220723689,1.6329439074108207,0
7038.9999999781139,1836.811906691175,-46.484184809320141,0,0.041325845026288444,1.6329812926645904,0
7039.9999998975545,1836.8525066459551,-44.851185361796524,0,0.039874059168951592,1.6330173872512947,0
7041.0000001313165,1836.891654799052,-43.218150465050712,0,0.038422241796168044,1.6330521911424054,0
7042.0000000507571,1836.929351119441,-41.58508140972117,0,0.036970394055417355,1.6330857043104141,0
7042.9999999701977,1836.9655955773778,-39.951979486679193,0,0.035518517094203506,1.6331179267288329,0
7043.9999998896383,1837.0003881442826,-38.318845986563247,0,0.034066612060053014,1.6331488583721947,0
7045.0000001234002,1837.0337287925649,-36.68568220018642,0,0.032614680100514937,1.6331784992160514,0
7046.0000000428408,1837.0656174958567,-35.052489418420009,0,0.031162722363159534,1.6332068492369758,0
7046.9999999622814,1837.0960542290704,-33.419268932018895,0,0.029710739995577384,1.6332339084125607,0
7047.999999881722,1837.1250389680499,-31.786022031854372,0,0.028258734145378717,1.6332596767214191,0
7049.000000115484,1837.1525716899196,-30.152750008855946,0,0.026806705960192079,1.6332841541431842,0
7050.0000000349246,1837.1786523729097,-28.519454153894912,0,0.025354656587663893,1.6333073406585104,0
7050.9999999543652,1837.2032809964148,-26.886135757842567,0,0.023902587175457013,1.6333292362490708,0
7051.9999998738058,1837.2264575409354,-25.252796111686621,0,0.022450498871250613,1.63334984089756,0
7053.0000001075678,1837.2481819882523,-23.619436506356578,0,0.020998392822738299,1.6333691545876929,0
7054.0000000270084,1837.268454321078,-21.986058232840151,0,0.019546270177628,1.6333871773042044,0
7054.999999946449,1837.2872745234054,-20.352662582066841,0,0.018094132083640635,1.6334039090328494,0
7055.9999998658895,1837.3046425804496,-18.71925084508257,0,0.016641979688509445,1.6334193497604037,0
7057.0000000996515,1837.3205584784155,-17.085824312875047,0,0.015189814139978886,1.6334334994746635,0
7058.0000000190921,1837.3350222047302,-15.452384276490193,0,0.013737636585803847,1.6334463581644447,0
7058.9999999385327,1837.348033747985,-13.818932026915718,0,0.01228544817374877,1.6334579258195856,0
7059.9999998579733,1837.3595930978772,-12.185468855197541,0,0.010833250051586529,1.6334682024309419,0
7061.0000000917353,1837.36970024521,-10.551996052381583,0,0.0093810433670976634,1.6334771879903913,0
7062.0000000111759,1837.3783551821252,-8.918514909571968,0,0.0079288292680697037,1.6334848824908328,0
7062.9999999306165,1837.3855579016963,-7.2850267177564092,0,0.006476608902295844,1.6334912859261841,0
7063.9999998500571,1837.3913083982188,-5.6515327680972405,0,0.0050243834175743851,1.6334963982913842,0
7065.000000083819,1837.3956066672108,-4.0180343515821733,0,0.0035721539617074027,1.6335002195823927,0
7066.0000000032596,1837.3984527051798,-2.3845327592571266,0,0.0021199216825004141,1.6335027497961889,0
7066.9999999227002,1837.3998465099721,-0.75102928234264255,0,0.00066768772776093499,1.6335039889307739,0
7068.0000001564622,1837.3997880804818,0.88247478823177516,0,-0.00078454675470185364,1.6335039369851669,0
7069.0000000759028,1837.3982774167089,2.5159781613037921,0,-0.0022367806170788818,1.6335025939594101,0
7069.9999999953434,1837.3953145198175,4.1494795457692817,0,-0.0036890127115611904,1.6334999598545645,0
7070.999999914784,1837.3908993922523,5.7829776506405324,0,-0.0051412418903411528,1.6334960346727125,0
7072.000000148546,1837.3850320373895,7.4164711847552098,0,-0.0065934670056136957,1.6334908184169561,0
7073.0000000679865,1837.3777124599437,9.0499588571256027,0,-0.0080456869095769656,1.6334843110914177,0
7073.9999999874271,1837.3689406656777,10.683439376589376,0,-0.0094979004544329948,1.6334765127012412,0
7074.9999999068677,1837.3587166615762,12.31691145215882,0,-0.010950106492388922,1.6334674232525903,0
7076.0000001406297,1837.3470404556138,13.950373792729806,0,-0.012402303875658105,1.6334570427526489,0
7077.0000000600703,1837.3339120570454,15.583825107314624,0,-0.013854491456460227,1.6334453712096211,0
7077.9999999795109,1837.3193314763485,17.217264104809146,0,-0.015306668087023079,1.6334324086327316,0
7078.9999998989515,1837.3032987249317,18.850689494225662,0,-0.016758832619583108,1.6334181550322264,0
7080.0000001327135,1837.2858138155425,20.48409998457646,0,-0.018210983906386202,1.6334026104193708,0
7081.0000000521541,1837.266876761918,22.117494284757413,0,-0.019663120799688683,1.6333857748064513,0
7081.9999999715947,1837.2464875790756,23.750871103839017,0,-0.021115242151758418,1.6333676482067738,0
7082.9999998910353,1837.2246462831972,25.384229150833562,0,-0.022567346814875378,1.6333482306346652,0
7084.0000001247972,1837.2013528913958,27.017567134811543,0,-0.024019433641332855,1.6333275221054726,0
7085.0000000442378,1837.1766074222396,28.650883764727041,0,-0.02547150148343813,1.6333055226355642,0
7085.9999999636784,1837.15040989517,30.284177749766968,0,-0.026923549193513585,1.6332822322423273,0
7086.999999883119,1837.1227603309089,31.917447798943613,0,-0.028375575623897586,1.6332576509441694,0
7088.000000116881,1837.0936587514007,33.550692621327471,0,-0.029827579626945044,1.6332317787605199,0
7089.0000000363216,1837.0631051795208,35.183910926163662,0,-0.031279560055028743,1.6332046157118272,0
7089.9999999557622,1837.0310996395419,36.817101422464475,0,-0.032731515760540231,1.6331761618195602,0
7090.9999998752028,1836.9976421566098,38.450262819533236,0,-0.034183445595890594,1.6331464171062087,0
7092.0000001089647,1836.9627327573253,40.083393826440442,0,-0.035635348413510903,1.633115381595281,0
7093.0000000284053,1836.9263714692206,41.716493152431212,0,-0.037087223065854324,1.633083055311308,0
7093.9999999478459,1836.8885583209922,43.349559506808873,0,-0.03853906840539556,1.6330494382798391,0
7094.9999998672865,1836.8492933425587,44.982591598760337,0,-0.039990883284633072,1.6330145305274444,0
7096.0000001010485,1836.8085765649448,46.615588137647137,0,-0.04144266655608897,1.6329783320817131,0
7097.0000000204891,1836.7664080203394,48.248547832714394,0,-0.042894417072310675,1.6329408429712566,0
7097.9999999399297,1836.7227877420955,49.881469393381849,0,-0.044346133685871147,1.6329020632257056,0
7098.9999998593703,1836.677715764672,51.51435152895283,0,-0.045797815249370433,1.6328619928757104,0
7100.0000000931323,1836.6311921236338,53.147192948905285,0,-0.047249460615436334,1.632820631952941,0
7101.0000000125729,1836.5832168558845,54.779992362717167,0,-0.048701068636724854,1.6327779804900888,0
7101.9999999320135,1836.533789999201,56.412748479750007,0,-0.050152638165921859,1.6327340385208637,0
7102.999999851454,1836.4829115927569,58.045460009598173,0,-0.051604168055743527,1.6326888060799969,0
7104.000000085216,1836.4305816767155,59.678125661739614,0,-0.053055657158937453,1.6326422832032386,0
7105.0000000046566,1836.3768002924044,61.310744145826902,0,-0.054507104328283429,1.6325944699273591,0
7105.9999999240972,1836.3215674824314,62.943314171512611,0,-0.055958508416594221,1.6325453662901497,0
7106.9999998435378,1836.264883290336,64.575834448332898,0,-0.057409868276716902,1.6324949723304201,0
7108.0000000772998,1836.2067477609962,66.208303686056752,0,-0.058861182761533404,1.632443288088,0
7108.9999999967404,1836.1471609403379,67.840720594394952,0,-0.060312450723961408,1.6323903136037401,0
7109.999999916181,1836.0861228753929,69.473083883174695,0,-0.061763671016955568,1.6323360489195098,0
7111.0000001499429,1836.0236336145317,71.105392262223177,0,-0.063214842493508061,1.6322804940781981,0
7112.0000000693835,1835.9596932071145,72.737644441309385,0,-0.064665964006649701,1.632223649123715,0
7112.9999999888241,1835.894301703549,74.369839130435139,0,-0.066117034409450715,1.6321655141009888,0
7113.9999999082647,1835.8274591556983,76.001975039485842,0,-0.067568052555021962,1.632106089055968,0
7115.0000001420267,1835.7591656162404,77.634050878521521,0,-0.069019017296515273,1.6320453740356209,0
7116.0000000614673,1835.6894211393083,79.266065357602201,0,-0.070469927487124995,1.6319833690879344,0
7116.9999999809079,1835.61822577985,80.898017186787911,0,-0.071920781980088333,1.6319200742619164,0
7117.9999999003485,1835.5455795942689,82.529905076196883,0,-0.073371579628686678,1.631855489607593,0
7119.0000001341105,1835.4714826399577,84.161727736063767,0,-0.074822319286246275,1.6317896151760103,0
7120.000000053551,1835.395934975415,85.793483876623213,0,-0.07627299980613933,1.6317224510192341,0
7120.9999999729916,1835.3189366604201,87.425172208226286,0,-0.07772362004178468,1.6316539971903494,0
7121.9999998924322,1835.2404877558001,89.056791441107634,0,-0.07917417884664868,1.6315842537434602,0
7123.0000001261942,1835.1605883236043,90.688340285851154,0,-0.080624675074246532,1.6315132207336895,0
7124.0000000456348,1835.0792384268716,92.319817452749703,0,-0.082075107578142736,1.6314408982171802,0
7124.9999999650754,1834.9964381300379,93.951221652445383,0,-0.083525475211952083,1.6313672862510944,0
7125.999999884516,1834.9121874984703,95.582551595463883,0,-0.084975776829340655,1.6312923848936132,0
7127.000000118278,1834.8264865987585,97.213805992447305,0,-0.086426011284026938,1.6312161942039367,0
7128.0000000377186,1834.7393354986561,98.844983554095961,0,-0.087876177429782265,1.631138714242284,0
7128.9999999571592,1834.6507342670811,100.47608299122658,0,-0.089326274120432037,1.6310599450698933,0
7129.9999998765998,1834.5606829739409,102.10710301453946,0,-0.090776300209856609,1.6309798867490217,0
7131.0000001103617,1834.4691816905397,103.73804233502597,0,-0.09222625455199196,1.6308985393429456,0
7132.0000000298023,1834.3762304891716,105.36889966356102,0,-0.093676136000831023,1.6308159029159595,0
7132.9999999492429,1834.2818294432363,106.99967371119419,0,-0.09512594341042413,1.6307319775333766,0
7133.9999998686835,1834.1859786274144,108.63036318897502,0,-0.096575675634880231,1.6306467632615309,0
7135.0000001024455,1834.088678117434,110.26096680812771,0,-0.098025331528367676,1.6305602601677727,0
7136.0000000218861,1833.9899279901874,111.89148327976,0,-0.099474909945115098,1.6304724683204719,0
7136.9999999413267,1833.8897283237311,113.52191131521249,0,-0.10092440973941252,1.630383387789017,0
7137.9999998607673,1833.7880791972857,115.15224962576758,0,-0.10237382976561205,1.6302930186438147,0
7139.0000000945292,1833.6849806911778,116.78249692294048,0,-0.10382316887812859,1.6302013609562909,0
7140.0000000139698,1833.5804328868981,118.4126519181882,0,-0.10527242593144148,1.6301084147988893,0
7140.9999999334104,1833.4744358670432,120.04271332308417,0,-0.10672159978009432,1.6300141802450727,0
7141.999999852851,1833.3669897154323,121.67267984926002,0,-0.10817068927869711,1.6299186573693214,0
7143.000000086613,1833.2580945169902,123.30255020840559,0,-0.109619693281926,1.6298218462471334,0
7144.0000000060536,1833.147750357748,124.93232311238535,0,-0.111068610644525,1.629723746955027,0
7144.9999999254942,1833.0359573249589,126.56199727294734,0,-0.1125174402213065,1.6296243595705369,0
7145.9999998449348,1832.9227155069821,128.19157140218886,0,-0.11396618086715216,1.629523684172216,0
7147.0000000786968,1832.8080249932245,129.82104421197437,0,-0.11541483143701436,1.6294217208396367,0
7147.9999999981374,1832.6918858744903,131.45041441457579,0,-0.11686339078591601,1.6293184696533871,0
7148.999999917578,1832.5742982424563,133.07968072203221,0,-0.11831185776895281,1.6292139306950746,0
7150.0000001513399,1832.4552621901385,134.70884184673196,0,-0.11976023124129298,1.6291081040473248,0
7151.0000000707805,1832.3347778115422,136.33789650094695,0,-0.12120851005817868,1.6290009897937794,0
7151.9999999902211,1832.2128452019533,137.96684339712374,0,-0.12265669307492721,1.6288925880190994,0
7152.9999999096617,1832.0894644577056,139.59568124782527,0,-0.1241047791469313,1.6287828988089625,0
7154.0000001434237,1831.9646356763551,141.2244087656145,0,-0.12555276712966035,1.6286719222500645,0
7155.0000000628643,1831.8383589565055,142.85302466322901,0,-0.12700065587866138,1.6285596584301187,0
7155.9999999823049,1831.7106343980413,144.48152765346458,0,-0.12844844424955981,1.6284461074378553,0
7156.9999999017455,1831.5814621018362,146.10991644911701,0,-0.12989613109806031,1.6283312693630221,0
7158.0000001355074,1831.4508421700448,147.7381897631567,0,-0.1313437152799477,1.6282151442963839,0
7159.000000054948,1831.3187747059274,149.36634630872868,0,-0.13279119565108843,1.6280977323297234,0
7159.9999999743886,1831.1852598137339,150.99438479886157,0,-0.13423857106743042,1.6279790335558404,0
7160.9999998938292,1831.0502975991112,152.62230394693324,0,-0.13568584038500486,1.6278590480685506,0
7162.0000001275912,1830.9138881687541,154.25010246614693,0,-0.13713300245992677,1.6277377759626883,0
7163.0000000470318,1830.7760316303466,155.8777790699969,0,-0.13858005614839586,1.627615217334103,0
7163.9999999664724,1830.6367280929699,157.50533247203566,0,-0.14002700030669757,1.6274913722796629,0
7164.999999885913,1830.4959776666365,159.13276138581568,0,-0.14147383379120371,1.6273662408972513,0
7166.000000119675,1830.3537804626394,160.76006452506408,0,-0.1429205554583739,1.6272398232857697,0
7167.0000000391155,1830.2101365933777,162.38724060368259,0,-0.14436716416475592,1.6271121195451341,0
7167.9999999585561,1830.0650461723562,164.01428833545651,0,-0.14581365876698693,1.6269831297762793,0
7168.9999998779967,1829.9185093142441,165.64120643457863,0,-0.14726003812179411,1.6268528540811553,0
7170.0000001117587,1829.7705261348747,167.26799361500889,0,-0.14870630108599592,1.6267212925627283,0
7171.0000000311993,1829.6210967512452,168.89464859111467,0,-0.15015244651650272,1.626588445324981,0
7171.9999999506399,1829.4702212814009,170.52117007714696,0,-0.15159847327031784,1.6264543124729141,0
7172.9999998700805,1829.3178998446674,172.14755678753136,0,-0.15304438020453814,1.6263188941125415,0
7174.0000001038425,1829.1641325613018,173.77380743692629,0,-0.15449016617635569,1.6261821903508944,0
7175.0000000232831,1829.0089195530163,175.39992073981557,0,-0.15593583004305756,1.6260442012960203,0
7175.9999999427237,1828.852260942338,177.02589541109046,0,-0.15738137066202784,1.6259049270569823,0
7176.9999998621643,1828.6941568531329,178.65173016558401,0,-0.15882678689074781,1.6257643677438591,0
7178.0000000959262,1828.5346074103727,180.2774237182457,0,-0.16027207758679701,1.6256225234677451,0
7179.0000000153668,1828.3736127401935,181.90297478425782,0,-0.16171724160785428,1.6254793943407511,0
7179.9999999348074,1828.211172969779,183.52838207868626,0,-0.16316227781169867,1.625334980476002,0
7180.999999854248,1828.0472882275353,185.15364431700436,0,-0.16460718505620997,1.625189281987639,0
7182.00000008801,1827.8819586430327,186.77876021451084,0,-0.16605196219937024,1.6250422989908186,0
7183.0000000074506,1827.7151843468891,188.40372848685365,0,-0.16749660809926414,1.6248940316017129,0
7183.9999999268912,1827.546965470945,190.02854784962256,0,-0.16894112161408015,1.6247444799375079,0
7184.9999998463318,1827.3773021482048,191.65321701864013,0,-0.17038550160211136,1.6245936441164059,0
7186.0000000800937,1827.2061945126625,193.27773470984539,0,-0.1718297469217564,1.6244415242576236,0
7186.9999999995343,1827.0336426995927,194.90209963917732,0,-0.17327385643152038,1.6242881204813926,0
7187.9999999189749,1826.8596468454343,196.52631052286597,0,-0.17471782899001564,1.6241334329089594,0
7189.0000001527369,1826.6842070876737,198.15036607714137,0,-0.17616166345596285,1.6239774616625853,0
7190.0000000721775,1826.5073235649616,199.77426501834998,0,-0.17760535868819177,1.6238202068655461,0
7190.9999999916181,1826.3289964170544,201.39800606307108,0,-0.17904891354564234,1.623661668642131,0
7191.9999999110587,1826.1492257849895,203.02158792788396,0,-0.18049232688736527,1.6235018471176459,0
7193.0000001448207,1825.9680118108517,204.64500932954252,0,-0.18193559757252331,1.6233407424184096,0
7194.0000000642613,1825.7853546377737,206.2682689850335,0,-0.18337872446039172,1.6231783546717549,0
7194.9999999837019,1825.6012544102268,207.89136561128544,0,-0.18482170641035967,1.6230146840060282,0
7195.9999999031425,1825.4157112736721,209.51429792545969,0,-0.18626454228193068,1.6228497305505916,0
7197.0000001369044,1825.2287253747345,211.13706464483403,0,-0.18770723093472375,1.6226834944358199,0
7198.000000056345,1825.0402968612616,212.75966448680265,0,-0.18914977122847448,1.6225159757931018,0
7198.9999999757856,1824.8504258821486,214.38209616893437,0,-0.19059216202303542,1.6223471747548399,0
7199.9999998952262,1824.6591125873965,216.00435840891441,0,-0.19203440217837742,1.6221770914544495,0
