0,6778.1369999999997,0,0,0,7.6685581148719999,0
0.9999999194405973,6778.1326620250311,7.6685564789252014,0,-0.0086759490131024328,7.668553207031815,0
2.0000001532025635,6778.1196481056759,15.337103142172126,0,-0.017351886921073867,7.6685384835175388,0
3.0000000726431608,6778.0979582585924,23.005630174075048,0,-0.026027802618797519,7.668513944348021,0
3.9999999920837581,6778.0675925115447,30.674127758993407,0,-0.034703685001185029,7.6684795895546687,0
4.9999999115243554,6778.0285509033974,38.342586081324292,0,-0.043379522963190684,7.6684354191814572,0
6.0000001452863216,6777.9808334841264,46.010995325515076,0,-0.052055305399825655,7.6683814332849227,0
7.0000000647269189,6777.9244403148068,53.679345676075933,0,-0.060731021206172131,7.6683176319341682,0
7.9999999841675162,6777.8593714676226,61.347627317592419,0,-0.069406659277397642,7.6682440152108571,0
8.9999999036081135,6777.7856270258635,69.015830434738064,0,-0.07808220850876918,7.668160583209219,0
10.00000013737008,6777.7032070839196,76.683945212286886,0,-0.086757657795667451,7.6680673360360467,0
11.000000056810677,6777.6121117472885,84.351961835125962,0,-0.095432996033601142,7.6679642738106963,0
11.999999976251274,6777.5123411325712,92.01987048826804,0,-0.10410821211822101,7.6678513966650854,0
12.999999895691872,6777.4038953674717,99.687661356864055,0,-0.11278329494533416,7.6677287047436939,0
14.000000129453838,6777.2867745908006,107.35532462621572,0,-0.12145823341091838,7.6675961982035696,0
15.000000048894435,6777.1609789524709,115.02285048178803,0,-0.13013301641113614,7.667453877214319,0
15.999999968335032,6777.0265086135005,122.69022910922189,0,-0.1388076328423489,7.6673017419581084,0
16.99999988777563,6776.8833637460093,130.35745069434668,0,-0.14748207160113141,7.6671397926296718,0
18.000000121537596,6776.7315445332233,138.02450542319278,0,-0.15615632158428575,7.666968029436303,0
19.000000040978193,6776.571051169467,145.69138348200414,0,-0.16483037168885564,7.666786452597858,0
19.999999960418791,6776.4018838601733,153.35807505725083,0,-0.17350421081214065,7.6665950623467509,0
20.999999879859388,6776.2240428218729,161.02457033564161,0,-0.18217782785171047,7.6663938589279601,0
22.000000113621354,6776.0375282821997,168.69085950413654,0,-0.19085121170541897,7.6661828425990244,0
23.000000033061951,6775.8423404798914,176.3569327499595,0,-0.19952435127141857,7.6659620136300441,0
23.999999952502549,6775.6384796647872,184.02278026061072,0,-0.20819723544817434,7.6657313723036768,0
24.999999871943146,6775.4259460978265,191.68839222387939,0,-0.21686985313447815,7.6654909189151423,0
26.000000105705112,6775.2047400510492,199.35375882785613,0,-0.22554219322946314,7.6652406537722166,0
27.00000002514571,6774.9748618075973,207.01887026094565,0,-0.23421424463261772,7.6649805771952382,0
27.999999944586307,6774.7363116617134,214.68371671187936,0,-0.24288599624379978,7.6647106895171033,0
28.999999864026904,6774.4890899187412,222.34828836972778,0,-0.25155743696325089,7.6644309910832629,0
30.00000009778887,6774.2331968951194,230.01257542391318,0,-0.26022855569161069,7.6641414822517309,0
31.000000017229468,6773.9686329183887,237.67656806422207,0,-0.26889934132993093,7.663842163393074,0
31.999999936670065,6773.6953983271897,245.34025648081786,0,-0.27756978277968963,7.6635330348904169,0
32.999999856110662,6773.4134934712602,253.00363086425335,0,-0.2862398689428054,7.6632140971394431,0
34.000000089872628,6773.1229187114341,260.66668140548325,0,-0.29490958872165174,7.6628853505483896,0
35.000000009313226,6772.8236744196429,268.32939829587684,0,-0.3035789310190708,7.6625467955380486,0
35.999999928753823,6772.5157609789212,275.99177172723051,0,-0.31224788473838833,7.6621984325417669,0
36.99999984819442,6772.1991787833931,283.6537918917802,0,-0.32091643878342718,7.6618402620054447,0
38.000000081956387,6771.8739282382794,291.31544898221409,0,-0.32958458205852181,7.6614722843875382,0
39.000000001396984,6771.5400097598986,298.97673319168501,0,-0.33825230346853252,7.6610945001590558,0
39.999999920837581,6771.197423775664,306.63763471382305,0,-0.34691959191885957,7.6607069098035572,0
41.000000154599547,6770.8461707240795,314.29814374274832,0,-0.35558643631545733,7.6603095138171531,0
42.000000074040145,6770.4862510547473,321.95825047308318,0,-0.36425282556484873,7.6599023127085077,0
42.999999993480742,6770.117665228363,329.61794509996491,0,-0.37291874857413909,7.6594853069988336,0
43.999999912921339,6769.7404137167114,337.27721781905831,0,-0.38158419425103074,7.6590584972218947,0
45.000000146683306,6769.3544970026687,344.93605882656823,0,-0.3902491515038366,7.6586218839240034,0
46.000000066123903,6768.9599155802089,352.59445831925211,0,-0.3989136092414951,7.6581754676640195,0
46.9999999855645,6768.5566699543888,360.25240649443248,0,-0.40757755637358412,7.6577192490133532,0
47.999999905005097,6768.1447606413612,367.90989355000977,0,-0.41624098181033481,7.6572532285559607,0
49.000000138767064,6767.7241881683649,375.56690968447424,0,-0.42490387446264627,7.6567774068883407,0
50.000000058207661,6767.2949530737278,383.22344509691931,0,-0.43356622324209948,7.6562917846195431,0
50.999999977648258,6766.8570559068676,390.87948998705343,0,-0.44222801706097176,7.6557963623711585,0
51.999999897088856,6766.4104972282885,398.53503455521309,0,-0.4508892448322504,7.6552911407773214,0
53.000000130850822,6765.9552776095825,406.19006900237508,0,-0.45954989546964764,7.6547761204847111,0
54.000000050291419,6765.4913976334237,413.84458353016913,0,-0.46820995788761421,7.6542513021525496,0
54.999999969732016,6765.0188578935749,421.49856834089064,0,-0.47686942100135371,7.6537166864525998,0
55.999999889172614,6764.5376589948828,429.15201363751294,0,-0.48552827372683693,7.6531722740691643,0
57.00000012293458,6764.047801553279,436.80490962369993,0,-0.49418650498081612,7.6526180656990839,0
58.000000042375177,6763.5492861957737,444.45724650381857,0,-0.50284410368083865,7.6520540620517421,0
58.999999961815774,6763.042113560462,452.10901448295147,0,-0.51150105874526186,7.6514802638490567,0
59.999999881256372,6762.5262842965203,459.76020376690951,0,-0.52015735909326677,7.6508966718254845,0
61.000000115018338,6762.0017990642054,467.41080456224427,0,-0.52881299364487266,7.6503032867280183,0
62.000000034458935,6761.4686585348545,475.06080707626057,0,-0.5374679513209506,7.6497001093161829,0
62.999999953899533,6760.9268633908832,482.71020151702902,0,-0.5461222210432386,7.6490871403620426,0
63.99999987334013,6760.3764143257804,490.35897809339855,0,-0.55477579173435443,7.6484643806501911,0
65.000000107102096,6759.817312044117,498.00712701500908,0,-0.5634286523178117,7.6478318309777533,0
66.000000026542693,6759.2495572615389,505.65463849230366,0,-0.57208079171803194,7.6471894921543875,0
66.999999945983291,6758.6731507047671,513.30150273654147,0,-0.58073219886036054,7.6465373650022812,0
67.999999865423888,6758.0880931115962,520.94770995981003,0,-0.58938286267107975,7.645875450356149,0
69.000000099185854,6757.4943852308934,528.59325037503788,0,-0.59803277207742334,7.6452037490632376,0
70.000000018626451,6756.8920278225996,536.23811419600713,0,-0.60668191600759069,7.644522261983318,0
70.999999938067049,6756.2810216577263,543.88229163736594,0,-0.61533028339076112,7.643830989988686,0
71.999999857507646,6755.661367518358,551.52577291464092,0,-0.6239778631571079,7.6431299339641647,0
73.000000091269612,6755.0330661976423,559.16854824425002,0,-0.63262464423781239,7.6424190948070976,0
74.00000001071021,6754.3961184997997,566.81060784351439,0,-0.64127061556507825,7.6416984734273541,0
74.999999930150807,6753.7505252401179,574.45194193067141,0,-0.64991576607214563,7.64096807074732,0
75.999999849591404,6753.09628724495,582.09254072488716,0,-0.65856008469330529,7.6402278877019052,0
77.00000008335337,6752.4334053517132,589.73239444626904,0,-0.66720356036391282,7.639477925238535,0
78.000000002793968,6751.7618804088934,597.37149331587807,0,-0.67584618202040281,7.6387181843171552,0
78.999999922234565,6751.0817132760312,605.00982755574114,0,-0.68448793860030299,7.6379486659102298,0
80.000000155996531,6750.3929048237387,612.64738738886456,0,-0.69312881904224832,7.6371693710027309,0
81.000000075437129,6749.6954559336809,620.2841630392453,0,-0.7017688122859953,7.636380300592152,0
81.999999994877726,6748.989367498586,627.92014473188431,0,-0.71040790727243597,7.6355814556884916,0
82.999999914318323,6748.2746404222416,635.55532269279854,0,-0.7190460929436121,7.6347728373142649,0
84.000000148080289,6747.5512756194885,643.18968714903406,0,-0.72768335824272945,7.6339544465044966,0
85.000000067520887,6746.8192740162303,650.82322832867806,0,-0.7363196921141717,7.6331262843067194,0
85.999999986961484,6746.0786365494205,658.45593646087138,0,-0.74495508350351491,7.6322883517809714,0
86.999999906402081,6745.3293641670689,666.08780177582128,0,-0.75358952135754143,7.6314406499997975,0
88.000000140164047,6744.5714578282359,673.71881450481408,0,-0.76222299462425391,7.6305831800482498,0
89.000000059604645,6743.8049185030341,681.34896488022662,0,-0.7708554922528903,7.6297159430238803,0
89.999999979045242,6743.0297471726271,688.97824313554054,0,-0.77948700319393671,7.6288389400367453,0
90.999999898485839,6742.2459448292257,696.6066395053532,0,-0.78811751639914251,7.6279521722094001,0
92.000000132247806,6741.4535124760887,704.23414422539076,0,-0.79674702082153415,7.6270556406768968,0
93.000000051688403,6740.6524511275256,711.86074753252069,0,-0.80537550541542924,7.6261493465867884,0
93.999999971129,6739.8427618088826,719.48643966476482,0,-0.8140029591364506,7.6252332910991232,0
94.999999890569597,6739.024445556558,727.11121086131061,0,-0.82262937094154098,7.6243074753864422,0
96.000000124331564,6738.1975034179859,734.73505136252436,0,-0.83125472978897641,7.6233719006337815,0
97.000000043772161,6737.3619364516453,742.35795140996379,0,-0.83987902463838093,7.6224265680386676,0
97.999999963212758,6736.5177457270538,749.9799012463908,0,-0.8485022444507403,7.6214714788111158,0
98.999999882653356,6735.6649323247684,757.6008911157827,0,-0.85712437818841625,7.6205066341736334,0
100.00000011641532,6734.803497336381,765.22091126334635,0,-0.86574541481516099,7.6195320353612122,0
101.00000003585592,6733.9334418645203,772.83995193552926,0,-0.87436534329613091,7.6185476836213271,0
101.99999995529652,6733.054767022848,780.45800338003301,0,-0.88298415259790053,7.61755358021394,0
102.99999987473711,6732.1674739360615,788.07505584582532,0,-0.89160183168847729,7.6165497264114936,0
104.00000010849908,6731.2715637398851,795.69109958315255,0,-0.90021836953731516,7.6155361234989121,0
105.00000002793968,6730.367037581078,803.30612484355208,0,-0.9088337551153286,7.6145127727735948,0
105.99999994738027,6729.4538966174205,810.92012187986529,0,-0.91744797739490747,7.613479675545423,0
106.99999986682087,6728.5321420177279,818.53308094624936,0,-0.92606102534993029,7.6124368331367505,0
108.00000010058284,6727.6017749618368,826.14499229819,0,-0.93467288795577885,7.6113842468824053,0
109.00000002002344,6726.6627966406068,833.75584619251435,0,-0.94328355418935217,7.6103219181296886,0
109.99999993946403,6725.7152082559232,841.36563288740297,0,-0.95189301302908036,7.6092498482383704,0
110.99999985890463,6724.7590110206875,848.97434264240223,0,-0.96050125345493953,7.6081680385806898,0
112.0000000926666,6723.7942061588246,856.581965718437,0,-0.96910826444846487,7.6070764905413535,0
113.00000001210719,6722.8207949052739,864.1884923778232,0,-0.97771403499276544,7.60597520551753,0
113.99999993154779,6721.838778505994,871.79391288428019,0,-0.98631855407253799,7.6048641849188554,0
114.99999985098839,6720.8481582179566,879.39821750294311,0,-0.99492181067408103,7.6037434301674258,0
116.00000008475035,6719.8489353091436,887.00139650037545,0,-1.0035237937853092,7.6026129426977942,0
117.00000000419095,6718.8411110585512,894.60344014458155,0,-1.0121244923957673,7.6014727239569746,0
117.99999992363155,6717.8246867561866,902.20433870501881,0,-1.0207238954966442,7.6003227754044387,0
118.99999984307215,6716.7996637030628,909.80408245261049,0,-1.0293219920807863,7.5991630985121059,0
120.00000007683411,6715.7660432112007,917.40266165975765,0,-1.0379187711427138,7.5979936947643543,0
120.99999999627471,6714.723826603622,925.00006660035262,0,-1.0465142216786314,7.5968145656580059,0
121.99999991571531,6713.6730152143537,932.5962875497903,0,-1.0551083326864463,7.5956257127023363,0
123.00000014947727,6712.6136103884246,940.19131478498116,0,-1.0637010931657793,7.5944271374190677,0
124.00000006891787,6711.5456134818633,947.78513858436395,0,-1.0722924921179793,7.5932188413423631,0
124.99999998835847,6710.4690258616965,955.37774922791721,0,-1.080882518546139,7.5920008260188308,0
125.99999990779907,6709.3838489059435,962.96913699717243,0,-1.0894711614551078,7.5907730930075168,0
127.00000014156103,6708.2900840036218,970.55929217522669,0,-1.0980584098515054,7.58953564387991,0
128.00000006100163,6707.1877325547393,978.14820504675458,0,-1.1066442527437366,7.5882884802199309,0
128.99999998044223,6706.076795970298,985.73586589802107,0,-1.1152286791420056,7.587031603623938,0
129.99999989988282,6704.9572756722837,993.32226501689343,0,-1.1238116780583292,7.5857650157007201,0
131.00000013364479,6703.8291730936699,1000.9073926928539,0,-1.1323932385065516,7.5844887180715004,0
132.00000005308539,6702.6924896784203,1008.4912392170123,0,-1.1409733495023586,7.5832027123699248,0
132.99999997252598,6701.5472268814774,1016.0737948821181,0,-1.1495520000632904,7.5819070002420696,0
133.99999989196658,6700.3933861687656,1023.6550499825736,0,-1.1581291792087578,7.5806015833464331,0
135.00000012572855,6699.2309690171915,1031.2349948144454,0,-1.1667048759600538,7.5792864633539372,0
136.00000004516914,6698.0599769146356,1038.8136196754772,0,-1.1752790793403696,7.5779616419479217,0
136.99999996460974,6696.880411359959,1046.3909148651023,0,-1.1838517783748073,7.5766271208241456,0
137.99999988405034,6695.6922738629928,1053.9668706844559,0,-1.1924229620903948,7.5752829016907839,0
139.00000011781231,6694.4955659445413,1061.5414774363874,0,-1.2009926195161,7.5739289862684238,0
140.0000000372529,6693.2902891363801,1069.1147254254736,0,-1.2095607396828438,7.5725653762900622,0
140.9999999566935,6692.0764449812514,1076.6866049580303,0,-1.2181273116235154,7.57119207350111,0
141.9999998761341,6690.8540350328649,1084.2571063421242,0,-1.2266923243729855,7.5698090796593789,0
143.00000010989606,6689.6230608558917,1091.8262198875875,0,-1.2352557669681197,7.5684163965350884,0
144.00000002933666,6688.3835240259677,1099.3939359060275,0,-1.2438176284477951,7.5670140259108596,0
144.99999994877726,6687.1354261296865,1106.9602447108407,0,-1.252377897852911,7.5656019695817127,0
145.99999986821786,6685.8787687646045,1114.5251366172249,0,-1.2609365642264061,7.5641802293550668,0
147.00000010197982,6684.6135535392295,1122.0886019421919,0,-1.2694936166132686,7.5627488070507365,0
148.00000002142042,6683.3397820730252,1129.6506310045779,0,-1.2780490440605552,7.5613077045009272,0
148.99999994086102,6682.0574559964043,1137.2112141250595,0,-1.2866028356174011,7.5598569235502362,0
149.99999986030161,6680.7665769507357,1144.7703416261634,0,-1.2951549803350348,7.5583964660556484,0
151.00000009406358,6679.4671465883293,1152.3280038322791,0,-1.3037054672667945,7.5569263338865378,0
152.00000001350418,6678.1591665724454,1159.8841910696722,0,-1.3122542854681394,7.5554465289246586,0
152.99999993294477,6676.8426385772855,1167.4388936664952,0,-1.3208014239966643,7.5539570530641456,0
153.99999985238537,6675.5175642879904,1174.9921019528031,0,-1.3293468719121151,7.5524579082115153,0
155.00000008614734,6674.183945400644,1182.5438062605613,0,-1.3378906182764003,7.5509490962856578,0
156.00000000558794,6672.8417836222661,1190.0939969236606,0,-1.346432652153607,7.5494306192178371,0
156.99999992502853,6671.4910806708103,1197.6426642779306,0,-1.3549729626100147,7.5479024789516895,0
157.99999984446913,6670.1318382751651,1205.1897986611496,0,-1.3635115387141084,7.5463646774432194,0
159.0000000782311,6668.7640581751448,1212.7353904130589,0,-1.3720483695365924,7.5448172166607996,0
159.99999999767169,6667.3877421214938,1220.2794298753734,0,-1.3805834441504063,7.5432600985851641,0
160.99999991711229,6666.0028918758871,1227.8219073917958,0,-1.389116751630737,7.5416933252094074,0
162.00000015087426,6664.6095092109172,1235.3628133080269,0,-1.3976482810550332,7.5401168985389848,0
163.00000007031485,6663.2075959101012,1242.9021379717803,0,-1.4061780215030195,7.5385308205917081,0
163.99999998975545,6661.7971537678759,1250.439871732794,0,-1.4147059620567106,7.5369350933977426,0
164.99999990919605,6660.378184589591,1257.9760049428407,0,-1.4232320918004246,7.5353297189996029,0
166.00000014295802,6658.9506901915165,1265.5105279557429,0,-1.4317563998207981,7.5337146994521529,0
167.00000006239861,6657.5146724008291,1273.0434311273837,0,-1.4402788752067985,7.5320900368226011,0
167.99999998183921,6656.0701330556176,1280.57470481572,0,-1.4487995070497404,7.5304557331904993,0
168.99999990127981,6654.6170740048792,1288.104339380794,0,-1.457318284443297,7.528811790647743,0
170.00000013504177,6653.1554971085161,1295.6323251847464,0,-1.465835196483515,7.5271582112985609,0
171.00000005448237,6651.6854042373307,1303.1586525918278,0,-1.4743502322688293,7.5254949972595213,0
171.99999997392297,6650.2067972730283,1310.6833119684118,0,-1.4828633809000766,7.5238221506595186,0
172.99999989336357,6648.7196781082139,1318.2062936830071,0,-1.4913746314805092,7.5221396736397814,0
174.00000012712553,6647.2240486463825,1325.7275881062694,0,-1.4998839731158071,7.5204475683538661,0
175.00000004656613,6645.7199108019286,1333.2471856110146,0,-1.5083913949140968,7.518745836967649,0
175.99999996600673,6644.2072665001315,1340.7650765722308,0,-1.5168968859859593,7.51703448165933,0
176.99999988544732,6642.6861176771608,1348.2812513670895,0,-1.5254004354444488,7.5153135046194279,0
178.00000011920929,6641.1564662800747,1355.7957003749598,0,-1.533902032405104,7.5135829080507772,0
179.00000003864989,6639.6183142668115,1363.3084139774196,0,-1.5424016659859625,7.5118426941685232,0
179.99999995809048,6638.0716636061916,1370.8193825582678,0,-1.5508993253075756,7.5100928652001233,0
180.99999987753108,6636.5165162779103,1378.3285965035373,0,-1.5593949994930212,7.5083334233853414,0
182.00000011129305,6634.9528742725424,1385.8360462015066,0,-1.5678886776679186,7.5065643709762471,0
183.00000003073364,6633.3807395915346,1393.3417220427129,0,-1.5763803489604413,7.5047857102372104,0
183.99999995017424,6631.8001142472058,1400.8456144199636,0,-1.5848700025013327,7.5029974434449,0
184.99999986961484,6630.2110002627396,1408.347713728348,0,-1.5933576274239174,7.5011995728882788,0
186.00000010337681,6628.6133996721856,1415.8480103652525,0,-1.6018432128641182,7.4993921008686053,0
187.0000000228174,6627.0073145204597,1423.3464947303692,0,-1.6103267479604673,7.4975750296994255,0
187.999999942258,6625.3927468633337,1430.84315722571,0,-1.6188082218541213,7.4957483617065721,0
188.9999998616986,6623.769698767439,1438.3379882556201,0,-1.627287623688876,7.4939120992281643,0
190.00000009546056,6622.1381723102595,1445.8309782267877,0,-1.6357649426111787,7.4920662446146,0
191.00000001490116,6620.4981695801371,1453.3221175482579,0,-1.6442401677701428,7.4902108002285539,0
191.99999993434176,6618.8496926762564,1460.8113966314452,0,-1.6527132883175624,7.4883457684449777,0
192.99999985378236,6617.1927437086524,1468.2988058901446,0,-1.6611842934079242,7.4864711516510933,0
194.00000008754432,6615.5273247982068,1475.7843357405441,0,-1.669653172198424,7.4845869522463939,0
195.00000000698492,6613.8534380766368,1483.2679766012377,0,-1.6781199138489789,7.4826931726426364,0
195.99999992642552,6612.171085686502,1490.7497188932373,0,-1.686584507522241,7.4807898152638383,0
196.99999984586611,6610.4802697811974,1498.2295530399854,0,-1.6950469423836123,7.4788768825462819,0
198.00000007962808,6608.7809925249503,1505.7074694673661,0,-1.7035072076012576,7.4769543769384992,0
198.99999999906868,6607.07325609282,1513.1834586037187,0,-1.7119652923461193,7.4750223009012817,0
199.99999991850927,6605.3570626706914,1520.6575108798495,0,-1.72042118579193,7.4730806569076655,0
201.00000015227124,6603.6324144552755,1528.1296167290436,0,-1.7288748771152285,7.4711294474429391,0
202.00000007171184,6601.8993136541076,1535.5997665870773,0,-1.7373263554953711,7.4691686750046298,0
202.99999999115244,6600.1577624855399,1543.0679508922308,0,-1.745775610114547,7.4671983421025061,0
203.99999991059303,6598.4077631787386,1550.5341600853014,0,-1.7542226301577915,7.4652184512585791,0
205.000000144355,6596.6493179736881,1557.998384609612,0,-1.7626674048130011,7.4632290050070864,0
206.0000000637956,6594.8824291211795,1565.460614911028,0,-1.7711099232709455,7.4612300058945014,0
206.99999998323619,6593.1070988828151,1572.9208414379666,0,-1.7795501747252824,7.4592214564795229,0
207.99999990267679,6591.3233295310001,1580.3790546414098,0,-1.7879881483725719,7.4572033593330751,0
209.00000013643876,6589.531123348941,1587.8352449749166,0,-1.7964238334122886,7.455175717038304,0
210.00000005587935,6587.7304826306454,1595.289402894635,0,-1.8048572190468373,7.4531385321905708,0
210.99999997531995,6585.9214096809155,1602.7415188593152,0,-1.8132882944815658,7.4510918073974528,0
211.99999989476055,6584.1039068153468,1610.1915833303208,0,-1.8217170489247787,7.449035545278738,0
213.00000012852252,6582.2779763603266,1617.639586771641,0,-1.830143471587752,7.4469697484664232,0
214.00000004796311,6580.4436206530263,1625.0855196499035,0,-1.8385675516847462,7.4448944196047053,0
214.99999996740371,6578.6008420414064,1632.5293724343858,0,-1.8469892784330197,7.4428095613499865,0
215.99999988684431,6576.7496428842041,1639.9711355970285,0,-1.8554086410528439,7.4407151763708681,0
217.00000012060627,6574.8900255509352,1647.410799612446,0,-1.8638256287675152,7.4386112673481399,0
218.00000004004687,6573.0219924218936,1654.848354957941,0,-1.8722402308033717,7.4364978369747865,0
218.99999995948747,6571.1455458881437,1662.2837921135138,0,-1.8806524363898025,7.4343748879559772,0
219.99999987892807,6569.2606883515182,1669.7171015618769,0,-1.8890622347592672,7.4322424230090673,0
221.00000011269003,6567.3674222246191,1677.1482737884658,0,-1.8974696151473038,7.4301004448635899,0
222.00000003213063,6565.465749930805,1684.5772992814518,0,-1.9058745667925472,7.4279489562612566,0
222.99999995157123,6563.5556739042004,1692.0041685317537,0,-1.91427707893674,7.4257879599559526,0
223.99999987101182,6561.6371965896824,1699.428872033051,0,-1.9226771408247485,7.4236174587137329,0
225.00000010477379,6559.7103204428868,1706.8514002817949,0,-1.9310747417045742,7.4214374553128186,0
226.00000002421439,6557.7750479301931,1714.2717437772208,0,-1.939469870827369,7.4192479525435902,0
226.99999994365498,6555.8313815287311,1721.6898930213604,0,-1.9478625174474482,7.4170489532085933,0
227.99999986309558,6553.879323726379,1729.1058385190543,0,-1.956252670822306,7.4148404601225222,0
229.00000009685755,6551.9188770217488,1736.5195707779637,0,-1.9646403202126266,7.4126224761122312,0
230.00000001629815,6549.9500439241947,1743.931080308583,0,-1.9730254548822994,7.4103950040167152,0
230.99999993573874,6547.9728269538018,1751.340357624252,0,-1.9814080640984333,7.4081580466871193,0
231.99999985517934,6545.987228641392,1758.7473932411669,0,-1.989788137131369,7.4059116069867255,0
233.00000008894131,6543.99325152851,1766.1521776783936,0,-1.9981656632546947,7.4036556877909545,0
234.0000000083819,6541.9908981674262,1773.5547014578794,0,-2.0065406317452577,7.4013902919873615,0
234.9999999278225,6539.9801711211367,1780.9549551044656,0,-2.0149130318831792,7.3991154224756333,0
235.9999998472631,6537.9610729633514,1788.3529291458988,0,-2.0232828529518669,7.3968310821675791,0
237.00000008102506,6535.9336062784942,1795.7486141128434,0,-2.0316500842380307,7.3945372739871313,0
238.00000000046566,6533.8977736617053,1803.1420005388943,0,-2.0400147150316963,7.3922340008703449,0
238.99999991990626,6531.8535777188308,1810.533078960588,0,-2.0483767346262161,7.3899212657653859,0
240.00000015366822,6529.8010210664188,1817.9218399174158,0,-2.0567361323182869,7.3875990716325335,0
241.00000007310882,6527.7401063317266,1825.3082739518345,0,-2.0650928974079594,7.3852674214441736,0
241.99999999254942,6525.6708361527026,1832.6923716092804,0,-2.0734470191986549,7.3829263181847944,0
242.99999991199002,6523.5932131779919,1840.0741234381794,0,-2.0817984869971782,7.3805757648509864,0
244.00000014575198,6521.5072400669342,1847.4535199899603,0,-2.0901472901137312,7.3782157644514372,0
245.00000006519258,6519.412919489554,1854.8305518190671,0,-2.0984934178619263,7.3758463200069224,0
245.99999998463318,6517.3102541265589,1862.2052094829698,0,-2.1068368595588018,7.3734674345503084,0
246.99999990407377,6515.1992466693455,1869.5774835421785,0,-2.1151776045248316,7.3710791111265461,0
248.00000013783574,6513.079899819978,1876.9473645602532,0,-2.1235156420839432,7.3686813527926649,0
249.00000005727634,6510.9522162912035,1884.3148431038171,0,-2.1318509615635279,7.3662741626177723,0
249.99999997671694,6508.8161988064348,1891.679909742569,0,-2.140183552294459,7.36385754368305,0
250.99999989615753,6506.671850099754,1899.0425550492944,0,-2.1485134036110991,7.3614314990817471,0
252.0000001299195,6504.5191729159051,1906.4027695998786,0,-2.1568405048513206,7.3589960319191778,0
253.0000000493601,6502.3581700102968,1913.7605439733179,0,-2.1651648453565127,7.3565511453127153,0
253.99999996880069,6500.18884414899,1921.1158687517325,0,-2.1734864144716015,7.3540968423917903,0
254.99999988824129,6498.011198108702,1928.4687345203772,0,-2.1818052015450577,7.3516331262978873,0
256.00000012200326,6495.8252346767977,1935.8191318676547,0,-2.1901211959289135,7.3491600001845407,0
257.00000004144385,6493.63095665129,1943.1670513851277,0,-2.1984343869787781,7.3466774672173258,0
257.99999996088445,6491.4283668408325,1950.5124836675304,0,-2.2067447640538456,7.3441855305738626,0
258.99999988032505,6489.2174680647195,1957.8554193127798,0,-2.2150523165169145,7.3416841934438049,0
260.00000011408702,6486.9982631528801,1965.1958489219894,0,-2.2233570337343984,7.3391734590288404,0
261.00000003352761,6484.7707549458746,1972.5337630994804,0,-2.2316589050763378,7.3366533305426849,0
261.99999995296821,6482.5349462948925,1979.8691524527928,0,-2.2399579199164181,7.3341238112110787,0
262.99999987240881,6480.2908400617489,1987.2020075926998,0,-2.2482540676319811,7.3315849042717804,0
264.00000010617077,6478.0384391188763,1994.5323191332172,0,-2.256547337604037,7.3290366129745683,0
265.00000002561137,6475.7777463493276,2001.8600776916171,0,-2.2648377192172813,7.3264789405812305,0
265.99999994505197,6473.5087646467664,2009.1852738884393,0,-2.2731252018601045,7.3239118903655624,0
266.99999986449257,6471.2314969154668,2016.507898347503,0,-2.2814097749246089,7.3213354656133651,0
268.00000009825453,6468.945946070311,2023.8279416959197,0,-2.2896914278066216,7.3187496696224335,0
269.00000001769513,6466.6521150367807,2031.1453945641049,0,-2.2979701499057064,7.316154505702567,0
269.99999993713573,6464.3500067509603,2038.4602475857889,0,-2.3062459306251784,7.3135499771755468,0
270.99999985657632,6462.0396241595217,2045.7724913980312,0,-2.3145187593721186,7.3109360873751452,0
272.00000009033829,6459.7209702197342,2053.0821166412297,0,-2.3227886255573864,7.3083128396471162,0
273.00000000977889,6457.3940478994555,2060.3891139591346,0,-2.3310555185956323,7.3056802373491898,0
273.99999992921948,6455.0588601771206,2067.6934739988606,0,-2.339319427905314,7.3030382838510723,0
274.99999984866008,6452.7154100417474,2074.995187410897,0,-2.3475803429087065,7.3003869825344392,0
276.00000008242205,6450.3637004929296,2082.2942448491208,0,-2.3558382530319184,7.2977263367929313,0
277.00000000186265,6448.0037345408336,2089.5906369708096,0,-2.3640931477049052,7.2950563500321479,0
277.99999992130324,6445.6355152061924,2096.8843544366514,0,-2.3723450163614812,7.2923770256696478,0
279.00000015506521,6443.2590455203035,2104.1753879107582,0,-2.3805938484393327,7.2896883671349411,0
280.00000007450581,6440.8743285250266,2111.463728060678,0,-2.388839633380035,7.2869903778694818,0
280.9999999939464,6438.4813672727751,2118.7493655574049,0,-2.3970823606290632,7.2842830613266702,0
281.999999913387,6436.0801648265169,2126.0322910753939,0,-2.4053220196358063,7.2815664209718491,0
283.00000014714897,6433.6707242597668,2133.3124952925705,0,-2.4135585998535798,7.2788404602822911,0
284.00000006658956,6431.2530486565865,2140.5899688903442,0,-2.4217920907396415,7.2761051827471963,0
284.99999998603016,6428.8271411115775,2147.8647025536175,0,-2.4300224817552016,7.2733605918676956,0
285.99999990547076,6426.3930047298772,2155.1366869708022,0,-2.4382497623654396,7.2706066911568366,0
287.00000013923272,6423.9506426271582,2162.405912833829,0,-2.4464739220395151,7.267843484139588,0
288.00000005867332,6421.5000579296193,2169.6723708381578,0,-2.454694950250583,7.2650709743528292,0
288.99999997811392,6419.0412537739858,2176.9360516827937,0,-2.4629128364758066,7.2622891653453436,0
289.99999989755452,6416.5742333075041,2184.1969460702944,0,-2.4711275701963711,7.2594980606778217,0
291.00000013131648,6414.0989996879352,2191.4550447067872,0,-2.4793391408974972,7.2566976639228491,0
292.00000005075708,6411.6155560835523,2198.710338301973,0,-2.4875475380684526,7.2538879786649071,0
292.99999997019768,6409.1239056731438,2205.9628175691482,0,-2.495752751202569,7.251069008500366,0
293.99999988963827,6406.6240516459957,2213.2124732252073,0,-2.5039547697972528,7.2482407570374807,0
295.00000012340024,6404.1159972018977,2220.4592959906631,0,-2.5121535833539985,7.2454032278963858,0
296.00000004284084,6401.5997455511333,2227.7032765896511,0,-2.5203491813784051,7.2425564247090906,0
296.99999996228144,6399.0752999144825,2234.9444057499463,0,-2.5285415533801845,7.2397003511194749,0
297.99999988172203,6396.5426635232106,2242.1826742029748,0,-2.5367306888731807,7.2368350107832855,0
299.000000115484,6394.0018396190681,2249.4180726838208,0,-2.5449165773753801,7.2339604073681318,0
300.0000000349246,6391.4528314542831,2256.6505919312449,0,-2.553099208408923,7.2310765445534768,0
300.99999995436519,6388.8956422915626,2263.8802226876915,0,-2.5612785715001212,7.2281834260306397,0
301.99999987380579,6386.3302754040869,2271.1069556993034,0,-2.5694546561794684,7.2252810555027818,0
303.00000010756776,6383.7567340754977,2278.3307817159334,0,-2.5776274519816567,7.22236943668491,0
304.00000002700835,6381.1750215999027,2285.5516914911523,0,-2.5857969484455845,7.2194485733038682,0
304.99999994644895,6378.5851412818711,2292.7696757822659,0,-2.5939631351143766,7.2165184690983315,0
305.99999986588955,6375.9870964364245,2299.9847253503244,0,-2.6021260015353924,7.2135791278188091,0
307.00000009965152,6373.3808903890322,2307.196830960133,0,-2.6102855372602414,7.2106305532276256,0
308.00000001909211,6370.766526475616,2314.4059833802658,0,-2.6184417318447966,7.207672749098931,0
308.99999993853271,6368.1440080425364,2321.6121733830796,0,-2.6265945748492081,7.2047057192186861,0
309.99999985797331,6365.5133384465908,2328.8153917447189,0,-2.6347440558379147,7.2017294673846575,0
311.00000009173527,6362.8745210550087,2336.0156292451343,0,-2.6428901643796605,7.1987439974064227,0
312.00000001117587,6360.2275592454544,2343.2128766680912,0,-2.6510328900475049,7.1957493131053507,0
312.99999993061647,6357.5724564060129,2350.4071248011819,0,-2.6591722224188374,7.1927454183146118,0
313.99999985005707,6354.9092159351903,2357.5983644358394,0,-2.6673081510753911,7.1897323168791587,0
315.00000008381903,6352.2378412419075,2364.7865863673451,0,-2.6754406656032557,7.1867100126557339,0
316.00000000325963,6349.558335745498,2371.9717813948446,0,-2.6835697555928903,7.1836785095128581,0
316.99999992270023,6346.8707028757035,2379.1539403213578,0,-2.6916954106391389,7.1806378113308265,0
318.00000015646219,6344.1749460726669,2386.3330539537906,0,-2.6998176203412432,7.1775879220017025,0
319.00000007590279,6341.4710687869338,2393.5091131029467,0,-2.7079363743028506,7.1745288454293163,0
319.99999999534339,6338.7590744794397,2400.68210858354,0,-2.7160516621320356,7.1714605855292541,0
320.99999991478398,6336.0389666215096,2407.852031214205,0,-2.7241634734413083,7.1683831462288605,0
322.00000014854595,6333.3107486948575,2415.0188718175104,0,-2.7322717978476279,7.1652965314672281,0
323.00000006798655,6330.5744241915763,2422.1826212199685,0,-2.7403766249724177,7.1622007451951921,0
323.99999998742715,6327.829996614134,2429.3432702520513,0,-2.7484779444415772,7.159095791375333,0
324.99999990686774,6325.0774694753709,2436.500809748195,0,-2.7565757458854963,7.1559816739819588,0
326.00000014062971,6322.3168462984931,2443.6552305468194,0,-2.7646700189390665,7.1528583970011095,0
327.00000006007031,6319.5481306170741,2450.8065234903338,0,-2.772760753241696,7.1497259644305506,0
327.9999999795109,6316.7713259750435,2457.9546794251532,0,-2.7808479384373239,7.1465843802797639,0
328.9999998989515,6313.9864359266849,2465.099689201707,0,-2.7889315641744306,7.1434336485699497,0
330.00000013271347,6311.1934640366298,2472.2415436744509,0,-2.797011620106054,7.1402737733340116,0
331.00000005215406,6308.3924138798548,2479.3802337018806,0,-2.8050880958898006,7.1371047586165606,0
331.99999997159466,6305.5832890416796,2486.5157501465419,0,-2.8131609811878584,7.1339266084739048,0
332.99999989103526,6302.7660931177543,2493.6480838750426,0,-2.821230265667011,7.1307393269740471,0
334.00000012479722,6299.9408297140608,2500.7772257580646,0,-2.8292959389986545,7.1275429181966734,0
335.00000004423782,6297.1075024469137,2507.9031666703745,0,-2.8373579908588038,7.1243373862331607,0
335.99999996367842,6294.2661149429405,2515.0258974908361,0,-2.8454164109281113,7.1211227351865549,0
336.99999988311902,6291.4166708390912,2522.1454091024239,0,-2.8534711888918758,7.1178989691715797,0
338.00000011688098,6288.5591737826271,2529.2616923922315,0,-2.8615223144400597,7.114666092314625,0
339.00000003632158,6285.6936274311156,2536.3747382514839,0,-2.8695697772673001,7.1114241087537415,0
339.99999995576218,6282.8200354524315,2543.4845375755522,0,-2.8776135670729226,7.1081730226386384,0
340.99999987520278,6279.9384015247424,2550.5910812639618,0,-2.8856536735609528,7.1049128381306721,0
342.00000010896474,6277.0487293365131,2557.6943602204065,0,-2.8936900864401327,7.1016435594028495,0
343.00000002840534,6274.1510225864949,2564.7943653527559,0,-2.9017227954239324,7.0983651906398144,0
343.99999994784594,6271.2452849837246,2571.891087573073,0,-2.9097517902305601,7.0950777360378474,0
344.99999986728653,6268.3315202475178,2578.9845177976213,0,-2.9177770605829814,7.0917811998048599,0
346.0000001010485,6265.4097321074669,2586.0746469468791,0,-2.9257985962089266,7.0884755861603832,0
347.0000000204891,6262.4799243034322,2593.161465945549,0,-2.9338163868409075,7.085160899335575,0
347.99999993992969,6259.5421005855387,2600.2449657225707,0,-2.9418304222162304,7.0818371435731997,0
348.99999985937029,6256.5962647141732,2607.3251372111336,0,-2.9498406920770064,7.0785043231276328,0
350.00000009313226,6253.6424204599762,2614.4019713486864,0,-2.9578471861701683,7.0751624422648529,0
351.00000001257285,6250.680571603838,2621.4754590769498,0,-2.9658498942474809,7.0718115052624348,0
351.99999993201345,6247.7107219369009,2628.5455913419269,0,-2.9738488060655541,7.0684515164095458,0
352.99999985145405,6244.7328752605399,2635.6123590939178,0,-2.9818439113858592,7.0650824800069394,0
354.00000008521602,6241.7470353863719,2642.6757532875281,0,-2.9898351999747375,7.0617044003669509,0
355.00000000465661,6238.7532061362426,2649.735764881681,0,-2.9978226616034176,7.0583172818134887,0
355.99999992409721,6235.7513913422272,2656.792384839629,0,-3.005806286048025,7.0549211286820306,0
356.99999984353781,6232.741594846615,2663.8456041289678,0,-3.0137860630895981,7.051515945319621,0
358.00000007729977,6229.7238205019194,2670.8954137216433,0,-3.0217619825140996,7.0481017360848623,0
358.99999999674037,6226.6980721708624,2677.9418045939697,0,-3.0297340341124284,7.0446785053479086,0
359.99999991618097,6223.6643537263726,2684.9847677266321,0,-3.0377022076804368,7.0412462574904611,0
361.00000014994293,6220.6226690515787,2692.0242941047077,0,-3.0456664930189383,7.0378049969057637,0
362.00000006938353,6217.5730220398091,2699.0603747176692,0,-3.0536268799337245,7.0343547279985987,0
362.99999998882413,6214.5154165945823,2706.0930005594028,0,-3.0615833582355778,7.0308954551852771,0
363.99999990826473,6211.4498566296043,2713.1221626282136,0,-3.0695359177402826,7.027427182893633,0
365.00000014202669,6208.3763460687614,2720.147851926843,0,-3.0774845482686386,7.0239499155630245,0
366.00000006146729,6205.2948888461169,2727.1700594624767,0,-3.0854292396464764,7.0204636576443162,0
366.99999998090789,6202.2054889059073,2734.1887762467563,0,-3.0933699817046674,7.016968413599888,0
367.99999990034848,6199.1081502025363,2741.2039932957923,0,-3.1013067642791388,7.0134641879036153,0
369.00000013411045,6196.0028767005651,2748.2157016301749,0,-3.1092395772108854,7.0099509850408754,0
370.00000005355105,6192.8896723747148,2755.2238922749848,0,-3.1171684103459834,7.0064288095085328,0
370.99999997299165,6189.7685412098554,2762.2285562598049,0,-3.1250932535356024,7.00289766581494,0
371.99999989243224,6186.6394872010069,2769.2296846187332,0,-3.1330140966360203,6.9993575584799244,0
373.00000012619421,6183.5025143533267,2776.2272683903939,0,-3.1409309295086327,6.9958084920347918,0
374.00000004563481,6180.357626682111,2783.2212986179466,0,-3.1488437420199711,6.9922504710223121,0
374.9999999650754,6177.2048282127844,2790.2117663491013,0,-3.1567525240417122,6.9886834999967169,0
375.999999884516,6174.0441229808976,2797.1986626361254,0,-3.1646572654506917,6.9851075835236953,0
377.00000011827797,6170.8755150321258,2804.1819785358584,0,-3.1725579561289159,6.9815227261803861,0
378.00000003771856,6167.6990084222552,2811.1617051097246,0,-3.1804545859635769,6.9779289325553719,0
378.99999995715916,6164.5146072171847,2818.1378334237411,0,-3.1883471448470653,6.9743262072486747,0
379.99999987659976,6161.3223154929137,2825.1103545485316,0,-3.1962356226769817,6.970714554871746,0
381.00000011036173,6158.1221373355474,2832.0792595593352,0,-3.2041200093561502,6.9670939800474683,0
382.00000002980232,6154.9140768412826,2839.0445395360211,0,-3.2120002947926332,6.9634644874101417,0
382.99999994924292,6151.6981381164051,2846.0061855630997,0,-3.2198764688997401,6.9598260816054802,0
383.99999986868352,6148.4743252772869,2852.9641887297289,0,-3.2277485215960442,6.9561787672906101,0
385.00000010244548,6145.2426424503747,2859.9185401297323,0,-3.2356164428053944,6.9525225491340565,0
386.00000002188608,6142.0030937721958,2866.8692308616078,0,-3.2434802224569275,6.948857431815747,0
386.99999994132668,6138.7556833893377,2873.8162520285396,0,-3.2513398504850812,6.9451834200269937,0
387.99999986076728,6135.500415458454,2880.7595947384061,0,-3.2591953168296084,6.9415005184704954,0
389.00000009452924,6132.2372941462581,2887.6992501037957,0,-3.2670466114355876,6.937808731860331,0
390.00000001396984,6128.9663236295128,2894.635209242017,0,-3.2748937242534368,6.9341080649219533,0
390.99999993341044,6125.6875080950267,2901.5674632751088,0,-3.2827366452389279,6.9303985223921787,0
391.99999985285103,6122.4008517396569,2908.496003329853,0,-3.290575364353197,6.9266801090191858,0
393.000000086613,6119.1063587702893,2915.4208205377849,0,-3.2984098715627592,6.9229528295625107,0
394.0000000060536,6115.8040334038442,2922.3419060352066,0,-3.3062401568395217,6.919216688793032,0
394.99999992549419,6112.4938798672629,2929.2592509631941,0,-3.3140662101607954,6.915471691492975,0
395.99999984493479,6109.1759023975128,2936.1728464676135,0,-3.3218880215093063,6.9117178424559,0
397.00000007869676,6105.8501052415713,2943.0826836991287,0,-3.3297055808732123,6.9079551464866986,0
397.99999999813735,6102.5164926564294,2949.9887538132152,0,-3.3375188782461129,6.9041836084015822,0
398.99999991757795,6099.1750689090768,2956.891047970169,0,-3.3453279036270627,6.9004032330280864,0
400.00000015133992,6095.8258382765043,2963.7895573351211,0,-3.3531326470205838,6.8966140252050536,0
401.00000007078052,6092.4688050456944,2970.6842730780454,0,-3.3609330984366808,6.8928159897826324,0
401.99999999022111,6089.1039735136173,2977.5751863737732,0,-3.3687292478908506,6.8890091316222737,0
402.99999990966171,6085.7313479872264,2984.4622884020014,0,-3.3765210854040979,6.8851934555967178,0
404.00000014342368,6082.3509327834481,2991.3455703473064,0,-3.3843086010029459,6.8813689665899922,0
405.00000006286427,6078.9627322291799,2998.2250233991535,0,-3.3920917847194496,6.8775356694974095,0
405.99999998230487,6075.5667506612899,3005.1006387519087,0,-3.3998706265912078,6.8736935692255479,0
406.99999990174547,6072.162992426599,3011.9724076048506,0,-3.4076451166613793,6.8698426706922628,0
408.00000013550743,6068.7514618818841,3018.8403211621821,0,-3.4154152449786914,6.8659829788266649,0
409.00000005494803,6065.3321633938731,3025.7043706330392,0,-3.4231810015974555,6.8621144985691256,0
409.99999997438863,6061.9051013392345,3032.5645472315059,0,-3.4309423765775771,6.8582372348712584,0
410.99999989382923,6058.4702801045751,3039.420842176623,0,-3.4386993599845712,6.8543511926959262,0
412.00000012759119,6055.0277040864339,3046.2732466923972,0,-3.4464519418895745,6.850456377017224,0
413.00000004703179,6051.577377691272,3053.1217520078185,0,-3.4542001123693575,6.8465527928204795,0
413.99999996647239,6048.1193053354764,3059.9663493568646,0,-3.4619438615063354,6.8426404451022416,0
414.99999988591298,6044.6534914453441,3066.8070299785172,0,-3.4696831793885847,6.8387193388702769,0
416.00000011967495,6041.1799404570866,3073.643785116773,0,-3.4774180561098533,6.8347894791435664,0
417.00000003911555,6037.6986568168113,3080.4766060206498,0,-3.4851484817695737,6.8308508709522906,0
417.99999995855615,6034.2096449805322,3087.3054839442029,0,-3.4928744464728756,6.8269035193378302,0
418.99999987799674,6030.7129094141474,3094.1304101465353,0,-3.5005959403305984,6.8229474293527561,0
420.00000011175871,6027.2084545934458,3100.9513758918065,0,-3.5083129534593049,6.8189826060608274,0
421.00000003119931,6023.6962850040964,3107.7683724492467,0,-3.5160254759812926,6.8150090545369784,0
421.9999999506399,6020.1764051416403,3114.5813910931661,0,-3.5237334980246073,6.8110267798673174,0
422.9999998700805,6016.6488195114944,3121.3904231029655,0,-3.5314370097230547,6.8070357871491156,0
424.00000010384247,6013.1135326289304,3128.1954597631511,0,-3.5391360012162152,6.8030360814908057,0
425.00000002328306,6009.570549019083,3134.9964923633402,0,-3.5468304626494525,6.7990276680119752,0
425.99999994272366,6006.0198732169356,3141.7935121982773,0,-3.5545203841739306,6.7950105518433519,0
426.99999986216426,6002.4615097673195,3148.5865105678436,0,-3.5622057559466258,6.7909847381268076,0
428.00000009592623,5998.8954632249061,3155.3754787770663,0,-3.5698865681303351,6.7869502320153439,0
429.00000001536682,5995.3217381541999,3162.1604081361311,0,-3.577562810893693,6.7829070386730894,0
429.99999993480742,5991.7403391295347,3168.9412899603949,0,-3.5852344744111826,6.778855163275292,0
430.99999985424802,5988.1512707350666,3175.7181155703925,0,-3.5929015488631491,6.774794611008315,0
432.00000008800998,5984.5545375647689,3182.4908762918544,0,-3.600564024435811,6.7707253870696249,0
433.00000000745058,5980.9501442224246,3189.259563455711,0,-3.608221891321274,6.7666474966677894,0
433.99999992689118,5977.3380953216238,3196.0241683981089,0,-3.6158751397175415,6.7625609450224689,0
434.99999984633178,5973.7183954857519,3202.7846824604185,0,-3.6235237598285304,6.7584657373644097,0
436.00000008009374,5970.0910493479914,3209.5410969892478,0,-3.6311677418640813,6.7543618789354385,0
436.99999999953434,5966.4560615513101,3216.29340333645,0,-3.6388070760399689,6.7502493749884538,0
437.99999991897494,5962.8134367484581,3223.0415928591401,0,-3.6464417525779202,6.7461282307874217,0
439.0000001527369,5959.1631796019592,3229.7856569196988,0,-3.654071761705624,6.7419984516073654,0
440.0000000721775,5955.5052947841059,3236.5255868857903,0,-3.6616970936567417,6.7378600427343649,0
440.9999999916181,5951.8397869769569,3243.2613741303689,0,-3.6693177386709204,6.7337130094655429,0
441.99999991105869,5948.1666608723272,3249.9930100316915,0,-3.6769336869938103,6.7295573571090603,0
443.00000014482066,5944.485921171783,3256.7204859733297,0,-3.6845449288770693,6.725393090984114,0
444.00000006426126,5940.7975725866345,3263.4437933441791,0,-3.692151454578382,6.7212202164209236,0
444.99999998370185,5937.101619837933,3270.1629235384717,0,-3.6997532543614682,6.7170387387607287,0
445.99999990314245,5933.3980676564606,3276.877867955785,0,-3.7073503184960992,6.7128486633557802,0
447.00000013690442,5929.6869207827303,3283.5886180010548,0,-3.7149426372581056,6.7086499955693339,0
448.00000005634502,5925.9681839669729,3290.2951650845871,0,-3.7225302009293926,6.7044427407756437,0
448.99999997578561,5922.2418619691371,3296.9975006220652,0,-3.7301129997979507,6.7002269043599556,0
449.99999989522621,5918.5079595588795,3303.6956160345653,0,-3.7376910241578711,6.6960024917184988,0
451.00000012898818,5914.7664815155567,3310.3895027485628,0,-3.7452642643093563,6.6917695082584823,0
452.00000004842877,5911.0174326282277,3317.0791521959477,0,-3.752832710558732,6.687527959398083,0
452.99999996786937,5907.2608176956355,3323.7645558140343,0,-3.7603963532184603,6.6832778505664416,0
453.99999988730997,5903.4966415262124,3330.4457050455699,0,-3.7679551826071518,6.6790191872036573,0
455.00000012107193,5899.7249089380693,3337.122591338748,0,-3.7755091890495769,6.6747519747607793,0
456.00000004051253,5895.9456247589851,3343.7952061472183,0,-3.7830583628766803,6.6704762186997959,0
456.99999995995313,5892.1587938264074,3350.463540930099,0,-3.7906026944255919,6.666191924493635,0
457.99999987939373,5888.3644209874446,3357.1275871519852,0,-3.7981421740396413,6.6618990976261525,0
459.00000011315569,5884.5625110988558,3363.7873362829623,0,-3.8056767920683674,6.6575977435921248,0
460.00000003259629,5880.7530690270514,3370.4427797986164,0,-3.8132065388675307,6.6532878678972436,0
460.99999995203689,5876.9360996480764,3377.0939091800424,0,-3.8207314047991292,6.6489694760581077,0
461.99999987147748,5873.1116078476189,3383.7407159138593,0,-3.8282513802314067,6.6446425736022174,0
463.00000010523945,5869.2795985209887,3390.3831914922198,0,-3.8357664555388666,6.6403071660679656,0
464.00000002468005,5865.4400765731225,3397.0213274128187,0,-3.843276621102286,6.6359632590046322,0
464.99999994412065,5861.5930469185696,3403.6551151789054,0,-3.8507818673087253,6.631610857972376,0
465.99999986356124,5857.7385144814916,3410.2845462992968,0,-3.8582821845515416,6.6272499685422304,0
467.00000009732321,5853.8764841956554,3416.9096122883843,0,-3.865777563230401,6.6228805962960893,0
468.00000001676381,5850.0069610044184,3423.5303046661479,0,-3.8732679937512917,6.6185027468267075,0
468.9999999362044,5846.1299498607359,3430.1466149581647,0,-3.8807534665265346,6.6141164257376905,0
469.999999855645,5842.2454557271412,3436.7585346956212,0,-3.8882339719747971,6.6097216386434878,0
471.00000008940697,5838.3534835757528,3443.3660554153244,0,-3.8957095005211029,6.6053183911693818,0
472.00000000884756,5834.454038388255,3449.9691686597121,0,-3.9031800425968495,6.6009066889514907,0
472.99999992828816,5830.547125155902,3456.5678659768623,0,-3.9106455886398144,6.5964865376367472,0
473.99999984772876,5826.632748879505,3463.1621389205056,0,-3.9181061290941703,6.5920579428829038,0
475.00000008149073,5822.7109145694267,3469.7519790500378,0,-3.9255616544104988,6.5876209103585204,0
476.00000000093132,5818.7816272455775,3476.3373779305257,0,-3.9330121550457982,6.5831754457429525,0
476.99999992037192,5814.8448919374077,3482.9183271327229,0,-3.9404576214634996,6.5787215547263544,0
478.00000015413389,5810.9007136839,3489.4948182330781,0,-3.9478980441334786,6.5742592430096627,0
479.00000007357448,5806.9490975335639,3496.066842813746,0,-3.9553334135320659,6.5697885163045946,0
479.99999999301508,5802.9900485444323,3502.6343924625985,0,-3.9627637201420596,6.5653093803336358,0
480.99999991245568,5799.0235717840469,3509.1974587732357,0,-3.9701889544527389,6.5608218408300365,0
482.00000014621764,5795.0496723294609,3515.7560333449951,0,-3.9776091069598767,6.5563259035378056,0
483.00000006565824,5791.0683552672263,3522.310107782966,0,-3.9850241681657494,6.551821574211699,0
483.99999998509884,5787.0796256933936,3528.8596736979957,0,-3.9924341285791494,6.5473088586172148,0
484.99999990453944,5783.0834887134943,3535.4047227067035,0,-3.9998389787153985,6.542787762530585,0
486.0000001383014,5779.0799494425473,3541.9452464314891,0,-4.0072387090963604,6.538258291738769,0
487.000000057742,5775.0690130050434,3548.4812365005455,0,-4.0146333102504519,6.5337204520394465,0
487.9999999771826,5771.0506845349428,3555.012684547868,0,-4.0220227727126545,6.5291742492410068,0
488.99999989662319,5767.0249691756671,3561.5395822132673,0,-4.029407087024528,6.524619689162547,0
490.00000013038516,5762.9918720800924,3568.0619211423768,0,-4.0367862437342215,6.5200567776338589,0
491.00000004982576,5758.9513984105461,3574.579692986666,0,-4.044160233396485,6.5154855204954263,0
491.99999996926636,5754.9035533387951,3581.0928894034491,0,-4.0515290465726839,6.5109059235984148,0
492.99999988870695,5750.8483420460407,3587.6015020558975,0,-4.0588926738308091,6.5063179928046626,0
494.00000012246892,5746.7857697229147,3594.1055226130497,0,-4.0662511057454864,6.5017217339866766,0
495.00000004190952,5742.7158415694703,3600.6049427498228,0,-4.073604332897995,6.4971171530276264,0
495.99999996135011,5738.6385627951777,3607.0997541470224,0,-4.080952345876276,6.492504255821328,0
496.99999988079071,5734.5539386189121,3613.5899484913512,0,-4.0882951352749419,6.4878830482722476,0
498.00000011455268,5730.4619742689547,3620.0755174754236,0,-4.095632691695295,6.4832535362954848,0
499.00000003399327,5726.36267498298,3626.5564527977745,0,-4.1029650057453324,6.4786157258167707,0
499.99999995343387,5722.2560460080495,3633.0327461628685,0,-4.1102920680397634,6.4739696227724579,0
500.99999987287447,5718.1420926006122,3639.5043892811132,0,-4.1176138692000208,6.4693152331095147,0
502.00000010663643,5714.020820026486,3645.9713738688679,0,-4.124930399854267,6.4646525627855143,0
503.00000002607703,5709.8922335608613,3652.433691648454,0,-4.1322416506374147,6.4599816177686291,0
503.99999994551763,5705.7563384882878,3658.8913343481668,0,-4.1395476121911328,6.4553024040376226,0
504.99999986495823,5701.6131401026714,3665.3442937022874,0,-4.1468482751638636,6.4506149275818458,0
506.00000009872019,5697.4626437072675,3671.7925614510891,0,-4.1541436302108261,6.4459191944012204,0
507.00000001816079,5693.3048546146692,3678.2361293408521,0,-4.1614336679940358,6.4412152105062424,0
507.99999993760139,5689.1397781468095,3684.6749891238715,0,-4.168718379182315,6.4365029819179629,0
508.99999985704198,5684.9674196349442,3691.1091325584675,0,-4.1759977544513056,6.4317825146679919,0
510.00000009080395,5680.787784419651,3697.5385514090012,0,-4.1832717844834759,6.427053814798481,0
511.00000001024455,5676.6008778508249,3703.963237445877,0,-4.1905404599681404,6.4223168883621184,0
511.99999992968515,5672.4067052876653,3710.3831824455592,0,-4.1978037716014622,6.4175717414221278,0
512.99999984912574,5668.2052720986712,3716.7983781905787,0,-4.205061710086472,6.4128183800522489,0
514.00000008288771,5663.9965836616375,3723.2088164695479,0,-4.2123142661330801,6.4080568103367384,0
515.00000000232831,5659.780645363644,3729.6144890771675,0,-4.219561430458084,6.4032870383703608,0
515.9999999217689,5655.557462601053,3736.0153878142391,0,-4.2268031937851829,6.3985090702583776,0
517.00000015553087,5651.3270407794953,3742.4115044876739,0,-4.234039546844989,6.3937229121165426,0
518.00000007497147,5647.0893853138714,3748.8028309105043,0,-4.2412704803750421,6.3889285700710889,0
518.99999999441206,5642.8445016283395,3755.1893589018937,0,-4.2484959851198179,6.3841260502587325,0
519.99999991385266,5638.59239515631,3761.5710802871481,0,-4.2557160518307375,6.3793153588266494,0
521.00000014761463,5634.3330713404375,3767.947986897726,0,-4.2629306712661856,6.3744965019324793,0
522.00000006705523,5630.0665356326153,3774.3200705712484,0,-4.2701398341915189,6.3696694857443115,0
522.99999998649582,5625.792793493968,3780.6873231515096,0,-4.2773435313790822,6.3648343164406809,0
523.99999990593642,5621.5118503948443,3787.0497364884873,0,-4.2845417536082087,6.3599910002105577,0
525.00000013969839,5617.2237118148096,3793.4073024383542,0,-4.2917344916652436,6.3551395432533404,0
526.00000005913898,5612.9283832426399,3799.7600128634872,0,-4.2989217363435523,6.3502799517788464,0
526.99999997857958,5608.6258701763154,3806.1078596324792,0,-4.3061034784435313,6.3454122320073072,0
527.99999989802018,5604.3161781230101,3812.4508346201465,0,-4.3132797087726198,6.3405363901693548,0
529.00000013178214,5599.9993125990886,3818.7889297075426,0,-4.3204504181453114,6.3356524325060199,0
530.00000005122274,5595.6752791300969,3825.1221367819671,0,-4.3276155973831703,6.3307603652687225,0
530.99999997066334,5591.3440832507558,3831.450447736976,0,-4.3347752373148305,6.3258601947192625,0
531.99999989010394,5587.0057305049559,3837.773854472392,0,-4.3419293287760263,6.3209519271298085,0
533.0000001238659,5582.6602264457451,3844.0923488943163,0,-4.3490778626095903,6.3160355687828975,0
534.0000000433065,5578.3075766353277,3850.4059229151362,0,-4.3562208296654648,6.3111111259714177,0
534.9999999627471,5573.9477866450525,3856.714568453538,0,-4.3633582208007224,6.3061786049986122,0
535.99999988218769,5569.5808620554108,3863.0182774345167,0,-4.3704900268795726,6.3012380121780573,0
537.00000011594966,5565.2068084560224,3869.3170417893857,0,-4.3776162387733724,6.2962893538336662,0
538.00000003539026,5560.8256314456339,3875.6108534557875,0,-4.3847368473606378,6.2913326362996713,0
538.99999995483086,5556.4373366321088,3881.8997043777035,0,-4.3918518435270615,6.2863678659206252,0
539.99999987427145,5552.0419296324235,3888.183586505465,0,-4.3989612181655131,6.2813950490513859,0
541.00000010803342,5547.639416072655,3894.4624917957644,0,-4.4060649621760657,6.2764141920571115,0
542.00000002747402,5543.2298015879787,3900.7364122116628,0,-4.4131630664659918,6.2714253013132515,0
542.99999994691461,5538.813091822658,3907.0053397226034,0,-4.4202555219497892,6.2664283832055352,0
543.99999986635521,5534.3892924300399,3913.2692663044181,0,-4.4273423195491803,6.2614234441299699,0
545.00000010011718,5529.9584090725439,3919.5281839393419,0,-4.4344234501931359,6.2564104904928302,0
546.00000001955777,5525.5204474216589,3925.7820846160212,0,-4.4414989048178741,6.25138952871065,0
546.99999993899837,5521.0754131579342,3932.0309603295232,0,-4.448568674366884,6.2463605652102121,0
547.99999985843897,5516.6233119709686,3938.2748030813482,0,-4.4556327497909267,6.241323606428538,0
549.00000009220093,5512.1641495594085,3944.5136048794357,0,-4.4626911220480547,6.2362786588128873,0
550.00000001164153,5507.6979316309389,3950.7473577381811,0,-4.4697437821036186,6.2312257288207453,0
550.99999993108213,5503.2246639022769,3956.9760536784411,0,-4.4767907209302837,6.2261648229198121,0
551.99999985052273,5498.744352099161,3963.1996847275441,0,-4.4838319295080362,6.221095947588001,0
553.00000008428469,5494.2570019563473,3969.4182429193033,0,-4.4908673988241956,6.2160191093134207,0
554.00000000372529,5489.7626192176012,3975.6317202940231,0,-4.4978971198734294,6.2109343145943772,0
554.99999992316589,5485.2612096356879,3981.8401088985133,0,-4.5049210836577629,6.2058415699393557,0
556.00000015692785,5480.7527789723708,3988.0434007860958,0,-4.5119392811865886,6.2007408818670253,0
557.00000007636845,5476.2373329983948,3994.2415880166168,0,-4.5189517034766853,6.1956322569062143,0
557.99999999580905,5471.7148774934894,4000.4346626564575,0,-4.5259583415522169,6.1905157015959125,0
558.99999991524965,5467.1854182463521,4006.6226167785417,0,-4.5329591864447556,6.1853912224852632,0
560.00000014901161,5462.6489610546469,4012.8054424623474,0,-4.5399542291932864,6.1802588261335512,0
561.00000006845221,5458.1055117249962,4018.9831317939174,0,-4.5469434608442221,6.1751185191101907,0
561.99999998789281,5453.555076072972,4025.1556768658706,0,-4.5539268724514148,6.1699703079947268,0
562.9999999073334,5448.9976599230868,4031.323069777407,0,-4.560904455076165,6.1648141993768206,0
564.00000014109537,5444.4332691087902,4037.4853026343239,0,-4.567876199787233,6.159650199856241,0
565.00000006053597,5439.8619094724581,4043.6423675490219,0,-4.5748420976608548,6.1544783160428569,0
565.99999997997656,5435.2835868653856,4049.7942566405191,0,-4.5818021397807476,6.1492985545566308,0
566.99999989941716,5430.6983071477835,4055.9409620344545,0,-4.5887563172381238,6.1441109220276058,0
568.00000013317913,5426.1060761887638,4062.0824758631065,0,-4.595704621131703,6.1389154250959033,0
569.00000005261973,5421.5068998663401,4068.2187902653959,0,-4.6026470425677237,6.1337120704117076,0
569.99999997206032,5416.9007840674112,4074.3498973869,0,-4.6095835726599548,6.1285008646352646,0
570.99999989150092,5412.2877346877613,4080.4757893798596,0,-4.6165142025297037,6.1232818144368659,0
572.00000012526289,5407.6677576320499,4086.5964584031931,0,-4.6234389233058319,6.1180549264968462,0
573.00000004470348,5403.0408588138016,4092.711896622503,0,-4.6303577261247622,6.1128202075055711,0
573.99999996414408,5398.407044155404,4098.8220962100877,0,-4.6372706021304957,6.1075776641634292,0
574.99999988358468,5393.766319588095,4104.9270493449503,0,-4.6441775424746154,6.1023273031808278,0
576.00000011734664,5389.1186910519555,4111.0267482128093,0,-4.6510785383163054,6.0970691312781762,0
577.00000003678724,5384.4641644959065,4117.121185006109,0,-4.6579735808223584,6.0918031551858851,0
577.99999995622784,5379.8027458776978,4123.21035192403,0,-4.6648626611671871,6.0865293816443522,0
578.99999987566844,5375.1344411638984,4129.2942411724989,0,-4.6717457705328318,6.0812478174039581,0
580.0000001094304,5370.4592563298938,4135.372844964194,0,-4.678622900108981,6.0759584692250517,0
581.000000028871,5365.7771973598774,4141.4461555185608,0,-4.6854940410929764,6.0706613438779478,0
581.9999999483116,5361.0882702468389,4147.5141650618207,0,-4.6923591846898214,6.0653564481429179,0
582.99999986775219,5356.3924809925575,4153.576865826979,0,-4.6992183221122028,6.0600437888101748,0
584.00000010151416,5351.6898356075999,4159.6342500538403,0,-4.7060714445804859,6.0547233726798737,0
585.00000002095476,5346.9803401113049,4165.6863099890106,0,-4.7129185433227416,6.0493952065620951,0
585.99999994039536,5342.2640005317835,4171.7330378859097,0,-4.7197596095747514,6.0440592972768394,0
586.99999985983595,5337.540822905904,4177.7744260047857,0,-4.7265946345800147,6.0387156516540195,0
588.00000009359792,5332.8108132792886,4183.8104666127201,0,-4.7334236095897655,6.0333642765334492,0
589.00000001303852,5328.0739777063054,4189.8411519836372,0,-4.7402465258629825,6.0280051787648397,0
589.99999993247911,5323.3303222500554,4195.86647439832,0,-4.747063374666399,6.0226383652077828,0
590.99999985191971,5318.5798529823714,4201.8864261444123,0,-4.7538741472745132,6.0172638427317491,0
592.00000008568168,5313.8225759838115,4207.900999516437,0,-4.7606788349696023,6.0118816182160719,0
593.00000000512227,5309.0584973436407,4213.910186815795,0,-4.7674774290417332,6.0064916985499499,0
593.99999992456287,5304.2876231598357,4219.9139803507869,0,-4.7742699207887691,6.0010940906324279,0
594.99999984400347,5299.5099595390693,4225.9123724366145,0,-4.7810563015163874,5.995688801372391,0
596.00000007776543,5294.7255125967049,4231.9053553953927,0,-4.787836562538085,5.9902758376885581,0
596.99999999720603,5289.9342884567886,4237.8929215561602,0,-4.7946106951751952,5.9848552065094696,0
597.99999991664663,5285.1362932520396,4243.8750632548927,0,-4.8013786907568914,5.979426914773482,0
599.0000001504086,5280.3315331238482,4249.851772834505,0,-4.8081405406202062,5.9739909694287547,0
600.00000006984919,5275.5200142222584,4255.8230426448672,0,-4.8148962361100374,5.9685473774332474,0
600.99999998928979,5270.7017427059691,4261.7888650428094,0,-4.8216457685791578,5.9630961457547054,0
601.99999990873039,5265.8767247423202,4267.7492323921397,0,-4.8283891293882313,5.9576372813706504,0
603.00000014249235,5261.0449665072892,4273.7041370636462,0,-4.8351263099058226,5.9521707912683777,0
604.00000006193295,5256.2064741854801,4279.6535714351048,0,-4.8418573015084041,5.9466966824449417,0
604.99999998137355,5251.3612539701162,4285.5975278912965,0,-4.8485820955803742,5.941214961907149,0
605.99999990081415,5246.5093120630327,4291.535998824018,0,-4.8553006835140584,5.935725636671549,0
607.00000013457611,5241.6506546746668,4297.4689766320835,0,-4.8620130567097295,5.9302287137644232,0
608.00000005401671,5236.7852880240562,4303.3964537213378,0,-4.8687192065756166,5.9247242002217826,0
608.99999997345731,5231.913218338821,4309.3184225046671,0,-4.8754191245279115,5.9192121030893521,0
609.9999998928979,5227.0344518551638,4315.2348754020068,0,-4.8821128019907842,5.913692429422559,0
611.00000012665987,5222.1489948178587,4321.1458048403556,0,-4.8888002303963907,5.9081651862865332,0
612.00000004610047,5217.2568534802431,4327.0512032537808,0,-4.8954814011848882,5.9026303807560936,0
612.99999996554106,5212.3580341042116,4332.951063083432,0,-4.9021563058044437,5.8970880199157385,0
613.99999988498166,5207.4525429602054,4338.8453767775418,0,-4.9088249357112419,5.8915381108596376,0
615.00000011874363,5202.5403863272049,4344.7341367914478,0,-4.9154872823695017,5.885980660691617,0
616.00000003818423,5197.6215704927245,4350.6173355875935,0,-4.9221433372514847,5.8804156765251614,0
616.99999995762482,5192.696101752801,4356.4949656355402,0,-4.9287930918375036,5.8748431654833961,0
617.99999987706542,5187.7639864119856,4362.3670194119786,0,-4.9354365376159341,5.8692631346990813,0
619.00000011082739,5182.8252307833391,4368.2334894007363,0,-4.9420736660832345,5.863675591314605,0
620.00000003026798,5177.8798411884209,4374.0943680927912,0,-4.9487044687439425,5.8580805424819662,0
620.99999994970858,5172.9278239572832,4379.9496479862728,0,-4.9553289371106946,5.8524779953627739,0
621.99999986914918,5167.9691854284583,4385.799321586479,0,-4.9619470627042341,5.8468679571282358,0
623.00000010291114,5163.003931948957,4391.6433814058837,0,-4.9685588370534255,5.8412504349591456,0
624.00000002235174,5158.0320698742544,4397.4818199641495,0,-4.9751642516952623,5.835625436045877,0
624.99999994179234,5153.0536055682869,4403.3146297881294,0,-4.981763298174875,5.8299929675883737,0
625.99999986123294,5148.0685454034419,4409.1418034118815,0,-4.9883559680455489,5.8243530367961434,0
627.0000000949949,5143.076895760546,4414.9633333766824,0,-4.9949422528687322,5.8187056508882424,0
628.0000000144355,5138.0786630288621,4420.7792122310293,0,-5.0015221442140421,5.8130508170932682,0
628.9999999338761,5133.0738536060826,4426.5894325306535,0,-5.0080956336592806,5.8073885426493552,0
629.99999985331669,5128.0624738983142,4432.3939868385278,0,-5.0146627127904457,5.8017188348041593,0
631.00000008707866,5123.044530320075,4438.1928677248798,0,-5.0212233732017397,5.7960417008148521,0
632.00000000651926,5118.0200292942827,4443.9860677671977,0,-5.0277776064955795,5.79035714794811,0
632.99999992595986,5112.988977252252,4449.7735795502422,0,-5.0343254042826091,5.7846651834801053,0
633.99999984540045,5107.9513806336799,4455.5553956660533,0,-5.0408667581817133,5.7789658146964991,0
635.00000007916242,5102.9072458866422,4461.3315087139626,0,-5.0474016598200198,5.7732590488924291,0
635.99999999860302,5097.8565794675824,4467.1019113005996,0,-5.0539301008329192,5.7675448933724986,0
636.99999991804361,5092.7993878413054,4472.8665960399067,0,-5.0604520728640692,5.7618233554507716,0
638.00000015180558,5087.7356774809668,4478.6255555531416,0,-5.0669675675654089,5.7560944424507623,0
639.00000007124618,5082.6654548680663,4484.3787824688907,0,-5.0734765765971668,5.7503581617054236,0
639.99999999068677,5077.5887264924404,4490.1262694230836,0,-5.0799790916278766,5.7446145205571382,0
640.99999991012737,5072.5054988522525,4495.8680090589896,0,-5.0864751043343785,5.7388635263577141,0
642.00000014388934,5067.4157784539857,4501.6039940272367,0,-5.092964606401841,5.7331051864683653,0
643.00000006332994,5062.3195718124325,4507.3342169858197,0,-5.0994475895237645,5.7273395082597141,0
643.99999998277053,5057.2168854506854,4513.0586706001095,0,-5.1059240454019914,5.7215664991117698,0
644.99999990221113,5052.1077259001377,4518.7773475428594,0,-5.1123939657467226,5.715786166413932,0
646.0000001359731,5046.9920997004629,4524.4902404942204,0,-5.1188573422765211,5.7099985175649692,0
647.00000005541369,5041.8700133996135,4530.1973421417424,0,-5.1253141667183284,5.7042035599730143,0
647.99999997485429,5036.7414735538114,4535.8986451803903,0,-5.1317644308074719,5.6984013010555605,0
648.99999989429489,5031.6064867275354,4541.5941423125523,0,-5.1382081262876733,5.6925917482394404,0
650.00000012805685,5026.4650594935219,4547.2838262480464,0,-5.144645244911068,5.6867749089608264,0
651.00000004749745,5021.3171984327464,4552.9676897041345,0,-5.1510757784382024,5.6809507906652161,0
651.99999996693805,5016.1629101344215,4558.645725405524,0,-5.1574997186380571,5.6751194008074251,0
652.99999988637865,5011.0022011959863,4564.3179260843854,0,-5.1639170572880522,5.6692807468515776,0
654.00000012014061,5005.8350782230991,4569.9842844803543,0,-5.170327786174056,5.6634348362710929,0
655.00000003958121,5000.6615478296271,4575.644793340547,0,-5.1767318970903951,5.6575816765486797,0
655.99999995902181,4995.4816166376404,4581.2994454195668,0,-5.1831293818398718,5.6517212751763273,0
656.9999998784624,4990.2952912773981,4586.9482334795157,0,-5.1895202322337664,5.6458536396552921,0
658.00000011222437,4985.1025783873492,4592.591150289998,0,-5.1959044400918533,5.6399787774960908,0
659.00000003166497,4979.9034846141158,4598.2281886281353,0,-5.2022819972424044,5.6340966962184913,0
659.99999995110556,4974.6980166124877,4603.8593412785722,0,-5.2086528955222109,5.6282074033514977,0
660.99999987054616,4969.486181045414,4609.4846010334886,0,-5.2150171267765852,5.622310906433353,0
662.00000010430813,4964.2679845839921,4615.1039606926051,0,-5.2213746828593708,5.6164072130115121,0
663.00000002374873,4959.0434339074645,4620.7174130631965,0,-5.2277255556329596,5.6104963306426479,0
663.99999994318932,4953.8125357032068,4626.3249509600973,0,-5.2340697369682925,5.6045782668926334,0
664.99999986262992,4948.575296666716,4631.9265672057136,0,-5.2404072187448829,5.5986530293365302,0
666.00000009639189,4943.3317235016084,4637.5222546300292,0,-5.2467379928508127,5.5927206255585871,0
667.00000001583248,4938.0818229196066,4643.1120060706189,0,-5.2530620511827513,5.5867810631522232,0
667.99999993527308,4932.8256016405339,4648.695814372657,0,-5.2593793856459659,5.5808343497200203,0
668.99999985471368,4927.5630663923002,4654.2736723889202,0,-5.2656899881543291,5.5748804928737155,0
670.00000008847564,4922.2942239109025,4659.845572979807,0,-5.2719938506303317,5.5689195002341867,0
671.00000000791624,4917.0190809404075,4665.4115090133346,0,-5.2782909650050893,5.562951379431448,0
671.99999992735684,4911.7376442329469,4670.9714733651599,0,-5.2845813232183563,5.5569761381046376,0
672.99999984679744,4906.4499205487091,4676.5254589185852,0,-5.2908649172185376,5.5509937839020056,0
674.0000000805594,4901.15591665593,4682.0734585645578,0,-5.29714173896269,5.5450043244809066,0
675,4895.8556393308818,4687.6154652016949,0,-5.3034117804165435,5.5390077675077931,0
675.9999999194406,4890.5490953578692,4693.1514717362816,0,-5.3096750335545062,5.5330041206581981,0
677.00000015320256,4885.2362915292169,4698.6814710822819,0,-5.3159314903596746,5.5269933916167311,0
678.00000007264316,4879.9172346452633,4704.2054561613486,0,-5.3221811428238421,5.5209755880770688,0
678.99999999208376,4874.5919315143492,4709.7234199028362,0,-5.3284239829475162,5.5149507177419421,0
679.99999991152436,4869.2603889528118,4715.2353552438035,0,-5.3346600027399216,5.5089187883231281,0
681.00000014528632,4863.9226137849737,4720.7412551290272,0,-5.3408891942190122,5.5028798075414338,0
682.00000006472692,4858.5786128431346,4726.2411125110093,0,-5.3471115494114843,5.4968337831266991,0
682.99999998416752,4853.2283929675677,4731.7349203499825,0,-5.3533270603527834,5.4907807228177781,0
683.99999990360811,4847.8719610064982,4737.2226716139285,0,-5.3595357190871145,5.4847206343625272,0
685.00000013737008,4842.5093238161089,4742.7043592785776,0,-5.365737517667454,5.4786535255178004,0
686.00000005681068,4837.1404882605266,4748.1799763274221,0,-5.3719324481555608,5.4725794040494415,0
686.99999997625127,4831.7654612118058,4753.6495157517265,0,-5.3781205026219823,5.4664982777322662,0
687.99999989569187,4826.3842495499302,4759.1129705505318,0,-5.3843016731460693,5.4604101543500567,0
689.00000012945384,4820.9968601627979,4764.5703337306677,0,-5.3904759518159837,5.4543150416955521,0
690.00000004889444,4815.6032999462177,4770.0215983067646,0,-5.3966433307287076,5.4482129475704388,0
690.99999996833503,4810.2035758038928,4775.4667573012539,0,-5.4028038019900562,5.4421038797853383,0
691.99999988777563,4804.7976946474164,4780.9058037443874,0,-5.4089573577146846,5.4359878461597972,0
693.0000001215376,4799.3856633962687,4786.338730674237,0,-5.4151039900261004,5.4298648545222807,0
694.00000004097819,4793.9674889777943,4791.765531136708,0,-5.4212436910566755,5.4237349127101577,0
694.99999996041879,4788.5431783272024,4797.1861981855473,0,-5.4273764529476498,5.4175980285696959,0
695.99999987985939,4783.112738387561,4802.6007248823562,0,-5.4335022678491489,5.4114542099560472,0
697.00000011362135,4777.6761761097796,4808.0091042965905,0,-5.439621127920188,5.4053034647332403,0
698.00000003306195,4772.2334984526069,4813.4113295055777,0,-5.4457330253286873,5.3991458007741695,0
698.99999995250255,4766.7847123826177,4818.8073935945222,0,-5.451837952251477,5.3929812259605869,0
699.99999987194315,4761.3298248742058,4824.1972896565121,0,-5.4579359008743067,5.3868097481830874,0
701.00000010570511,4755.8688429095719,4829.5810107925336,0,-5.4640268633918607,5.3806313753411006,0
702.00000002514571,4750.4017734787221,4834.9585501114752,0,-5.4701108320077676,5.3744461153428871,0
702.99999994458631,4744.9286235794516,4840.3299007301384,0,-5.4761877989346077,5.3682539761055184,0
703.9999998640269,4739.4494002173406,4845.6950557732471,0,-5.4822577563939205,5.3620549655548748,0
705.00000009778887,4733.9641104057418,4851.054008373455,0,-5.4883206966162179,5.3558490916256298,0
706.00000001722947,4728.4727611657718,4856.4067516713549,0,-5.4943766118409965,5.3496363622612408,0
706.99999993667006,4722.9753595263082,4861.753278815484,0,-5.5004254943167439,5.3434167854139414,0
707.99999985611066,4717.4719125239699,4867.0935829623422,0,-5.5064673363009478,5.3371903690447287,0
709.00000008987263,4711.9624272031151,4872.4276572763902,0,-5.512502130060108,5.3309571211233573,0
710.00000000931323,4706.4469106158331,4877.7554949300647,0,-5.5185298678697468,5.324717049628326,0
710.99999992875382,4700.9253698219309,4883.0770891037846,0,-5.5245505420144188,5.3184701625468653,0
711.99999984819442,4695.3978118889281,4888.3924329859601,0,-5.5305641447877187,5.3122164678749284,0
713.00000008195639,4689.864243892046,4893.7015197730043,0,-5.5365706684922946,5.3059559736171842,0
714.00000000139698,4684.3246729141965,4899.0043426693364,0,-5.5425701054398528,5.2996886877870066,0
714.99999992083758,4678.7791060459776,4904.300894887394,0,-5.5485624479511708,5.2934146184064614,0
716.00000015459955,4673.2275503856627,4909.5911696476423,0,-5.5545476883561085,5.2871337735062953,0
717.00000007404014,4667.6700130391882,4914.8751601785807,0,-5.5605258189936189,5.280846161125929,0
717.99999999348074,4662.106501120149,4920.1528597167498,0,-5.5664968322117492,5.2745517893134473,0
718.99999991292134,4656.5370217497857,4925.4242615067487,0,-5.5724607203676619,5.2682506661255841,0
720.00000014668331,4650.9615820569779,4930.6893588012308,0,-5.5784174758276359,5.2619427996277164,0
721.0000000661239,4645.3801891782368,4935.9481448609231,0,-5.5843670909670839,5.2556281978938539,0
721.9999999855645,4639.7928502576906,4941.2006129546335,0,-5.5903095581705537,5.2493068690066229,0
722.9999999050051,4634.1995724470771,4946.4467563592498,0,-5.5962448698317457,5.2429788210572665,0
724.00000013876706,4628.6003629057395,4951.6865683597598,0,-5.6021730183535192,5.2366440621456229,0
725.00000005820766,4622.9952288006116,4956.9200422492549,0,-5.6080939961478995,5.2303026003801234,0
725.99999997764826,4617.3841773062104,4962.1471713289402,0,-5.6140077956360939,5.2239544438777772,0
726.99999989708886,4611.7672156046319,4967.3679489081396,0,-5.6199144092484952,5.2175996007641618,0
728.00000013085082,4606.1443508855282,4972.5823683043091,0,-5.625813829424696,5.2112380791734187,0
729.00000005029142,4600.5155903461118,4977.7904228430416,0,-5.6317060486134958,5.2048698872482291,0
729.99999996973202,4594.8809411911434,4982.9921058580776,0,-5.6375910592729079,5.1984950331398236,0
730.99999988917261,4589.2404106329195,4988.1874106913128,0,-5.6434688538701767,5.1921135250079509,0
732.00000012293458,4583.5940058912656,4993.3763306928076,0,-5.6493394248817825,5.1857253710208786,0
733.00000004237518,4577.9417341935223,4998.5588592207941,0,-5.6552027647934509,5.1793305793553843,0
733.99999996181577,4572.2836027745452,5003.7349896416872,0,-5.6610588661001637,5.1729291581967383,0
734.99999988125637,4566.6196188766889,5008.9047153300889,0,-5.6669077213061678,5.1665211157386972,0
736.00000011501834,4560.9497897497968,5014.0680296687988,0,-5.6727493229249841,5.1601064601834938,0
737.00000003445894,4555.2741226511944,5019.2249260488261,0,-5.6785836634794205,5.1536851997418269,0
737.99999995389953,4549.5926248456817,5024.375397869394,0,-5.6844107355015767,5.1472573426328472,0
738.99999987334013,4543.905303605522,5029.5194385379455,0,-5.6902305315328556,5.1408228970841492,0
740.0000001071021,4538.21216621043,5034.65704147016,0,-5.6960430441239751,5.1343818713317608,0
741.00000002654269,4532.5132199475674,5039.7882000899544,0,-5.7018482658349754,5.1279342736201325,0
741.99999994598329,4526.8084721115301,5044.9129078294982,0,-5.7076461892352297,5.1214801122021285,0
742.99999986542389,4521.09793000434,5050.0311581292108,0,-5.7134368069034505,5.1150193953390115,0
744.00000009918585,4515.3816009354377,5055.1429444377827,0,-5.7192201114277026,5.1085521313004403,0
745.00000001862645,4509.6594922216682,5060.248260212179,0,-5.7249960954054142,5.1020783283644464,0
745.99999993806705,4503.931611187274,5065.3470989176421,0,-5.7307647514433802,5.0955979948174379,0
746.99999985750765,4498.1979651638885,5070.439454027709,0,-5.736526072157778,5.0891111389541761,0
748.00000009126961,4492.4585614905236,5075.525319024212,0,-5.7422800501741698,5.0826177690777765,0
749.00000001071021,4486.71340751356,5080.6046873972955,0,-5.7480266781275215,5.0761178934996893,0
749.99999993015081,4480.9625105867408,5085.6775526454176,0,-5.7537659486622044,5.0696115205396932,0
750.9999998495914,4475.2058780711577,5090.7439082753581,0,-5.7594978544320083,5.063098658525881,0
752.00000008335337,4469.4435173352449,5095.8037478022325,0,-5.7652223881001472,5.0565793157946564,0
753.00000000279397,4463.6754357547679,5100.8570647494917,0,-5.7709395423392751,5.0500535006907095,0
753.99999992223457,4457.9016407128174,5105.9038526489403,0,-5.7766493098314875,5.0435212215670253,0
755.00000015599653,4452.1221395997918,5110.9441050407386,0,-5.7823516832683381,5.0369824867848552,0
756.00000007543713,4446.3369398133982,5115.977815473414,0,-5.7880466553508469,5.0304373047137183,0
756.99999999487773,4440.5460487586379,5121.0049775038624,0,-5.7937342187895009,5.0238856837313852,0
757.99999991431832,4434.7494738477935,5126.0255846973678,0,-5.7994143663042745,5.0173276322238642,0
759.00000014808029,4428.9472225004274,5131.0396306275998,0,-5.8050870906246352,5.0107631585854024,0
760.00000006752089,4423.1393021433632,5136.047108876628,0,-5.8107523844895486,5.0041922712184617,0
760.99999998696148,4417.3257202106834,5141.0480130349297,0,-5.8164102406474942,4.9976149785337132,0
761.99999990640208,4411.5064841437161,5146.0423367013955,0,-5.8220606518564724,4.9910312889500288,0
763.00000014016405,4405.6816013910293,5151.0300734833381,0,-5.8277036108840079,4.9844412108944658,0
764.00000005960464,4399.8510794084168,5156.0112169965023,0,-5.833339110507171,4.9778447528022625,0
764.99999997904524,4394.0149256588893,5160.9857608650755,0,-5.8389671435125754,4.9712419231168203,0
765.99999989848584,4388.173147612667,5165.9536987216879,0,-5.8445877026963924,4.9646327302896998,0
767.00000013224781,4382.3257527471678,5170.9150242074265,0,-5.8502007808643599,4.9580171827806003,0
768.0000000516884,4376.4727485470039,5175.8697309718436,0,-5.8558063708317931,4.9513952890573618,0
768.999999971129,4370.6141425039623,5180.8178126729599,0,-5.8614044654235915,4.9447670575959446,0
769.9999998905696,4364.7499421170041,5185.7592629772835,0,-5.8669950574742469,4.938132496880419,0
771.00000012433156,4358.8801548922474,5190.6940755598016,0,-5.8725781398278576,4.9314916154029591,0
772.00000004377216,4353.0047883429643,5195.6222441040027,0,-5.8781537053381303,4.9248444216638294,0
772.99999996321276,4347.1238499895662,5200.5437623018788,0,-5.8837217468683942,4.9181909241713733,0
773.99999988265336,4341.2373473595962,5205.4586238539341,0,-5.8892822572916099,4.9115311314420049,0
775.00000011641532,4335.3452879877241,5210.3668224691919,0,-5.8948352294903801,4.9048650520001935,0
776.00000003585592,4329.4476794157272,5215.2683518652066,0,-5.900380656356953,4.8981926943784542,0
776.99999995529652,4323.544529192488,5220.1632057680672,0,-5.9059185307932349,4.8915140671173436,0
777.99999987473711,4317.6358448739811,5225.0513779124094,0,-5.9114488457107992,4.8848291787654388,0
779.00000010849908,4311.7216340232662,5229.9328620414199,0,-5.9169715940308985,4.8781380378793342,0
780.00000002793968,4305.8019042104752,5234.8076519068445,0,-5.9224867686844673,4.8714406530236234,0
780.99999994738027,4299.8766630128075,5239.6757412690004,0,-5.9279943626121341,4.8647370327708961,0
781.99999986682087,4293.9459180145122,5244.5371238967809,0,-5.933494368764233,4.8580271857017188,0
783.00000010058284,4288.0096768068852,5249.3917935676618,0,-5.9389867801008096,4.8513111204046346,0
784.00000002002344,4282.067946988258,5254.2397440677132,0,-5.9444715895916289,4.8445888454761388,0
784.99999993946403,4276.120736163989,5259.0809691916047,0,-5.9499487902161894,4.8378603695206799,0
785.99999985890463,4270.1680519464499,5263.915462742616,0,-5.9554183749637266,4.8311257011506417,0
787.0000000926666,4264.2099019550196,5268.7432185326406,0,-5.9608803368332257,4.8243848489863366,0
788.00000001210719,4258.2462938160725,5273.5642303821987,0,-5.9663346688334258,4.8176378216559881,0
788.99999993154779,4252.2772351629692,5278.3784921204424,0,-5.971781363982835,4.8108846277957289,0
789.99999985098839,4246.3027336360474,5283.1859975851612,0,-5.9772204153097368,4.8041252760495787,0
791.00000008475035,4240.3227968826113,5287.9867406227968,0,-5.9826518158521997,4.7973597750694443,0
792.00000000419095,4234.3374325569212,5292.7807150884419,0,-5.9880755586580801,4.7905881335150999,0
792.99999992363155,4228.3466483201892,5297.5679148458576,0,-5.9934916367850404,4.7838103600541828,0
793.99999984307215,4222.3504518405562,5302.3483337674725,0,-5.998900043300555,4.7770264633621773,0
795.00000007683411,4216.3488507930997,5307.1219657343981,0,-6.0043007712819154,4.7702364521224077,0
795.99999999627471,4210.3418528598095,5311.8888046364318,0,-6.0096938138162406,4.7634403350260204,0
796.99999991571531,4204.3294657295846,5316.6488443720646,0,-6.0150791640004888,4.7566381207719788,0
798.00000014947727,4198.3116970982246,5321.4020788484922,0,-6.0204568149414639,4.7498298180670524,0
799.00000006891787,4192.2885546684129,5326.14850198162,0,-6.0258267597558248,4.7430154356258045,0
799.99999998835847,4186.2600461497141,5330.8881076960733,0,-6.0311889915700938,4.736194982170578,0
800.99999990779907,4180.2261792585605,5335.6208899252006,0,-6.036543503520666,4.729368466431489,0
802.00000014156103,4174.1869617182447,5340.3468426110876,0,-6.0418902887538168,4.7225358971464093,0
803.00000006100163,4168.142401258905,5345.0659597045615,0,-6.047229340425714,4.7156972830609609,0
803.99999998044223,4162.0925056175247,5349.778235165194,0,-6.0525606517024206,4.7088526329285054,0
804.99999989988282,4156.0372825379072,5354.483662961321,0,-6.0578842157599118,4.7020019555101298,0
806.00000013364479,4149.9767397706819,5359.182237070042,0,-6.0632000257840764,4.6951452595746321,0
807.00000005308539,4143.9108850732855,5363.8739514772251,0,-6.0685080749707287,4.6882825538985209,0
807.99999997252598,4137.8397262099516,5368.5588001775195,0,-6.0738083565256193,4.6814138472659916,0
808.99999989196658,4131.7632709517056,5373.2367771743675,0,-6.0791008636644364,4.6745391484689209,0
810.00000012572855,4125.6815270763527,5377.9078764800015,0,-6.0843855896128218,4.6676584663068574,0
811.00000004516914,4119.5945023684653,5382.5720921154616,0,-6.0896625276063778,4.6607718095870094,0
811.99999996460974,4113.5022046193762,5387.2294181105954,0,-6.0949316708906753,4.6538791871242298,0
812.99999988405034,4107.4046416271685,5391.8798485040697,0,-6.1001930127212622,4.6469806077410096,0
814.00000011781231,4101.3018211966637,5396.5233773433802,0,-6.1054465463636696,4.6400760802674643,0
815.0000000372529,4095.1937511394131,5401.1599986848541,0,-6.1106922650934274,4.6331656135413199,0
815.9999999566935,4089.0804392736868,5405.7897065936622,0,-6.1159301621960642,4.6262492164079081,0
816.9999998761341,4082.9618934244654,5410.4124951438198,0,-6.1211602309671234,4.6193268977201516,0
818.00000010989606,4076.8381214234282,5415.0283584182052,0,-6.1263824647121661,4.6123986663385521,0
819.00000002933666,4070.7091311089448,5419.6372905085545,0,-6.1315968567467865,4.6054645311311777,0
819.99999994877726,4064.5749303260632,5424.2392855154831,0,-6.1368034003966114,4.598524500973654,0
820.99999986821786,4058.435526926502,5428.8343375484819,0,-6.142002088997315,4.5915785847491541,0
822.00000010197982,4052.2909287686375,5433.4224407259244,0,-6.1471929158946255,4.5846267913483834,0
823.00000002142042,4046.1411437174961,5438.0035891750858,0,-6.1523758744443366,4.5776691296695686,0
823.99999994086102,4039.9861796447431,5442.5777770321383,0,-6.15755095801231,4.5707056086184519,0
824.99999986030161,4033.8260444286734,5447.1449984421697,0,-6.1627181599744887,4.5637362371082704,0
826.00000009406358,4027.660745954201,5451.7052475591754,0,-6.1678774737169038,4.5567610240597567,0
827.00000001350418,4021.4902921128473,5456.2585185460848,0,-6.173028892635684,4.5497799784011121,0
827.99999993294477,4015.3146908027347,5460.8048055747531,0,-6.1781724101370621,4.5427931090680076,0
828.99999985238537,4009.1339499285741,5465.3441028259758,0,-6.1833080196373871,4.5358004250035702,0
830.00000008614734,4002.9480774016529,5469.8764044894988,0,-6.188435714563127,4.5288019351583664,0
831.00000000558794,3996.7570811398277,5474.4017047640173,0,-6.1935554883508823,4.5217976484903977,0
831.99999992502853,3990.5609690675146,5478.9199978571933,0,-6.198667334447391,4.5147875739650827,0
832.99999984446913,3984.3597491156775,5483.4312779856518,0,-6.2037712463095396,4.5077717205552483,0
834.0000000782311,3978.1534292218184,5487.9355393750011,0,-6.2088672174043706,4.5007500972411218,0
834.99999999767169,3971.9420173299659,5492.4327762598286,0,-6.2139552412090913,4.4937227130103095,0
835.99999991711229,3965.7255213906678,5496.9229828837142,0,-6.219035311211079,4.4866895768577981,0
837.00000015087426,3959.5039493609788,5501.4061534992379,0,-6.2241074209078935,4.4796506977859325,0
838.00000007031485,3953.2773092044513,5505.882282367983,0,-6.2291715638072835,4.4726060848044114,0
838.99999998975545,3947.0456088911246,5510.3513637605474,0,-6.2342277334271943,4.4655557469302698,0
839.99999990919605,3940.8088563975143,5514.8133919565535,0,-6.2392759232957786,4.458499693187874,0
841.00000014295802,3934.5670597066041,5519.2683612446453,0,-6.2443161269514018,4.4514379326089024,0
842.00000006239861,3928.320226807833,5523.7162659225069,0,-6.2493483379426511,4.4443704742323433,0
842.99999998183921,3922.0683656970868,5528.1571002968594,0,-6.2543725498283456,4.4372973271044707,0
843.99999990127981,3915.811484376688,5532.5908586834812,0,-6.2593887561775423,4.4302185002788494,0
845.00000013504177,3909.5495908553844,5537.0175354072053,0,-6.2643969505695463,4.4231340028163055,0
846.00000005448237,3903.2826931483387,5541.4371248019252,0,-6.2693971265939172,4.4160438437849319,0
846.99999997392297,3897.0107992771195,5545.8496212106093,0,-6.2743892778504762,4.4089480322600618,0
847.99999989336357,3890.7339172696907,5550.2550189853055,0,-6.2793733979493176,4.401846577324263,0
849.00000012712553,3884.4520551603996,5554.6533124871476,0,-6.2843494805108184,4.3947394880673309,0
850.00000004656613,3878.1652209899698,5559.0444960863642,0,-6.2893175191656399,4.3876267735862715,0
850.99999996600673,3871.8734228054896,5563.4285641622791,0,-6.2942775075547397,4.3805084429852919,0
851.99999988544732,3865.5766686603988,5567.8055111033318,0,-6.2992294393293813,4.3733845053757836,0
853.00000011920929,3859.2749666144819,5572.1753313070676,0,-6.3041733081511397,4.3662549698763202,0
854.00000003864989,3852.9683247338562,5576.5380191801623,0,-6.3091091076919108,4.3591198456126383,0
854.99999995809048,3846.6567510909636,5580.8935691384158,0,-6.314036831633917,4.351979141717627,0
855.99999987753108,3840.3402537645566,5585.2419756067666,0,-6.318956473669723,4.344832867331319,0
857.00000011129305,3834.0188408396916,5589.5832330192952,0,-6.3238680275022316,4.3376810316008774,0
858.00000003073364,3827.6925204077156,5593.9173358192375,0,-6.328771486844702,4.3305236436805803,0
858.99999995017424,3821.3613005662578,5598.2442784589803,0,-6.333666845420753,4.3233607127318185,0
859.99999986961484,3815.0251894192188,5602.564055400082,0,-6.3385540969643728,4.3161922479230723,0
861.00000010337681,3808.6841950767594,5606.8766611132651,0,-6.343433235219929,4.3090182584299077,0
862.0000000228174,3802.3383256552906,5611.1820900784405,0,-6.3483042539421684,4.3018387534349625,0
862.999999942258,3795.9875892774648,5615.4803367846971,0,-6.3531671468962365,4.2946537421279327,0
863.9999998616986,3789.6319940721628,5619.7713957303231,0,-6.3580219078576752,4.2874632337055631,0
865.00000009546056,3783.2715481744854,5624.0552614228036,0,-6.3628685306124391,4.2802672373716382,0
866.00000001490116,3776.9062597257421,5628.3319283788323,0,-6.3677070089568968,4.2730657623369623,0
866.99999993434176,3770.5361368734402,5632.6013911243163,0,-6.3725373366978442,4.2658588178193524,0
867.99999985378236,3764.1611877712753,5636.8636441943845,0,-6.3773595076525069,4.2586464130436283,0
869.00000008754432,3757.7814205791219,5641.118682133394,0,-6.3821735156485522,4.2514285572416002,0
870.00000000698492,3751.3968434630192,5645.3664994949377,0,-6.3869793545240956,4.2442052596520528,0
870.99999992642552,3745.0074645951645,5649.6070908418496,0,-6.391777018127712,4.2369765295207378,0
871.99999984586611,3738.6132921539011,5653.8404507462146,0,-6.3965665003184391,4.2297423761003587,0
873.00000007962808,3732.2143343237085,5658.0665737893723,0,-6.4013477949657851,4.2225028086505638,0
873.99999999906868,3725.810599295191,5662.2854545619275,0,-6.406120895949738,4.215257836437929,0
874.99999991850927,3719.4020952650671,5666.4970876637526,0,-6.4108857971607751,4.2080074687359481,0
876.00000015227124,3712.9888304361598,5670.7014677039961,0,-6.4156424924998676,4.2007517148250217,0
877.00000007171184,3706.5708130173875,5674.8985893010949,0,-6.4203909758784929,4.1934905839924452,0
877.99999999115244,3700.148051223749,5679.0884470827732,0,-6.4251312412186383,4.1862240855323964,0
878.99999991059303,3693.7205532763187,5683.2710356860516,0,-6.4298632824528088,4.1789522287459233,0
880.000000144355,3687.2883274022302,5687.4463497572588,0,-6.434587093524037,4.1716750229409323,0
881.0000000637956,3680.8513818346723,5691.6143839520328,0,-6.439302668385892,4.1643924774321768,0
881.99999998323619,3674.4097248128728,5695.7751329353296,0,-6.4440100010024803,4.1571046015412438,0
882.99999990267679,3667.9633645820904,5699.928591381431,0,-6.4487090853484634,4.1498114045965426,0
884.00000013643876,3661.512309393604,5704.0747539739496,0,-6.4533999154090615,4.1425128959332982,0
885.00000005587935,3655.0565675047023,5708.2136154058371,0,-6.4580824851800553,4.1352090848935301,0
885.99999997531995,3648.5961471786723,5712.3451703793926,0,-6.462756788667801,4.1278999808260446,0
886.99999989476055,3642.1310566847887,5716.4694136062653,0,-6.467422819889233,4.1205855930864255,0
888.00000012852252,3635.6613042983067,5720.5863398074634,0,-6.472080572871878,4.1132659310370201,0
889.00000004796311,3629.1868983004451,5724.695943713361,0,-6.476730041653858,4.1059410040469224,0
889.99999996740371,3622.7078469783823,5728.7982200637034,0,-6.4813712202838971,4.0986108214919694,0
890.99999988684431,3616.2241586252412,5732.8931636076177,0,-6.4860041028213322,4.0912753927547252,0
892.00000012060627,3609.7358415400795,5736.9807691036158,0,-6.4906286833361158,4.0839347272244666,0
893.00000004004687,3603.2429040278821,5741.0610313196012,0,-6.4952449559088317,4.0765888342971728,0
893.99999995948747,3596.7453543995452,5745.1339450328787,0,-6.4998529146306963,4.0692377233755179,0
894.99999987892807,3590.2432009718709,5749.1995050301575,0,-6.5044525536035653,4.0618814038688527,0
896.00000011269003,3583.7364520675505,5753.2577061075599,0,-6.5090438669399449,4.0545198851931961,0
897.00000003213063,3577.2251160151618,5757.3085430706287,0,-6.5136268487629989,4.0471531767712206,0
897.99999995157123,3570.7092011491518,5761.3520107343293,0,-6.518201493206556,4.0397812880322403,0
898.99999987101182,3564.188715809827,5765.3881039230655,0,-6.5227677944151132,4.0324042284122017,0
900.00000010477379,3557.6636683433476,5769.4168174706756,0,-6.5273257465438501,4.0250220073536713,0
901.00000002421439,3551.134067101711,5773.4381462204428,0,-6.5318753437586325,4.0176346343058214,0
901.99999994365498,3544.5999204427435,5777.4520850251074,0,-6.5364165802360201,4.0102421187244168,0
902.99999986309558,3538.0612367300901,5781.4586287468665,0,-6.5409494501632732,4.0028444700718051,0
904.00000009685755,3531.5180243332011,5785.4577722573813,0,-6.5454739477383628,3.9954416978169083,0
905.00000001629815,3524.9702916273272,5789.4495104377893,0,-6.5499900671699738,3.9880338114352014,0
905.99999993573874,3518.4180469935027,5793.433838178702,0,-6.5544978026775187,3.9806208204087068,0
906.99999985517934,3511.8612988185364,5797.4107503802197,0,-6.5589971484911382,3.9732027342259828,0
908.00000008894131,3505.3000554950045,5801.3802419519316,0,-6.5634880988517148,3.965779562382107,0
909.0000000083819,3498.7343254212342,5805.3423078129281,0,-6.5679706480108768,3.9583513143786684,0
909.9999999278225,3492.1641170012958,5809.2969428918041,0,-6.5724447902310015,3.9509179997237531,0
910.9999998472631,3485.5894386449936,5813.244142126664,0,-6.5769105197852289,3.9434796279319317,0
912.00000008102506,3479.0102987678529,5817.183900465131,0,-6.581367830957471,3.9360362085242482,0
913.00000000046566,3472.4267057911084,5821.1162128643509,0,-6.5858167180424116,3.9285877510282083,0
913.99999991990626,3465.838668141696,5825.0410742910026,0,-6.5902571753455179,3.9211342649777658,0
915.00000015366822,3459.2461942522395,5828.958479721301,0,-6.5946891971830492,3.9136757599133096,0
916.00000007310882,3452.6492925610423,5832.8684241410074,0,-6.5991127778820582,3.906212245381655,0
916.99999999254942,3446.0479715120759,5836.7709025454287,0,-6.6035279117804047,3.8987437309360282,0
917.99999991199002,3439.4422395549664,5840.6659099394292,0,-6.6079345932267612,3.8912702261360566,0
919.00000014575198,3432.8321051449866,5844.5534413374371,0,-6.6123328165806168,3.8837917405477529,0
920.00000006519258,3426.2175767430449,5848.4334917634505,0,-6.6167225762122879,3.8763082837435072,0
920.99999998463318,3419.5986628156747,5852.3060562510436,0,-6.6211038665029243,3.8688198653020716,0
921.99999990407377,3412.9753718350221,5856.1711298433693,0,-6.6254766818445185,3.8613264948085497,0
923.00000013783574,3406.3477122788354,5860.028707593171,0,-6.6298410166399071,3.8538281818543836,0
924.00000005727634,3399.7156926304538,5863.8787845627876,0,-6.6341968653027843,3.846324936037341,0
924.99999997671694,3393.0793213787997,5867.7213558241574,0,-6.6385442222577069,3.8388167669615045,0
925.99999989615753,3386.4386070183641,5871.5564164588268,0,-6.6428830819400995,3.8313036842372576,0
927.0000001299195,3379.7935580491958,5875.3839615579536,0,-6.6472134387962631,3.8237856974812749,0
928.0000000493601,3373.1441829768942,5879.2039862223191,0,-6.6515352872833837,3.8162628163165047,0
928.99999996880069,3366.4904903125953,5883.0164855623279,0,-6.6558486218695343,3.8087350503721638,0
929.99999988824129,3359.8324885729621,5886.8214546980171,0,-6.6601534370336894,3.8012024092837189,0
931.00000012200326,3353.1701862801719,5890.6188887590624,0,-6.6644497272657288,3.7936649026928797,0
932.00000004144385,3346.5035919619072,5894.4087828847842,0,-6.6687374870664424,3.7861225402475802,0
932.99999996088445,3339.832714151345,5898.1911322241585,0,-6.6730167109475378,3.778575331601973,0
933.99999988032505,3333.1575613871441,5901.9659319358079,0,-6.6772873934316488,3.7710232864164115,0
935.00000011408702,3326.4781422134356,5905.7331771880308,0,-6.6815495290523463,3.7634664143574406,0
936.00000003352761,3319.794465179813,5909.4928631587891,0,-6.6858031123541357,3.7559047250977837,0
936.99999995296821,3313.1065388413163,5913.2449850357198,0,-6.6900481378924717,3.7483382283163298,0
937.99999987240881,3306.414371758427,5916.9895380161433,0,-6.694284600233761,3.7407669336981222,0
939.00000010617077,3299.7179724970551,5920.7265173070673,0,-6.6985124939553762,3.7331908509343443,0
940.00000002561137,3293.0173496285274,5924.4559181251961,0,-6.7027318136456504,3.7256099897223094,0
940.99999994505197,3286.3125117295754,5928.1777356969314,0,-6.7069425539038976,3.7180243597654474,0
941.99999986449257,3279.6034673823278,5931.8919652583809,0,-6.7111447093404095,3.7104339707732898,0
943.00000009825453,3272.8902251742952,5935.5986020553701,0,-6.7153382745764691,3.7028388324614632,0
944.00000001769513,3266.1727936983643,5939.297641343438,0,-6.7195232442443515,3.6952389545516691,0
944.99999993713573,3259.4511815527812,5942.98907838785,0,-6.7236996129873372,3.6876343467716799,0
945.99999985657632,3252.7253973411448,5946.6729084636036,0,-6.7278673754597138,3.6800250188553187,0
947.00000009033829,3245.9954496723954,5950.349126855428,0,-6.7320265263267869,3.6724109805424527,0
948.00000000977889,3239.2613471608011,5954.0177288578025,0,-6.7361770602648834,3.6647922415789767,0
948.99999992921948,3232.523098425946,5957.6787097749511,0,-6.7403189719613597,3.6571688117168035,0
949.99999984866008,3225.7807120927259,5961.3320649208536,0,-6.7444522561146059,3.6495407007138496,0
951.00000008242205,3219.0341967913282,5964.9777896192527,0,-6.7485769074340611,3.6419079183340237,0
952.00000000186265,3212.2835611572286,5968.615879203654,0,-6.7526929206402126,3.6342704743472143,0
952.99999992130324,3205.5288138311748,5972.2463290173382,0,-6.7568002904646001,3.6266283785292739,0
954.00000015506521,3198.7699634591791,5975.869134413364,0,-6.7608990116498324,3.6189816406620126,0
955.00000007450581,3192.0070186925032,5979.4842907545753,0,-6.7649890789495855,3.6113302705331813,0
955.9999999939464,3185.2399881876522,5983.091793413606,0,-6.7690704871286105,3.6036742779364599,0
956.999999913387,3178.4688806063605,5986.6916377728903,0,-6.7731432309627451,3.5960136726714449,0
958.00000014714897,3171.6937046155795,5990.2838192246618,0,-6.7772073052389183,3.5883484645436372,0
959.00000006658956,3164.9144688874694,5993.8683331709617,0,-6.7812627047551537,3.5806786633644285,0
959.99999998603016,3158.1311820993865,5997.4451750236467,0,-6.7853094243205794,3.5730042789510907,0
960.99999990547076,3151.3438529338723,6001.0143402043941,0,-6.7893474587554312,3.5653253211267626,0
962.00000013923272,3144.5524900786418,6004.5758241447074,0,-6.7933768028910668,3.557641799720435,0
963.00000005867332,3137.7571022265756,6008.1296222859191,0,-6.797397451569962,3.5499537245669415,0
963.99999997811392,3130.9576980757038,6011.6757300792051,0,-6.8014093996457268,3.542261105506944,0
964.99999989755452,3124.154286329197,6015.2141429855801,0,-6.8054126419831054,3.5345639523869203,0
966.00000013131648,3117.346875695358,6018.7448564759097,0,-6.8094071734579877,3.5268622750591532,0
967.00000005075708,3110.5354748876057,6022.2678660309148,0,-6.8133929889574114,3.5191560833817146,0
967.99999997019768,3103.7200926244686,6025.7831671411786,0,-6.8173700833795721,3.5114453872184557,0
968.99999988963827,3096.9007376295694,6029.2907553071473,0,-6.8213384516338245,3.5037301964389931,0
970.00000012340024,3090.0774186316166,6032.7906260391419,0,-6.8252980886406975,3.4960105209186962,0
971.00000004284084,3083.2501443643928,6036.2827748573636,0,-6.8292489893318953,3.4882863705386757,0
971.99999996228144,3076.4189235667436,6039.7671972918952,0,-6.8331911486503003,3.4805577551857692,0
972.99999988172203,3069.5837649825653,6043.2438888827091,0,-6.8371245615499889,3.4728246847525304,0
974.000000115484,3062.7446773607944,6046.7128451796743,0,-6.8410492229962276,3.4650871691372136,0
975.0000000349246,3055.901669455398,6050.1740617425594,0,-6.8449651279654908,3.457345218243765,0
975.99999995436519,3049.0547500253597,6053.6275341410383,0,-6.8488722714454573,3.449598841981806,0
976.99999987380579,3042.203927834671,6057.073257954703,0,-6.8527706484350182,3.4418480502666249,0
978.00000010756776,3035.3492116523175,6060.5112287730608,0,-6.856660253944292,3.4340928530191595,0
979.00000002700835,3028.4906102522696,6063.9414421955398,0,-6.8605410829946214,3.4263332601659884,0
979.99999994644895,3021.6281324134711,6067.3638938315016,0,-6.8644131306185798,3.4185692816393138,0
980.99999986588955,3014.761786919827,6070.7785793002404,0,-6.8682763918599861,3.4108009273769544,0
982.00000009965152,3007.8915825601935,6074.1854942309928,0,-6.8721308617739023,3.4030282073223281,0
983.00000001909211,3001.0175281283668,6077.5846342629375,0,-6.875976535426644,3.3952511314244425,0
983.99999993853271,2994.1396324230695,6080.9759950452117,0,-6.8798134078957869,3.3874697096378785,0
984.99999985797331,2987.2579042479406,6084.3595722369037,0,-6.8836414742701706,3.3796839519227815,0
986.00000009173527,2980.3723524115271,6087.7353615070688,0,-6.8874607296499057,3.3718938682448467,0
987.00000001117587,2973.482985727268,6091.1033585347286,0,-6.8912711691463837,3.3640994685753056,0
987.99999993061647,2966.5898130134874,6094.4635590088801,0,-6.8950727878822802,3.3563007628909141,0
988.99999985005707,2959.6928430933785,6097.8159586284992,0,-6.8988655809915569,3.3484977611739404,0
990.00000008381903,2952.7920847949981,6101.1605531025461,0,-6.9026495436194759,3.3406904734121516,0
991.00000000325963,2945.8875469512477,6104.4973381499722,0,-6.9064246709226031,3.3328789095988007,0
991.99999992270023,2938.9792383998715,6107.8263094997283,0,-6.910190958068811,3.3250630797326144,0
993.00000015646219,2932.0671679834372,6111.1474628907563,0,-6.91394840023729,3.3172429938177781,0
994.00000007590279,2925.151344549327,6114.4607940720152,0,-6.9176969926185468,3.3094186618639276,0
994.99999999534339,2918.231776949729,6117.766298802474,0,-6.9214367304144222,3.3015900938861327,0
995.99999991478398,2911.308474041622,6121.0639728511205,0,-6.9251676088380867,3.293757299904883,0
997.00000014854595,2904.3814446867677,6124.353811996958,0,-6.9288896231140527,3.2859202899460804,0
998.00000006798655,2897.4506977516971,6127.6358120290288,0,-6.9326027684781781,3.2780790740410213,0
998.99999998742715,2890.5162421076998,6130.9099687464031,0,-6.9363070401776721,3.2702336622263877,0
999.99999990686774,2883.578086630811,6134.1762779581913,0,-6.9400024334711023,3.2623840645442308,0
1001.0000001406297,2876.636240201803,6137.4347354835518,0,-6.9436889436284028,3.2545302910419589,0
1002.0000000600703,2869.6907117061724,6140.6853371516872,0,-6.9473665659308725,3.2466723517723257,0
1002.9999999795109,2862.7415100341286,6143.9280788018596,0,-6.9510352956711952,3.2388102567934189,0
1003.9999998989515,2855.7886440805837,6147.1629562833914,0,-6.9546951281534293,3.2309440161686438,0
1005.0000001327135,2848.832122745137,6150.3899654556708,0,-6.9583460586930235,3.2230736399667128,0
1006.0000000521541,2841.8719549320695,6153.6091021881575,0,-6.9619880826168243,3.2151991382616316,0
1006.9999999715947,2834.9081495503297,6156.8203623603868,0,-6.9656211952630755,3.2073205211326856,0
1007.9999998910353,2827.9407155135195,6160.0237418619772,0,-6.9692453919814294,3.1994377986644293,0
1009.0000001247972,2820.969661739889,6163.219236592633,0,-6.9728606681329461,3.1915509809466704,0
1010.0000000442378,2813.9949971523188,6166.4068424621528,0,-6.9764670190901086,3.1836600780744608,0
1010.9999999636784,2807.0167306783128,6169.5865553904323,0,-6.9800644402368217,3.1757651001480798,0
1011.999999883119,2800.0348712499845,6172.7583713074673,0,-6.9836529269684222,3.1678660572730228,0
1013.000000116881,2793.0494278040464,6175.9222861533672,0,-6.9872324746916812,3.1599629595599881,0
1014.0000000363216,2786.0604092817985,6179.0782958783475,0,-6.9908030788248112,3.1520558171248645,0
1014.9999999557622,2779.0678246291168,6182.2263964427484,0,-6.9943647347974753,3.1441446400887179,0
1015.9999998752028,2772.0716827964438,6185.3665838170327,0,-6.9979174380507878,3.1362294385777783,0
1017.0000001089647,2765.0719927387713,6188.4988539817896,0,-7.0014611840373213,3.1283102227234276,0
1018.0000000284053,2758.0687634156361,6191.6232029277444,0,-7.0049959682211167,3.1203870026621852,0
1018.9999999478459,2751.0620037911049,6194.7396266557607,0,-7.0085217860776847,3.1124597885356979,0
1019.9999998672865,2744.0517228337608,6197.8481211768431,0,-7.0120386330940105,3.1045285904907218,0
1021.0000001010485,2737.0379295166972,6200.9486825121512,0,-7.0155465047685652,3.0965934186791144,0
1022.0000000204891,2730.0206328175013,6204.0413066929959,0,-7.0190453966113067,3.088654283257819,0
1022.9999999399297,2722.9998417182451,6207.1259897608497,0,-7.0225353041436875,3.0807111943888525,0
1023.9999998593703,2715.9755652054737,6210.2027277673478,0,-7.0260162228986598,3.0727641622392916,0
1025.0000000931323,2708.9478122701926,6213.2715167742926,0,-7.029488148420679,3.0648131969812606,0
1026.0000000125729,2701.9165919078587,6216.3323528536657,0,-7.0329510762657179,3.0568583087919188,0
1026.9999999320135,2694.8819131183654,6219.3852320876267,0,-7.0364050020012581,3.0488995078534451,0
1027.999999851454,2687.8437849060342,6222.430150568518,0,-7.0398499212063115,3.0409368043530298,0
1029.000000085216,2680.8022162796005,6225.4671043988737,0,-7.0432858294714142,3.0329702084828551,0
1030.0000000046566,2673.7572162522047,6228.4960896914235,0,-7.0467127223986354,3.0249997304400877,0
1030.9999999240972,2666.7087938413792,6231.5171025690961,0,-7.0501305956015843,3.0170253804268619,0
1031.9999998435378,2659.6569580690361,6234.5301391650237,0,-7.0535394447054163,3.0090471686502687,0
1033.0000000772998,2652.6017179614569,6237.5351956225468,0,-7.0569392653468404,3.0010651053223429,0
1033.9999999967404,2645.5430825492804,6240.532268095224,0,-7.0603300531741162,2.993079200660048,0
1034.999999916181,2638.4810608674934,6243.5213527468313,0,-7.0637118038470712,2.9850894648852644,0
1036.0000001499429,2631.4156619554142,6246.5024457513673,0,-7.0670845130370932,2.9770959082247779,0
1037.0000000693835,2624.346894856686,6249.4755432930642,0,-7.0704481764271501,2.9690985409102639,0
1037.9999999888241,2617.274768619262,6252.4406415663843,0,-7.0738027897117837,2.9610973731782742,0
1038.9999999082647,2610.199292295395,6255.3977367760299,0,-7.0771483485971212,2.9530924152702269,0
1040.0000001420267,2603.1204749416279,6258.3468251369486,0,-7.0804848488008805,2.9450836774323905,0
1041.0000000614673,2596.0383256187779,6261.2879028743346,0,-7.083812286052372,2.9370711699158729,0
1041.9999999809079,2588.9528533919283,6264.2209662236382,0,-7.0871306560925103,2.9290549029766058,0
1042.9999999003485,2581.8640673304135,6267.1460114305664,0,-7.0904399546738119,2.9210348868753329,0
1044.0000001341105,2574.7719765078123,6270.0630347510887,0,-7.0937401775604068,2.9130111318775986,0
1045.000000053551,2567.6765900019327,6272.9720324514446,0,-7.0970313205280435,2.9049836482537317,0
1045.9999999729916,2560.5779168948006,6275.8730008081448,0,-7.1003133793640894,2.8969524462788341,0
1046.9999998924322,2553.4759662726497,6278.7659361079786,0,-7.1035863498675393,2.8889175362327659,0
1048.0000001261942,2546.3707472259071,6281.6508346480159,0,-7.1068502278490246,2.8808789284001342,0
1049.0000000456348,2539.2622688491847,6284.5276927356144,0,-7.1101050091308133,2.8728366330702797,0
1049.9999999650754,2532.1505402412672,6287.3965066884221,0,-7.1133506895468157,2.8647906605372633,0
1050.999999884516,2525.0355705050983,6290.2572728343848,0,-7.1165872649425914,2.8567410210998521,0
1052.000000118278,2517.9173687477696,6293.1099875117534,0,-7.1198147311753566,2.8486877250615072,0
1053.0000000377186,2510.7959440805121,6295.9546470690784,0,-7.1230330841139828,2.8406307827303685,0
1053.9999999571592,2503.67130561868,6298.7912478652224,0,-7.1262423196390143,2.8325702044192456,0
1054.9999998765998,2496.5434624817417,6301.6197862693634,0,-7.129442433642657,2.8245060004456009,0
1056.0000001103617,2489.4124237932674,6304.4402586610004,0,-7.1326334220287979,2.8164381811315362,0
1057.0000000298023,2482.2781986809177,6307.2526614299559,0,-7.1358152807130013,2.8083667568037831,0
1057.9999999492429,2475.1407962764324,6310.0569909763799,0,-7.1389880056225188,2.8002917377936876,0
1058.9999998686835,2468.0002257156175,6312.8532437107606,0,-7.1421515926962931,2.7922131344371959,0
1060.0000001024455,2460.8564961383345,6315.6414160539189,0,-7.1453060378849633,2.7841309570748418,0
1061.0000000218861,2453.7096166884876,6318.4215044370221,0,-7.1484513371508722,2.7760452160517346,0
1061.9999999413267,2446.5595965140146,6321.1935053015841,0,-7.1515874864680633,2.7679559217175451,0
1062.9999998607673,2439.4064447668725,6323.9574150994704,0,-7.1547144818222979,2.7598630844264913,0
1064.0000000945292,2432.2501706030253,6326.7132302929031,0,-7.1578323192110522,2.7517667145373279,0
1065.0000000139698,2425.0907831824356,6329.460947354466,0,-7.1609409946435232,2.7436668224133292,0
1065.9999999334104,2417.9282916690504,6332.2005627671078,0,-7.1640405041406403,2.735563418422279,0
1066.999999852851,2410.7627052307894,6334.9320730241461,0,-7.1671308437350572,2.727456512936457,0
1068.000000086613,2403.5940330395333,6337.6554746292741,0,-7.1702120094711699,2.7193461163326234,0
1069.0000000060536,2396.4222842711142,6340.3707640965649,0,-7.1732839974051155,2.7112322389920078,0
1069.9999999254942,2389.2474681053009,6343.0779379504738,0,-7.1763468036047806,2.7031148913002934,0
1070.9999998449348,2382.0695937257892,6345.776992725845,0,-7.1794004241498008,2.6949940836476087,0
1072.0000000786968,2374.8886703201892,6348.4679249679139,0,-7.1824448551315729,2.6868698264285085,0
1072.9999999981374,2367.704707080014,6351.1507312323138,0,-7.185480092653254,2.6787421300419636,0
1073.999999917578,2360.5177132006647,6353.8254080850775,0,-7.1885061328297706,2.670611004891347,0
1075.0000001513399,2353.327697881427,6356.4919521026432,0,-7.1915229717878191,2.6624764613844207,0
1076.0000000707805,2346.1346703254494,6359.1503598718637,0,-7.1945306056658742,2.6543385099333223,0
1076.9999999902211,2338.9386397397388,6361.8006279900001,0,-7.1975290306141968,2.64619716095455,0
1077.9999999096617,2331.7396153351447,6364.4427530647372,0,-7.2005182427948293,2.638052424868953,0
1079.0000001434237,2324.5376063263479,6367.0767317141781,0,-7.2034982383816075,2.6299043121017132,0
1080.0000000628643,2317.3326219318515,6369.702560566855,0,-7.2064690135601683,2.6217528330823376,0
1080.9999999823049,2310.1246713739647,6372.3202362617349,0,-7.2094305645279473,2.6135979982446402,0
1081.9999999017455,2302.9137638787952,6374.9297554482173,0,-7.2123828874941873,2.6054398180267313,0
1083.0000001355074,2295.6999086762362,6377.531114786143,0,-7.2153259786799442,2.5972783028710031,0
1084.000000054948,2288.4831149999513,6380.1243109457955,0,-7.2182598343180908,2.5891134632241153,0
1084.9999999743886,2281.2633920873677,6382.7093406079102,0,-7.2211844506533192,2.5809453095369843,0
1085.9999998938292,2274.0407491796605,6385.2862004636745,0,-7.2240998239421481,2.5727738522647674,0
1087.0000001275912,2266.8151955217427,6387.8548872147321,0,-7.2270059504529272,2.5645991018668517,0
1088.0000000470318,2259.5867403622542,6390.4153975731888,0,-7.2299028264658451,2.5564210688068392,0
1088.9999999664724,2252.3553929535469,6392.967728261614,0,-7.2327904482729259,2.5482397635525325,0
1089.999999885913,2245.1211625516767,6395.5118760130517,0,-7.2356688121780426,2.5400551965759237,0
1091.000000119675,2237.8840584163872,6398.0478375710163,0,-7.2385379144969173,2.5318673783531795,0
1092.0000000391155,2230.6440898111027,6400.5756096895011,0,-7.2413977515571277,2.5236763193646281,0
1092.9999999585561,2223.401266002913,6403.0951891329842,0,-7.2442483196981087,2.5154820300947458,0
1093.9999998779967,2216.1555962625625,6405.6065726764255,0,-7.2470896152711592,2.5072845210321448,0
1095.0000001117587,2208.9070898644391,6408.1097571052806,0,-7.2499216346394499,2.4990838026695559,0
1096.0000000311993,2201.6557560865608,6410.604739215496,0,-7.2527443741780235,2.490879885503821,0
1096.9999999506399,2194.4016042105645,6413.0915158135194,0,-7.2555578302738004,2.4826727800358737,0
1097.9999998700805,2187.1446435216949,6415.5700837163031,0,-7.2583619993255821,2.4744624967707303,0
1099.0000001038425,2179.8848833087914,6418.0404397512993,0,-7.261156877744062,2.4662490462174738,0
1100.0000000232831,2172.6223328642773,6420.502580756478,0,-7.2639424619518227,2.4580324388892416,0
1100.9999999427237,2165.3570014841466,6422.9565035803244,0,-7.2667187483833438,2.4498126853032134,0
1101.9999998621643,2158.0888984679541,6425.4022050818385,0,-7.2694857334850029,2.4415897959805926,0
1103.0000000959262,2150.8180331188009,6427.8396821305487,0,-7.2722434137150866,2.4333637814465985,0
1104.0000000153668,2143.544414743325,6430.2689316065052,0,-7.2749917855437936,2.4251346522304509,0
1104.9999999348074,2136.268052651687,6432.6899504002931,0,-7.277730845453231,2.4169024188653547,0
1105.999999854248,2128.9889561575606,6435.1027354130329,0,-7.2804605899374284,2.4086670918884905,0
1107.00000008801,2121.7071345781178,6437.5072835563806,0,-7.2831810155023415,2.4004286818409968,0
1108.0000000074506,2114.4225972340232,6439.9035917525398,0,-7.2858921186658492,2.3921871992679593,0
1108.9999999268912,2107.1353534494119,6442.2916569342569,0,-7.2885938959577681,2.3839426547183953,0
1109.9999998463318,2099.8454125518847,6444.6714760448358,0,-7.2912863439198485,2.3756950587452428,0
1111.0000000800937,2092.552783872497,6447.0430460381267,0,-7.2939694591057842,2.3674444219053448,0
1111.9999999995343,2085.2574767457427,6449.4063638785437,0,-7.2966432380812121,2.3591907547594371,0
1112.9999999189749,2077.9595005095453,6451.7614265410648,0,-7.2993076774237196,2.3509340678721338,0
1114.0000001527369,2070.6588645052434,6454.1082310112315,0,-7.3019627737228525,2.3426743718119143,0
1115.0000000721775,2063.355578077581,6456.4467742851566,0,-7.3046085235801126,2.3344116771511105,0
1115.9999999916181,2056.0496505746928,6458.7770533695257,0,-7.307244923608966,2.3261459944658909,0
1116.9999999110587,2048.7410913480967,6461.0990652816072,0,-7.3098719704348429,2.3178773343362495,0
1118.0000001448207,2041.4299097526782,6463.4128070492452,0,-7.312489660695153,2.3096057073459928,0
1119.0000000642613,2034.116115146679,6465.718275710874,0,-7.315097991039277,2.3013311240827226,0
1119.9999999837019,2026.799716891685,6468.0154683155179,0,-7.3176969581285762,2.2930535951378248,0
1120.9999999031425,2019.4807243526157,6470.3043819227896,0,-7.3202865586363979,2.2847731311064581,0
1122.0000001369044,2012.1591468977108,6472.5850136029021,0,-7.3228667892480805,2.2764897425875352,0
1123.000000056345,2004.8349938985191,6474.8573604366702,0,-7.3254376466609505,2.268203440183715,0
1123.9999999757856,1997.5082747298859,6477.1214195155089,0,-7.3279991275843379,2.2599142345013834,0
1124.9999998952262,1990.1789987699401,6479.3771879414489,0,-7.3305512287395702,2.2516221361506439,0
1126.0000001289882,1982.8471754000852,6481.6246628271265,0,-7.3330939468599832,2.2433271557453023,0
1127.0000000484288,1975.5128140049837,6483.8638412957935,0,-7.3356272786909225,2.2350293039028535,0
1127.9999999678694,1968.1759239725475,6486.0947204813256,0,-7.3381512209897455,2.2267285912444681,0
1128.99999988731,1960.8365146939252,6488.3172975282196,0,-7.340665770525832,2.2184250283949778,0
1130.0000001210719,1953.4945955634898,6490.5315695915951,0,-7.3431709240805834,2.2101186259828625,0
1131.0000000405125,1946.1501759788268,6492.7375338372067,0,-7.3456666784474276,2.2018093946402377,0
1131.9999999599531,1938.8032653407224,6494.9351874414442,0,-7.3481530304318232,2.1934973450028399,0
1132.9999998793937,1931.4538730531515,6497.1245275913279,0,-7.3506299768512635,2.1851824877100112,0
1134.0000001131557,1924.1020085232651,6499.3055514845246,0,-7.3530975145352793,2.1768648334046894,0
1135.0000000325963,1916.747681161379,6501.4782563293466,0,-7.3555556403254476,2.1685443927333918,0
1135.9999999520369,1909.3909003809611,6503.6426393447528,0,-7.3580043510753903,2.1602211763462016,0
1136.9999998714775,1902.0316755986198,6505.7986977603523,0,-7.3604436436507843,2.1518951948967553,0
1138.0000001052395,1894.6700162340919,6507.9464288164118,0,-7.3628735149293547,2.1435664590422303,0
1139.00000002468,1887.3059317102302,6510.0858297638561,0,-7.3652939618008917,2.1352349794433265,0
1139.9999999441206,1879.9394314529918,6512.2168978642712,0,-7.367704981167245,2.1269007667642579,0
1140.9999998635612,1872.5705248914262,6514.3396303899117,0,-7.3701065699423358,2.1185638316727364,0
1142.0000000973232,1865.1992214576624,6516.4540246237011,0,-7.3724987250521519,2.110224184839959,0
1143.0000000167638,1857.8255305868977,6518.5600778592361,0,-7.3748814434347567,2.1018818369405925,0
1143.9999999362044,1850.4494617173855,6520.657787400788,0,-7.3772547220402958,2.0935367986527615,0
1144.999999855645,1843.0710242904227,6522.7471505633075,0,-7.3796185578309945,2.0851890806580347,0
1146.000000089407,1835.6902277503373,6524.828164672429,0,-7.3819729477811666,2.0768386936414109,0
1147.0000000088476,1828.307081544478,6526.9008270644781,0,-7.3843178888772147,2.0684856482913041,0
1147.9999999282882,1820.9215951232013,6528.9651350864651,0,-7.3866533781176376,2.0601299552995327,0
1148.9999998477288,1813.5337779398581,6531.0210860960951,0,-7.3889794125130317,2.0517716253613019,0
1150.0000000814907,1806.1436394507825,6533.0686774617716,0,-7.3912959890860934,2.0434106691751941,0
1151.0000000009313,1798.7511891152815,6535.1079065625954,0,-7.3936031048716293,2.0350470974431527,0
1151.9999999203719,1791.3564363956193,6537.1387707883769,0,-7.3959007569165545,2.0266809208704681,0
1153.0000001541339,1783.9593907570086,6539.1612675396273,0,-7.3981889422798925,2.0183121501657668,0
1154.0000000735745,1776.5600616675965,6541.1753942275673,0,-7.4004676580327908,2.0099407960409925,0
1154.9999999930151,1769.1584585984524,6543.1811482741396,0,-7.4027369012585167,2.0015668692114001,0
1155.9999999124557,1761.7545910235569,6545.1785271119943,0,-7.4049966690524585,1.9931903803955331,0
1157.0000001462176,1754.3484684197888,6547.1675281845073,0,-7.4072469585221361,1.9848113403152172,0
1158.0000000656582,1746.9401002669138,6549.1481489457774,0,-7.4094877667871994,1.9764297596955429,0
1158.9999999850988,1739.5294960475717,6551.1203868606271,0,-7.4117190909794362,1.9680456492648524,0
1159.9999999045394,1732.1166652472643,6553.0842394046113,0,-7.4139409282427735,1.9596590197547259,0
1161.0000001383014,1724.7016173543434,6555.039704064021,0,-7.4161532757332793,1.9512698818999685,0
1162.000000057742,1717.2843618599991,6556.9867783358768,0,-7.4183561306191743,1.9428782464385954,0
1162.9999999771826,1709.8649082582467,6558.9254597279423,0,-7.4205494900808224,1.9344841241118196,0
1163.9999998966232,1702.4432660459147,6560.8557457587258,0,-7.4227333513107441,1.9260875256640362,0
1165.0000001303852,1695.0194447226338,6562.7776339574784,0,-7.4249077115136206,1.9176884618428101,0
1166.0000000498258,1687.5934537908242,6564.6911218642026,0,-7.4270725679062899,1.909286943398862,0
1166.9999999692664,1680.1653027556822,6566.5962070296537,0,-7.429227917717756,1.9008829810860544,0
1167.999999888707,1672.735001125169,6568.492887015339,0,-7.4313737581891939,1.8924765856613779,0
1169.0000001224689,1665.3025584099992,6570.3811593935279,0,-7.4335100865739472,1.8840677678849382,0
1170.0000000419095,1657.867984123628,6572.2610217472475,0,-7.4356369001375375,1.8756565385199402,0
1170.9999999613501,1650.4312877822388,6574.1324716702939,0,-7.4377541961576634,1.8672429083326763,0
1171.9999998807907,1642.9924789047307,6575.995506767229,0,-7.4398619719242047,1.8588268880925118,0
1173.0000001145527,1635.5515670127077,6577.8501246533842,0,-7.4419602247392307,1.8504084885718719,0
1174.0000000339933,1628.1085616304645,6579.6963229548683,0,-7.4440489519169981,1.8419877205462265,0
1174.9999999534339,1620.6634722849772,6581.5340993085665,0,-7.4461281507839558,1.8335645947940771,0
1175.9999998728745,1613.2163085058878,6583.3634513621409,0,-7.4481978186787492,1.8251391220969437,0
1177.0000001066364,1605.7670798254935,6585.1843767740402,0,-7.4502579529522235,1.8167113132393502,0
1178.000000026077,1598.3157957787366,6586.9968732134957,0,-7.4523085509674267,1.8082811790088102,0
1178.9999999455176,1590.8624659031873,6588.8009383605304,0,-7.4543496100996123,1.7998487301958142,0
1179.9999998649582,1583.4070997390363,6590.5965699059589,0,-7.456381127736246,1.7914139775938152,0
1181.0000000987202,1575.9497068290802,6592.383765551388,0,-7.4584031012770033,1.7829769319992153,0
1182.0000000181608,1568.4902967187102,6594.1625230092268,0,-7.4604155281337778,1.7745376042113514,0
1182.9999999376014,1561.028878955899,6595.9328400026825,0,-7.4624184057306842,1.7660960050324821,0
1183.999999857042,1553.5654630911899,6597.6947142657655,0,-7.4644117315040566,1.7576521452677727,0
1185.000000090804,1546.1000586776825,6599.4481435432936,0,-7.4663955029024578,1.7492060357252817,0
1186.0000000102445,1538.6326752710229,6601.1931255908949,0,-7.4683697173866808,1.7407576872159478,0
1186.9999999296851,1531.1633224293894,6602.9296581750095,0,-7.4703343724297477,1.7323071105535759,0
1187.9999998491257,1523.6920097134819,6604.6577390728908,0,-7.4722894655169201,1.7238543165548219,0
1189.0000000828877,1516.2187466865087,6606.3773660726138,0,-7.4742349941456983,1.7153993160391816,0
1190.0000000023283,1508.7435429141735,6608.0885369730722,0,-7.4761709558258254,1.7069421198289734,0
1190.9999999217689,1501.2664079646659,6609.7912495839828,0,-7.4780973480792872,1.6984827387493269,0
1192.0000001555309,1493.7873514086459,6611.4855017258906,0,-7.4800141684403201,1.6900211836281682,0
1193.0000000749715,1486.3063828192342,6613.17129123017,0,-7.4819214144554138,1.6815574652962066,0
1193.9999999944121,1478.8235117719978,6614.848615939025,0,-7.4838190836833123,1.6730915945869194,0
1194.9999999138527,1471.3387478449395,6616.5174737054977,0,-7.4857071736950163,1.6646235823365394,0
1196.0000001476146,1463.8521006184853,6618.1778623934642,0,-7.4875856820737878,1.6561534393840409,0
1197.0000000670552,1456.3635796754713,6619.8297798776448,0,-7.4894546064151566,1.6476811765711248,0
1197.9999999864958,1448.8731946011317,6621.4732240436006,0,-7.4913139443269152,1.6392068047422059,0
1198.9999999059364,1441.3809549830871,6623.1081927877385,0,-7.4931636934291301,1.6307303347443982,0
1200.0000001396984,1433.886870411332,6624.7346840173159,0,-7.4950038513541406,1.6222517774275014,0
1201.000000059139,1426.390950478223,6626.3526956504384,0,-7.4968344157465623,1.6137711436439877,0
1201.9999999785796,1418.8932047784647,6627.9622256160665,0,-7.4986553842632881,1.6052884442489859,0
1202.9999998980202,1411.3936429090991,6629.5632718540173,0,-7.5004667545734991,1.5968036901002691,0
1204.0000001317821,1403.8922744694933,6631.1558323149693,0,-7.5022685243586569,1.5883168920582411,0
1205.0000000512227,1396.3891090613261,6632.7399049604592,0,-7.504060691312513,1.5798280609859217,0
1205.9999999706633,1388.8841562885768,6634.3154877628867,0,-7.5058432531411121,1.5713372077489323,0
1206.9999998901039,1381.3774257575126,6635.8825787055239,0,-7.5076162075627932,1.562844343215483,0
1208.0000001238659,1373.8689270766763,6637.4411757825083,0,-7.5093795523081903,1.5543494782563589,0
1209.0000000433065,1366.358669856874,6638.9912769988514,0,-7.5111332851202413,1.5458526237449051,0
1209.9999999627471,1358.8466637111621,6640.5328803704379,0,-7.5128774037541834,1.5373537905570129,0
1210.9999998821877,1351.3329182548357,6642.0659839240325,0,-7.51461190597756,1.5288529895711072,0
1212.0000001159497,1343.8174431054172,6643.5905856972768,0,-7.5163367895702278,1.520350231668131,0
1213.0000000353903,1336.3002478826413,6645.1066837386934,0,-7.5180520523243519,1.5118455277315326,0
1213.9999999548309,1328.7813422084464,6646.6142761076917,0,-7.5197576920444122,1.5033388886472507,0
1214.9999998742715,1321.2607357069583,6648.1133608745677,0,-7.5214537065472058,1.4948303253037014,0
1216.0000001080334,1313.7384380044812,6649.6039361205094,0,-7.5231400936618513,1.4863198485917632,0
1217.000000027474,1306.2144587294829,6651.0859999375944,0,-7.5248168512297875,1.4778074694047652,0
1217.9999999469146,1298.6888075125853,6652.559550428793,0,-7.5264839771047836,1.4692931986384694,0
1218.9999998663552,1291.1614939865487,6654.0245857079763,0,-7.5281414691529331,1.4607770471910608,0
1220.0000001001172,1283.6325277862625,6655.4811038999142,0,-7.5297893252526622,1.4522590259631312,0
1221.0000000195578,1276.1019185487301,6656.9291031402754,0,-7.5314275432947309,1.4437391458576652,0
1221.9999999389984,1268.5696759130583,6658.368581575638,0,-7.5330561211822378,1.435217417780027,0
1222.999999858439,1261.0358095204456,6659.7995373634812,0,-7.5346750568306167,1.4266938526379467,0
1224.0000000922009,1253.5003290141681,6661.2219686721955,0,-7.5362843481676478,1.4181684613415055,0
1225.0000000116415,1245.9632440395676,6662.6358736810826,0,-7.53788399313345,1.4096412548031219,0
1225.9999999310821,1238.4245642440408,6664.0412505803588,0,-7.5394739896804968,1.4011122439375372,0
1226.9999998505227,1230.8842992770249,6665.4380975711547,0,-7.5410543357736062,1.3925814396618039,0
1228.0000000842847,1223.3424587899863,6666.8264128655201,0,-7.5426250293899502,1.3840488528952684,0
1229.0000000037253,1215.7990524364081,6668.2061946864233,0,-7.5441860685190569,1.3755144945595599,0
1229.9999999231659,1208.2540898717775,6669.5774412677565,0,-7.545737451162811,1.3669783755785745,0
1231.0000001569279,1200.7075807535734,6670.9401508543388,0,-7.5472791753354587,1.3584405068784622,0
1232.0000000763685,1193.1595347412551,6672.2943217019156,0,-7.548811239063606,1.3499008993876129,0
1232.999999995809,1185.6099614962479,6673.6399520771611,0,-7.5503336403862287,1.3413595640366414,0
1233.9999999152496,1178.0588706819342,6674.9770402576796,0,-7.551846377354666,1.3328165117583746,0
1235.0000001490116,1170.506271963636,6676.3055845320141,0,-7.5533494480326295,1.3242717534878365,0
1236.0000000684522,1162.9521750086076,6677.6255831996368,0,-7.5548428504962022,1.3157253001622362,0
1236.9999999878928,1155.3965894860194,6678.9370345709649,0,-7.5563265828338455,1.3071771627209501,0
1237.9999999073334,1147.8395250669482,6680.239936967354,0,-7.5578006431463933,1.2986273521055125,0
1239.0000001410954,1140.2809914243639,6681.5342887211,0,-7.5592650295470669,1.2900758792595985,0
1240.000000060536,1132.7209982331167,6682.8200881754456,0,-7.5607197401614634,1.2815227551290105,0
1240.9999999799766,1125.159555169924,6684.0973336845791,0,-7.5621647731275656,1.2729679906616655,0
1241.9999998994172,1117.5966719133608,6685.3660236136402,0,-7.5636001265957473,1.2644115968075786,0
1243.0000001331791,1110.0323581438442,6686.6261563387161,0,-7.5650257987287697,1.2558535845188517,0
1244.0000000526197,1102.4666235436234,6687.8777302468525,0,-7.5664417877017867,1.2472939647496577,0
1244.9999999720603,1094.899477796765,6689.1207437360426,0,-7.567848091702345,1.2387327484562276,0
1245.9999998915009,1087.3309305891426,6690.355195215242,0,-7.5692447089303894,1.2301699465968357,0
1247.0000001252629,1079.7609916084239,6691.5810831043673,0,-7.5706316375982636,1.2216055701317852,0
1248.0000000447035,1072.1896705440579,6692.7984058342918,0,-7.5720088759307123,1.2130396300233959,0
1248.9999999641441,1064.6169770872621,6694.0071618468546,0,-7.573376422164884,1.2044721372359879,0
1249.9999998835847,1057.0429209310112,6695.2073495948589,0,-7.5747342745503312,1.1959031027358697,0
1251.0000001173466,1049.467511770024,6696.3989675420789,0,-7.5760824313490174,1.1873325374913226,0
1252.0000000367872,1041.8907593007511,6697.5820141632521,0,-7.5774208908353149,1.1787604524725874,0
1252.9999999562278,1034.3126732213627,6698.7564879440897,0,-7.5787496512960084,1.1701868586518505,0
1253.9999998756684,1026.7332632317355,6699.9223873812807,0,-7.5800687110302967,1.1616117670032289,0
1255.0000001094304,1019.1525390334409,6701.0797109824807,0,-7.5813780683497978,1.1530351885027572,0
1256.000000028871,1011.570510329733,6702.2284572663275,0,-7.5826777215785448,1.1444571341283734,0
1256.9999999483116,1003.9871868255354,6703.3686247624382,0,-7.5839676690529947,1.1358776148599037,0
1257.9999998677522,996.40257822742899,6704.5002120114095,0,-7.5852479091220273,1.1272966416790502,0
1259.0000001015142,988.81669424363974,6705.6232175648202,0,-7.5865184401469481,1.1187142255693761,0
1260.0000000209548,981.22954458402558,6706.7376399852337,0,-7.5877792605014909,1.1101303775162907,0
1260.9999999403954,973.64113896006484,6707.8434778461997,0,-7.5890303685718141,1.1015451085070374,0
1261.999999859836,966.05148708484376,6708.9407297322578,0,-7.5902717627565144,1.0929584295306767,0
1263.0000000935979,958.46059867304348,6710.0293942389353,0,-7.5915034414666165,1.0843703515780754,0
1264.0000000130385,950.86848344092766,6711.1094699727519,0,-7.5927254031255869,1.07578088564189,0
1264.9999999324791,943.27515110633055,6712.1809555512218,0,-7.5939376461693264,1.0671900427165544,0
1265.9999998519197,935.68061138864448,6713.2438496028544,0,-7.5951401690461733,1.0585978337982647,0
1267.0000000856817,928.08487400880711,6714.2981507671529,0,-7.5963329702169107,1.0500042698849652,0
1268.0000000051223,920.4879486892886,6715.3438576946246,0,-7.5975160481547643,1.0414093619763345,0
1268.9999999245629,912.88984515408004,6716.3809690467742,0,-7.5986894013454069,1.0328131210737719,0
1269.9999998440035,905.29057312868065,6717.4094834961088,0,-7.5998530282869572,1.0242155581803829,0
1271.0000000777654,897.69014234008569,6718.4293997261402,0,-7.6010069274899834,1.0156166843009649,0
1271.999999997206,890.08856251677287,6719.4407164313843,0,-7.6021510974775071,1.0070165104419935,0
1272.9999999166466,882.48584338869091,6720.4434323173664,0,-7.6032855367849992,0.9984150476116086,0
1274.0000001504086,874.88199468724702,6721.4375461006193,0,-7.6044102439603893,0.98981230681959931,0
1275.0000000698492,867.27702614529426,6722.4230565086882,0,-7.6055252175640646,0.9812082990773906,0
1275.9999999892898,859.67094749711885,6723.3999622801284,0,-7.6066304561688689,0.9726030353980295,0
1276.9999999087304,852.06376847842785,6724.3682621645085,0,-7.6077259583601071,0.96399652679617043,0
1278.0000001424924,844.45549882633736,6725.3279549224171,0,-7.6088117227355463,0.9553887842880614,0
1279.000000061933,836.84614827935889,6726.2790393254545,0,-7.6098877479054199,0.94677981889152962,0
1279.9999999813735,829.23572657738771,6727.2215141562438,0,-7.610954032492427,0.93816964162596805,0
1280.9999999008141,821.62424346169018,6728.1553782084238,0,-7.6120105751317304,0.92955826351232029,0
1282.0000001345761,814.01170867489111,6729.0806302866604,0,-7.6130573744709693,0.92094569557306716,0
1283.0000000540167,806.39813196096168,6729.9972692066385,0,-7.6140944291702466,0.91233194883221236,0
1283.9999999734573,798.7835230652064,6730.9052937950655,0,-7.6151217379021467,0.90371703431526884,0
1284.9999998928979,791.1678917342515,6731.8047028896844,0,-7.6161392993517216,0.89510096304924369,0
1286.0000001266599,783.55124771603118,6732.695495339256,0,-7.6171471122165029,0.88648374606262537,0
1287.0000000461005,775.93360075977694,6733.5776700035776,0,-7.6181451752064993,0.87786539438536837,0
1287.9999999655411,768.31496061600262,6734.4512257534725,0,-7.6191334870442011,0.86924591904887949,0
1288.9999998849817,760.69533703649449,6735.3161614707997,0,-7.6201120464645786,0.86062533108600403,0
1290.0000001187436,753.07473977429686,6736.1724760484485,0,-7.6210808522150835,0.85200364153101149,0
1291.0000000381842,745.45317858370106,6737.0201683903433,0,-7.6220399030556552,0.84338086141958124,0
1291.9999999576248,737.8306632202316,6737.8592374114478,0,-7.6229891977587192,0.83475700178878842,0
1292.9999998770654,730.20720344063477,6738.6896820377606,0,-7.6239287351091836,0.82613207367709018,0
1294.0000001108274,722.58280900286536,6739.5115012063225,0,-7.6248585139044529,0.81750608812431136,0
1295.000000030268,714.95748966607471,6740.324693865211,0,-7.6257785329544188,0.80887905617163025,0
1295.9999999497086,707.33125519059786,6741.1292589735476,0,-7.6266887910814649,0.80025098886156432,0
1296.9999998691492,699.7041153379414,6741.9251955014961,0,-7.6275892871204691,0.7916218972379564,0
1298.0000001029111,692.07607987077051,6742.7125024302668,0,-7.6284800199188068,0.78299179234596084,0
1299.0000000223517,684.44715855289758,6743.4911787521132,0,-7.6293609883363471,0.77436068523202828,0
1299.9999999417923,676.81736114926764,6744.2612234703392,0,-7.6302321912454598,0.76572858694389268,0
1300.9999998612329,669.18669742594795,6745.0226355992945,0,-7.6310936275310155,0.7570955085305564,0
1302.0000000949949,661.55517715011445,6745.7754141643773,0,-7.6319452960903806,0.74846146104227662,0
1303.0000000144355,653.92281009003943,6746.5195582020397,0,-7.632787195833429,0.7398264555305506,0
1303.9999999338761,646.28960601507902,6747.2550667597834,0,-7.6336193256825382,0.73119050304810229,0
1304.9999998533167,638.6555746956609,6747.981938896165,0,-7.6344416845725878,0.72255361464886747,0
1306.0000000870787,631.02072590327123,6748.7001736807933,0,-7.6352542714509672,0.71391580138798005,0
1307.0000000065193,623.38506941044295,6749.4097701943383,0,-7.6360570852775744,0.70527707432175724,0
1307.9999999259599,615.74861499074268,6750.1107275285212,0,-7.6368501250248153,0.6966374445076865,0
1308.9999998454005,608.11137241875815,6750.8030447861247,0,-7.6376333896776041,0.68799692300441051,0
1310.0000000791624,600.47335147008653,6751.486721080988,0,-7.6384068782333721,0.67935552087171369,0
1310.999999998603,592.83456192132064,6752.1617555380126,0,-7.6391705897020605,0.67071324917050723,0
1311.9999999180436,585.19501355003729,6752.8281472931603,0,-7.6399245231061261,0.66207011896281531,0
1313.0000001518056,577.55471613478494,6753.4858954934562,0,-7.6406686774805417,0.65342614131176147,0
1314.0000000712462,569.91367945507056,6754.1349992969908,0,-7.6414030518727962,0.64478132728155335,0
1314.9999999906868,562.27191329134678,6754.7754578729136,0,-7.6421276453428968,0.63613568793746966,0
1315.9999999101274,554.62942742500115,6755.4072704014488,0,-7.6428424569633728,0.62748923434584525,0
1317.0000001438893,546.98623163834168,6756.0304360738801,0,-7.6435474858192727,0.61884197757405734,0
1318.0000000633299,539.34233571458515,6756.6449540925596,0,-7.6442427310081644,0.61019392869051114,0
1318.9999999827705,531.69774943784455,6757.2508236709109,0,-7.6449281916401413,0.60154509876462559,0
1319.9999999022111,524.05248259311657,6757.8480440334297,0,-7.6456038668378206,0.59289549886681969,0
1321.0000001359731,516.40654496626883,6758.4366144156775,0,-7.6462697557363448,0.5842451400684977,0
1322.0000000554137,508.75994634402781,6759.0165340642907,0,-7.6469258574833816,0.57559403344203552,0
1322.9999999748543,501.112696513966,6759.587802236977,0,-7.647572171239128,0.56694219006076607,0
1323.9999998942949,493.46480526448914,6760.1504182025174,0,-7.6482086961763081,0.55828962099896529,0
1325.0000001280569,485.81628238482455,6760.7043812407728,0,-7.648835431480177,0.54963633733183825,0
1326.0000000474975,478.16713766500732,6761.2496906426722,0,-7.6494523763485187,0.54098235013550444,0
1326.999999966938,470.51738089586917,6761.7863457102249,0,-7.6500595299916494,0.53232767048698393,0
1327.9999998863786,462.86702186902477,6762.3143457565193,0,-7.6506568916324182,0.52367230946418297,0
1329.0000001201406,455.21607037686005,6762.8336901057201,0,-7.6512444605062084,0.51501627814588047,0
1330.0000000395812,447.56453621251887,6763.3443780930702,0,-7.6518222358609398,0.50635958761171262,0
1330.9999999590218,439.91242916989114,6763.8464090648977,0,-7.6523902169570617,0.49770224894216003,0
1331.9999998784624,432.25975904360007,6764.3397823786036,0,-7.6529484030675663,0.4890442732185325,0
1333.0000001122244,424.6065356289896,6764.8244974026775,0,-7.653496793477979,0.48038567152295542,0
1334.000000031665,416.95276872211167,6765.3005535166849,0,-7.654035387486366,0.47172645493835541,0
1334.9999999511056,409.29846811971407,6765.7679501112825,0,-7.6545641844033323,0.46306663454844599,0
1335.9999998705462,401.64364361922787,6766.2266865882084,0,-7.6550831835520246,0.45440622143771381,0
1337.0000001043081,393.98830501875443,6766.6767623602818,0,-7.655592384268127,0.4457452266914041,0
1338.0000000237487,386.3324621170533,6767.118176851408,0,-7.6560917858998678,0.43708366139550647,0
1338.9999999431893,378.67612471352942,6767.5509294965841,0,-7.6565813878080196,0.42842153663674087,0
1339.9999998626299,371.01930260822081,6767.9750197418898,0,-7.6570611893658942,0.41975886350254354,0
1341.0000000963919,363.36200560178588,6768.3904470444941,0,-7.657531189959351,0.41109565308105223,0
1342.0000000158325,355.70424349549103,6768.7972108726535,0,-7.6579913889867921,0.40243191646109289,0
1342.9999999352731,348.04602609119758,6769.1953107057134,0,-7.6584417858591713,0.39376766473216462,0
1343.9999998547137,340.38736319135,6769.5847460341101,0,-7.6588823799999828,0.38510290898442612,0
1345.0000000884756,332.72826459896299,6769.9655163593716,0,-7.6593131708452695,0.37643766030868098,0
1346.0000000079162,325.06874011760863,6770.3376211941149,0,-7.6597341578436229,0.36777192979636397,0
1346.9999999273568,317.4087995514044,6770.7010600620506,0,-7.6601453404561859,0.3591057285395266,0
1347.9999998467974,309.74845270500037,6771.0558324979784,0,-7.660546718156648,0.35043906763082272,0
1349.0000000805594,302.08770938356656,6771.4019380477939,0,-7.6609382904312469,0.34177195816349459,0
1350,294.42657939278047,6771.739376268486,0,-7.6613200567787763,0.33310441123135875,0
1350.9999999194406,286.76507253881442,6772.0681467281338,0,-7.6616920167105791,0.32443643792879157,0
1352.0000001532026,279.10319862832347,6772.3882490059186,0,-7.6620541697505509,0.31576804935071517,0
1353.0000000726432,271.44096746843201,6772.6996826921113,0,-7.662406515435138,0.30709925659258352,0
1353.9999999920838,263.77838886672214,6773.0024473880776,0,-7.662749053313342,0.29843007075036754,0
1354.9999999115244,256.11547263122054,6773.2965427062836,0,-7.6630817829467164,0.28976050292054123,0
1356.0000001452863,248.45222857038584,6773.5819682702904,0,-7.6634047039093725,0.281090564200068,0
1357.0000000647269,240.7886664930966,6773.858723714754,0,-7.6637178157879724,0.27242026568638555,0
1357.9999999841675,233.12479620863832,6774.1268086854316,0,-7.6640211181817373,0.26374961847739248,0
1358.9999999036081,225.46062752669096,6774.3862228391781,0,-7.6643146107024434,0.25507863367143341,0
1360.0000001373701,217.7961702573165,6774.6369658439435,0,-7.6645982929744223,0.24640732236728516,0
1361.0000000568107,210.13143421094622,6774.8790373787806,0,-7.6648721646345637,0.23773569566414257,0
1361.9999999762513,202.4664291983683,6775.1124371338392,0,-7.6651362253323159,0.22906376466160408,0
1362.9999998956919,194.80116503071517,6775.3371648103703,0,-7.6653904747296799,0.2203915404596577,0
1364.0000001294538,187.13565151945102,6775.5532201207252,0,-7.665634912501222,0.21171903415866669,0
1365.0000000488944,179.46989847635908,6775.7606027883567,0,-7.6658695383340634,0.20304625685935548,0
1365.999999968335,171.80391571352931,6775.9593125478132,0,-7.6660943519278852,0.19437321966279525,0
1366.9999998877756,164.13771304334571,6776.1493491447491,0,-7.6663093529949284,0.18569993367038987,0
1368.0000001215376,156.47130027847359,6776.3307123359218,0,-7.6665145412599944,0.17702640998386179,0
1369.0000000409782,148.80468723184737,6776.5034018891874,0,-7.6667099164604444,0.16835265970523755,0
1369.9999999604188,141.13788371665774,6776.6674175835033,0,-7.6668954783461993,0.15967869393683382,0
1370.9999998798594,133.47089954633918,6776.8227592089315,0,-7.6670712266797398,0.15100452378124302,0
1372.0000001136214,125.80374453455748,6776.9694265666376,0,-7.6672371612361134,0.14233016034131923,0
1373.000000033062,118.13642849519698,6777.1074194688899,0,-7.6673932818029229,0.13365561472016399,0
1373.9999999525025,110.46896124234823,6777.2367377390547,0,-7.6675395881803361,0.12498089802111191,0
1374.9999998719431,102.80135259029532,6777.3573812116074,0,-7.6676760801810824,0.11630602134771666,0
1376.0000001057051,95.13361235350331,6777.4693497321268,0,-7.6678027576304526,0.10763099580373663,0
1377.0000000251457,87.465750346605716,6777.572643157293,0,-7.6679196203663027,0.098955832493120788,0
1377.9999999445863,79.797776384391895,6777.6672613548926,0,-7.6680266682390474,0.090280542519994497,0
1378.9999998640269,72.12970028179447,6777.7532042038147,0,-7.6681239011116675,0.081605136988645133,0
1380.0000000977889,64.461531853876849,6777.8304715940521,0,-7.6682113188597061,0.072929627003508066,0
1381.0000000172295,56.793280915820667,6777.8990634267047,0,-7.6682889213712677,0.064254023669152352,0
1381.9999999366701,49.124957282913073,6777.9589796139762,0,-7.6683567085470239,0.055578338090266494,0
1382.9999998561107,41.456570770534299,6778.0102200791725,0,-7.6684146803002067,0.046902581371644311,0
1384.0000000898726,33.788131194145066,6778.0527847567091,0,-7.6684628365566114,0.038226764618170657,0
1385.0000000093132,26.119648369274024,6778.0866735920999,0,-7.6685011772546012,0.029550898934807251,0
1385.9999999287538,18.451132111505171,6778.1118865419703,0,-7.6685297023450998,0.020874995426578426,0
1386.9999998481944,10.782592236465296,6778.1284235740468,0,-7.6685484117915959,0.012199065198556932,0
1388.0000000819564,3.1140385598114317,6778.1362846671636,0,-7.6685573055701388,0.0035231193558497198,0
1389.000000001397,-4.5545191027817307,6778.1354698112582,0,-7.6685563836693458,-0.0051528309964162626,0
1389.9999999208376,-12.223070935634402,6778.1259790073709,0,-7.6685456460903971,-0.013828774753108303,0
1391.0000001545995,-19.891607123074252,6778.1078122676518,0,-7.6685250928470374,-0.022504700809102138,0
1392.0000000740401,-27.560117849448972,6778.0809696153538,0,-7.6684947239655736,-0.031180598059296159,0
1392.9999999934807,-35.228593299138851,6778.0454510848376,0,-7.6684545394848787,-0.039856455398625611,0
1393.9999999129213,-42.897023656569324,6778.0012567215635,0,-7.6684045394563887,-0.048532261722076843,0
1395.0000001466833,-50.565399106223545,6777.9483865820985,0,-7.6683447239441023,-0.057208005924701509,0
1396.0000000661239,-58.233709832654966,6777.8868407341197,0,-7.6682750930245822,-0.065883676901630758,0
1396.9999999855645,-65.901946020499878,6777.816619256404,0,-7.6681956467869545,-0.074559263548089477,0
1397.9999999050051,-73.570097854489944,6777.7377222388341,0,-7.6681063853329121,-0.083234754759410501,0
1399.0000001387671,-81.238155519464826,6777.6501497823974,0,-7.6680073087767076,-0.091910139431048796,0
1400.0000000582077,-88.906109200384762,6777.5539019991857,0,-7.6678984172451594,-0.10058540645859571,0
1400.9999999776483,-96.573949082343034,6777.4489790123962,0,-7.667779710877646,-0.10926054473779322,0
1401.9999998970889,-104.24166535057859,6777.3353809563268,0,-7.6676511898261106,-0.11793554316454803,0
1403.0000001308508,-111.9092481904886,6777.2131079763849,0,-7.667512854255059,-0.12661039063494586,0
1404.0000000502914,-119.57668778764106,6777.082160229078,0,-7.6673647043415594,-0.13528507604526574,0
1404.999999969732,-127.24397432778733,6776.942537882016,0,-7.667206740275244,-0.14395958829199401,0
1405.9999998891726,-134.91109799687459,6776.7942411139156,0,-7.6670389622583022,-0.15263391627183873,0
1407.0000001229346,-142.57804898105854,6776.6372701145947,0,-7.6668613705054911,-0.16130804888174388,0
1408.0000000423752,-150.24481746671594,6776.4716250849751,0,-7.666673965244124,-0.16998197501890339,0
1408.9999999618158,-157.91139364045708,6776.2973062370811,0,-7.6664767467140784,-0.17865568358077552,0
1409.9999998812564,-165.57776768913851,6776.1143137940398,0,-7.6662697151677932,-0.18732916346509695,0
1411.0000001150183,-173.24392979987547,6775.9226479900781,0,-7.6660528708702671,-0.19600240356989726,0
1412.0000000344589,-180.90987016005437,6775.7223090705265,0,-7.6658262140990567,-0.20467539279351277,0
1412.9999999538995,-188.57557895734556,6775.5132972918173,0,-7.6655897451442812,-0.21334812003460099,0
1413.9999998733401,-196.24104637971581,6775.2956129214836,0,-7.6653434643086182,-0.22202057419215473,0
1415.0000001071021,-203.90626261544071,6775.0692562381601,0,-7.6650873719073065,-0.23069274416551647,0
1416.0000000265427,-211.57121785311767,6774.8342275315799,0,-7.6648214682681415,-0.23936461885439231,0
1416.9999999459833,-219.23590228167777,6774.5905271025804,0,-7.6645457537314758,-0.24803618715886633,0
1417.9999998654239,-226.90030609039894,6774.3381552630935,0,-7.6642602286502237,-0.25670743797941475,0
1419.0000000991859,-234.56441946891835,6774.0771123361519,0,-7.6639648933898528,-0.26537836021692029,0
1420.0000000186265,-242.22823260724479,6773.8073986558875,0,-7.6636597483283895,-0.27404894277268627,0
1420.999999938067,-249.89173569577144,6773.5290145675326,0,-7.6633447938564165,-0.28271917454845047,0
1421.9999998575076,-257.55491892528835,6773.2419604274164,0,-7.6630200303770719,-0.29138904444639996,0
1423.0000000912696,-265.21777248699493,6772.9462366029657,0,-7.6626854583060515,-0.30005854136918503,0
1424.0000000107102,-272.88028657251249,6772.641843472702,0,-7.6623410780716039,-0.3087276542199332,0
1424.9999999301508,-280.54245137389705,6772.3287814262485,0,-7.6619868901145312,-0.31739637190226383,0
1425.9999998495914,-288.20425708365167,6772.0070508643194,0,-7.6616228948881906,-0.32606468332030192,0
1427.0000000833534,-295.86569389473885,6771.6766521987274,0,-7.661249092858494,-0.33473257737869244,0
1428.000000002794,-303.52675200059355,6771.3375858523796,0,-7.6608654845039039,-0.34340004298261473,0
1428.9999999222346,-311.18742159513516,6770.9898522592794,0,-7.6604720703154356,-0.3520670690377965,0
1430.0000001559965,-318.84769287278078,6770.633451864519,0,-7.6600688507966561,-0.36073364445052797,0
1431.0000000754371,-326.50755602845692,6770.2683851242891,0,-7.6596558264636796,-0.36939975812767623,0
1431.9999999948777,-334.16700125761275,6769.8946525058736,0,-7.6592329978451748,-0.37806539897669955,0
1432.9999999143183,-341.82601875623232,6769.5122544876422,0,-7.6588003654823593,-0.38673055590566119,0
1434.0000001480803,-349.48459872084709,6769.1211915590648,0,-7.6583579299289983,-0.39539521782324383,0
1435.0000000675209,-357.14273134854875,6768.7214642206964,0,-7.6579056917514015,-0.40405937363876404,0
1435.9999999869615,-364.80040683700133,6768.3130729841851,0,-7.6574436515284336,-0.41272301226218588,0
1436.9999999064021,-372.45761538445413,6767.8960183722675,0,-7.6569718098515001,-0.42138612260413566,0
1438.000000140164,-380.11434718975408,6767.4703009187679,0,-7.6564901673245531,-0.43004869357591557,0
1439.0000000596046,-387.77059245235841,6767.0359211686009,0,-7.6559987245640917,-0.43871071408951851,0
1439.9999999790452,-395.42634137234711,6766.5928796777689,0,-7.6554974821991593,-0.44737217305764171,0
1440.9999998984858,-403.08158415043556,6766.1411770133627,0,-7.6549864408713377,-0.45603305939370126,0
1442.0000001322478,-410.73631098798677,6765.6808137535554,0,-7.6544656012347563,-0.46469336201184652,0
1443.0000000516884,-418.39051208702426,6765.2117904876068,0,-7.6539349639560834,-0.4733530698269735,0
1443.999999971129,-426.04417765024448,6764.7341078158634,0,-7.6533945297145305,-0.48201217175473987,0
1444.9999998905696,-433.69729788102944,6764.2477663497539,0,-7.6528442992018491,-0.49067065671157861,0
1446.0000001243316,-441.34986298345905,6763.7527667117911,0,-7.6522842731223299,-0.49932851361471275,0
1447.0000000437722,-449.0018631623239,6763.2491095355699,0,-7.6517144521927998,-0.50798573138216885,0
1447.9999999632128,-456.65328862313766,6762.7367954657657,0,-7.6511348371426244,-0.51664229893279179,0
1448.9999998826534,-464.30412957214935,6762.2158251581368,0,-7.6505454287137056,-0.52529820518625869,0
1450.0000001164153,-471.95437621635671,6761.6861992795184,0,-7.6499462276604788,-0.533953439063093,0
1451.0000000358559,-479.60401876351773,6761.1479185078279,0,-7.6493372347499173,-0.54260798948467892,0
1451.9999999552965,-487.25304742216377,6760.6009835320583,0,-7.6487184507615256,-0.55126184537327561,0
1452.9999998747371,-494.90145240161195,6760.0453950522842,0,-7.648089876487342,-0.55991499565203096,0
1454.0000001084991,-502.54922391197783,6759.4811537796495,0,-7.6474515127319336,-0.56856742924499604,0
1455.0000000279397,-510.19635216418754,6758.9082604363803,0,-7.6468033603123997,-0.57721913507713929,0
1455.9999999473803,-517.84282736999091,6758.3267157557721,0,-7.6461454200583709,-0.58587010207436097,0
1456.9999998668209,-525.48863974197332,6757.736520482199,0,-7.6454776928120047,-0.59452031916350667,0
1458.0000001005828,-533.1337794935688,6757.1376753711056,0,-7.6448001794279836,-0.60316977527238214,0
1459.0000000200234,-540.77823683907229,6756.5301811890058,0,-7.6441128807735188,-0.61181845932976686,0
1459.999999939464,-548.4220019936522,6755.9140387134876,0,-7.6434157977283474,-0.62046636026542901,0
1460.9999998589046,-556.06506517336288,6755.2892487332047,0,-7.6427089311847274,-0.62911346701013848,0
1462.0000000926666,-563.70741659515704,6754.6558120478867,0,-7.6419922820474415,-0.63775976849568206,0
1463.0000000121072,-571.34904647689871,6754.0137294683218,0,-7.6412658512337934,-0.64640525365487767,0
1463.9999999315478,-578.98994503737561,6753.3630018163731,0,-7.6405296396736082,-0.65504991142158764,0
1464.9999998509884,-586.63010249631111,6752.7036299249658,0,-7.6397836483092298,-0.66369373073073346,0
1466.0000000847504,-594.26950907437742,6752.0356146380864,0,-7.6390278780955194,-0.67233670051830974,0
1467.000000004191,-601.90815499320797,6751.35895681079,0,-7.6382623299998578,-0.68097880972139868,0
1467.9999999236315,-609.54603047540968,6750.6736573091921,0,-7.637487005002134,-0.68962004727818382,0
1468.9999998430721,-617.18312574457559,6749.9797170104703,0,-7.6367019040947604,-0.69826040212796447,0
1470.0000000768341,-624.8194310252976,6749.2771368028598,0,-7.6359070282826584,-0.70689986321116993,0
1470.9999999962747,-632.45493654317829,6748.5659175856554,0,-7.6351023785832597,-0.71553841946937358,0
1471.9999999157153,-640.08963252484466,6747.846060269213,0,-7.63428795602651,-0.72417605984530631,0
1473.0000001494773,-647.72350919795963,6747.1175657749427,0,-7.63346376165486,-0.7328127732828722,0
1474.0000000689179,-655.35655679123465,6746.3804350353103,0,-7.6326297965232728,-0.74144854872716126,0
1474.9999999883585,-662.98876553444222,6745.6346689938373,0,-7.6317860616992155,-0.75008337512446444,0
1475.9999999077991,-670.62012565842883,6744.8802686050949,0,-7.6309325582626597,-0.75871724142228714,0
1477.000000141561,-678.25062739512725,6744.11723483471,0,-7.6300692873060818,-0.76735013656936379,0
1478.0000000610016,-685.88026097756904,6743.345568659357,0,-7.6291962499344601,-0.77598204951567185,0
1478.9999999804422,-693.50901663989669,6742.5652710667619,0,-7.6283134472652758,-0.78461296921244639,0
1479.9999998998828,-701.13688461737684,6741.7763430556979,0,-7.6274208804285051,-0.79324288461219328,0
1481.0000001336448,-708.76385514641186,6740.9787856359862,0,-7.6265185505666269,-0.80187178466870401,0
1482.0000000530854,-716.38991846455315,6740.172599828491,0,-7.6256064588346124,-0.81049965833706994,0
1482.999999972526,-724.01506481051331,6739.3577866651221,0,-7.6246846063999314,-0.81912649457369591,0
1483.9999998919666,-731.63928442417875,6738.5343471888345,0,-7.6237529944425466,-0.82775228233631493,0
1485.0000001257285,-739.26256754662165,6737.7022824536225,0,-7.6228116241549131,-0.83637701058400193,0
1486.0000000451691,-746.88490442011334,6736.8615935245198,0,-7.6218604967419745,-0.84500066827718778,0
1486.9999999646097,-754.50628528813616,6736.0122814776005,0,-7.620899613421166,-0.85362324437767423,0
1487.9999998840503,-762.12670039539603,6735.1543473999764,0,-7.6199289754224067,-0.86224472784864681,0
1489.0000001178123,-769.7461399878357,6734.2877923897913,0,-7.6189485839881055,-0.87086510765469016,0
1490.0000000372529,-777.36459431264541,6733.4126175562305,0,-7.6179584403731546,-0.87948437276180103,0
1490.9999999566935,-784.98205361827752,6732.5288240195105,0,-7.616958545844926,-0.88810251213740354,0
1491.9999998761341,-792.59850815445748,6731.636412910877,0,-7.615948901683276,-0.89671951475036216,0
1493.0000001098961,-800.21394817219698,6730.7353853726081,0,-7.6149295091805396,-0.90533536957099703,0
1494.0000000293367,-807.82836392380636,6729.8257425580105,0,-7.6139003696415291,-0.91395006557109704,0
1494.9999999487773,-815.44174566290701,6728.9074856314173,0,-7.6128614843835347,-0.92256359172393432,0
1495.9999998682179,-823.05408364444361,6727.9806157681869,0,-7.6118128547363195,-0.93117593700427859,0
1497.0000001019798,-830.66536812469712,6727.0451341547068,0,-7.6107544820421174,-0.93978709038841124,0
1498.0000000214204,-838.27558936129697,6726.1010419883842,0,-7.6096863676556348,-0.94839704085413878,0
1498.999999940861,-845.88473761323326,6725.1483404776473,0,-7.6086085129440493,-0.95700577738080761,0
1499.9999998603016,-853.49280314087002,6724.1870308419429,0,-7.6075209192870066,-0.9656132889493183,0
1501.0000000940636,-861.09977620595635,6723.2171143117384,0,-7.6064235880766127,-0.97421956454213909,0
1502.0000000135042,-868.70564707164021,6722.2385921285213,0,-7.60531652071744,-0.98282459314332038,0
1502.9999999329448,-876.31040600248036,6721.2514655447876,0,-7.6041997186265275,-0.99142836373850829,0
1503.9999998523854,-883.914043264459,6720.255735824051,0,-7.6030731832333691,-1.0000308653149599,0
1505.0000000861473,-891.51654912499373,6719.2514042408347,0,-7.6019369159799206,-1.0086320868615559,0
1506.0000000055879,-899.1179138529501,6718.2384720806749,0,-7.6007909183205928,-1.0172320173688161,0
1506.9999999250285,-906.71812771865496,6717.2169406401126,0,-7.5996351917222498,-1.0258306458289121,0
1507.9999998444691,-914.31718099390798,6716.1868112267002,0,-7.5984697376642121,-1.0344279612356828,0
1509.0000000782311,-921.91506395199406,6715.1480851589922,0,-7.59729455763825,-1.0430239525846472,0
1509.9999999976717,-929.51176686769634,6714.1007637665498,0,-7.5961096531485817,-1.0516186088730193,0
1510.9999999171123,-937.10728001730854,6713.0448483899336,0,-7.5949150257118729,-1.0602119190997221,0
1512.0000001508743,-944.7015936786471,6711.9803403807045,0,-7.5937106768572358,-1.0688038722654019,0
1513.0000000703149,-952.29469813106402,6710.9072411014222,0,-7.5924966081262264,-1.077394457372441,0
1513.9999999897555,-959.88658365545859,6709.8255519256445,0,-7.59127282107284,-1.0859836634249731,0
1514.999999909196,-967.47724053429067,6708.7352742379226,0,-7.5900393172635132,-1.0945714794288979,0
1516.000000142958,-975.06665905159286,6707.6364094337996,0,-7.5887960982771174,-1.1031578943918936,0
1517.0000000623986,-982.6548294929828,6706.5289589198155,0,-7.5875431657049628,-1.1117428973234318,0
1517.9999999818392,-990.2417421456754,6705.4129241134942,0,-7.5862805211507895,-1.1203264772347921,0
1518.9999999012798,-997.82738729849575,6704.288306443349,0,-7.5850081662307689,-1.1289086231390746,0
1520.0000001350418,-1005.4117552418911,6703.1551073488818,0,-7.5837261025735057,-1.1374893240512158,0
1521.0000000544824,-1012.9948362679439,6702.0133282805746,0,-7.5824343318200276,-1.146068568988001,0
1521.999999973923,-1020.5766206703834,6700.8629706998918,0,-7.5811328556237889,-1.1546463469680794,0
1522.9999998933636,-1028.1570987445991,6699.7040360792835,0,-7.5798216756506669,-1.163222647011978,0
1524.0000001271255,-1035.7362607876519,6698.5365259021737,0,-7.5785007935789608,-1.171797458142116,0
1525.0000000465661,-1043.3140970982872,6697.3604416629641,0,-7.5771702110993848,-1.1803707693828176,0
1525.9999999660067,-1050.8905979769488,6696.1757848670313,0,-7.5758299299150718,-1.1889425697603269,0
1526.9999998854473,-1058.4657537257879,6694.982557030723,0,-7.5744799517415693,-1.1975128483028226,0
1528.0000001192093,-1066.0395546486782,6693.7807596813609,0,-7.5731202783068365,-1.2060815940404306,0
1529.0000000386499,-1073.6119910512277,6692.5703943572325,0,-7.5717509113512431,-1.214648796005239,0
1529.9999999580905,-1081.1830532407912,6691.3514626075967,0,-7.570371852627563,-1.2232144432313121,0
1530.9999998775311,-1088.752731526482,6690.1239659926714,0,-7.5689831039009805,-1.2317785247547042,0
1532.000000111293,-1096.3210162191845,6688.8879060836425,0,-7.5675846669490792,-1.2403410296134731,0
1533.0000000307336,-1103.8878976315677,6687.6432844626524,0,-7.5661765435618449,-1.2489019468476961,0
1533.9999999501742,-1111.4533660780967,6686.3901027228067,0,-7.5647587355416626,-1.2574612654994812,0
1534.9999998696148,-1119.0174118750447,6685.1283624681655,0,-7.5633312447033125,-1.2660189746129837,0
1536.0000001033768,-1126.5800253405059,6683.8580653137442,0,-7.5618940728739705,-1.2745750632344179,0
1537.0000000228174,-1134.1411967944082,6682.5792128855128,0,-7.5604472218932006,-1.2831295204120734,0
1537.999999942258,-1141.7009165585255,6681.2918068203871,0,-7.5589906936129578,-1.2916823351963271,0
1538.9999998616986,-1149.2591749564888,6679.9958487662352,0,-7.5575244898975864,-1.3002334966396585,0
1540.0000000954606,-1156.8159623138013,6678.6913403818708,0,-7.5560486126238118,-1.3087829937966642,0
1541.0000000149012,-1164.3712689578472,6677.3782833370506,0,-7.5545630636807424,-1.3173308157240697,0
1541.9999999343418,-1171.9250852179071,6676.056679312479,0,-7.5530678449698669,-1.3258769514807458,0
1542.9999998537824,-1179.4774014251691,6674.7265299997944,0,-7.5515629584050519,-1.3344213901277213,0
1544.0000000875443,-1187.0282079127412,6673.3878371015744,0,-7.5500484059125368,-1.3429641207281966,0
1545.0000000069849,-1194.5774950156642,6672.0406023313326,0,-7.5485241894309327,-1.3515051323475598,0
1545.9999999264255,-1202.1252530709237,6670.6848274135182,0,-7.5469903109112231,-1.3600444140533983,0
1546.9999998458661,-1209.6714724174617,6669.320514083508,0,-7.5454467723167573,-1.3685819549155134,0
1548.0000000796281,-1217.2161433961908,6667.9476640876119,0,-7.5438935756232501,-1.3771177440059359,0
1548.9999999990687,-1224.7592563500048,6666.5662791830637,0,-7.5423307228187788,-1.3856517703989377,0
1549.9999999185093,-1232.3008016237916,6665.1763611380211,0,-7.5407582159037805,-1.3941840231710474,0
1551.0000001522712,-1239.8407695644464,6663.7779117315686,0,-7.5391760568910486,-1.4027144914010639,0
1552.0000000717118,-1247.3791505208828,6662.3709327537063,0,-7.5375842478057296,-1.41124316417007,0
1552.9999999911524,-1254.915934844046,6660.9554260053537,0,-7.535982790685325,-1.4197700305614471,0
1553.999999910593,-1262.4511128869249,6659.5313932983472,0,-7.5343716875796849,-1.4282950796608886,0
1555.000000144355,-1269.9846750045642,6658.0988364554332,0,-7.532750940551006,-1.4368183005564139,0
1556.0000000637956,-1277.5166115540771,6656.6577573102722,0,-7.5311205516738262,-1.4453396823383824,0
1556.9999999832362,-1285.0469128946581,6655.2081577074296,0,-7.5294805230350299,-1.4538592140995079,0
1557.9999999026768,-1292.5755693875931,6653.7500395023808,0,-7.5278308567338366,-1.4623768849348719,0
1559.0000001364388,-1300.1025713962752,6652.2834045615036,0,-7.526171554881806,-1.4708926839419376,0
1560.0000000558794,-1307.6279092862144,6650.8082547620734,0,-7.5245026196028251,-1.4794066002205646,0
1560.99999997532,-1315.1515734250506,6649.324591992272,0,-7.5228240530331165,-1.4879186228730223,0
1561.9999998947605,-1322.6735541825667,6647.8324181511716,0,-7.5211358573212292,-1.4964287410040036,0
1563.0000001285225,-1330.1938419306994,6646.3317351487385,0,-7.5194380346280383,-1.5049369437206401,0
1564.0000000479631,-1337.7124270435529,6644.8225449058345,0,-7.5177305871267395,-1.5134432201325139,0
1564.9999999674037,-1345.2292998974115,6643.3048493542074,0,-7.5160135170028486,-1.5219475593516736,0
1565.9999998868443,-1352.7444508707501,6641.7786504364922,0,-7.5142868264541995,-1.530449950492647,0
1567.0000001206063,-1360.2578703442482,6640.243950106209,0,-7.5125505176909391,-1.5389503826724551,0
1568.0000000400469,-1367.7695487008009,6638.7007503277628,0,-7.510804592935524,-1.5474488450106272,0
1568.9999999594875,-1375.2794763255331,6637.1490530764295,0,-7.5090490544227251,-1.5559453266292129,0
1569.9999998789281,-1382.7876436058095,6635.5888603383692,0,-7.5072839043996114,-1.5644398166527986,0
1571.00000011269,-1390.2940409312484,6634.020174110613,0,-7.5055091451255596,-1.572932304208519,0
1572.0000000321306,-1397.7986586937341,6632.4429964010651,0,-7.5037247788722441,-1.5814227784260719,0
1572.9999999515712,-1405.3014872874278,6630.8573292284964,0,-7.5019308079236362,-1.5899112284377317,0
1573.9999998710118,-1412.8025171087818,6629.2631746225461,0,-7.5001272345760022,-1.5983976433783647,0
1575.0000001047738,-1420.3017385565495,6627.6605346237175,0,-7.4983140611378971,-1.6068820123854415,0
1576.0000000242144,-1427.7991420318006,6626.049411283373,0,-7.4964912899301668,-1.6153643245990514,0
1576.999999943655,-1435.2947179379307,6624.4298066637375,0,-7.4946589232859404,-1.6238445691619172,0
1577.9999998630956,-1442.7884566806754,6622.8017228378849,0,-7.492816963550629,-1.6323227352194078,0
1579.0000000968575,-1450.280348668121,6621.1651618897504,0,-7.4909654130819252,-1.6407988119195522,0
1580.0000000162981,-1457.7703843107176,6619.520125914114,0,-7.4891042742497937,-1.6492727884130542,0
1580.9999999357387,-1465.2585540212926,6617.866617016608,0,-7.4872335494364757,-1.6577446538533056,0
1581.9999998551793,-1472.744848215061,6616.2046373137073,0,-7.4853532410364778,-1.6662143973964001,0
1583.0000000889413,-1480.2292573096383,6614.5341889327292,0,-7.4834633514565798,-1.6746820082011484,0
1584.0000000083819,-1487.7117717250535,6612.8552740118312,0,-7.48156388311582,-1.6831474754290896,0
1584.9999999278225,-1495.1923818837597,6611.1678947000082,0,-7.4796548384455006,-1.6916107882445079,0
1585.9999998472631,-1502.6710782106488,6609.4720531570902,0,-7.4777362198891808,-1.7000719358144443,0
1587.0000000810251,-1510.1478511330617,6607.767751553738,0,-7.475808029902673,-1.7085309073087116,0
1588.0000000004657,-1517.6226910808007,6606.0549920714402,0,-7.4738702709540439,-1.7169876918999083,0
1588.9999999199063,-1525.0955884861426,6604.3337769025156,0,-7.4719229455236027,-1.7254422787634309,0
1590.0000001536682,-1532.5665337838514,6602.6041082500988,0,-7.4699660561039103,-1.7338946570774909,0
1591.0000000731088,-1540.0355174111885,6600.8659883281498,0,-7.4679996051997639,-1.742344816023125,0
1591.9999999925494,-1547.5025298079277,6599.1194193614474,0,-7.4660235953282035,-1.7507927447842113,0
1592.99999991199,-1554.967561416365,6597.3644035855814,0,-7.4640380290185018,-1.7592384325474828,0
1594.000000145752,-1562.4306026813322,6595.6009432469555,0,-7.4620429088121645,-1.7676818685025404,0
1595.0000000651926,-1569.8916440502082,6593.8290406027818,0,-7.4600382372629266,-1.7761230418418679,0
1595.9999999846332,-1577.3506759729323,6592.0486979210782,0,-7.4580240169367489,-1.7845619417608445,0
1596.9999999040738,-1584.8076889020156,6590.2599174806683,0,-7.4560002504118135,-1.7929985574577598,0
1598.0000001378357,-1592.2626732925532,6588.4627015711694,0,-7.4539669402785211,-1.8014328781338274,0
1599.0000000572763,-1599.7156196022372,6586.6570524930048,0,-7.4519240891394887,-1.8098648929931977,0
1599.9999999767169,-1607.1665182913684,6584.842972557386,0,-7.4498716996095471,-1.8182945912429742,0
1600.9999998961575,-1614.615359822868,6583.0204640863185,0,-7.4478097743157354,-1.8267219620932234,0
1602.0000001299195,-1622.0621346622913,6581.1895294125952,0,-7.4457383158972963,-1.8351469947569923,0
1603.0000000493601,-1629.5068332778383,6579.350170879794,0,-7.4436573270056785,-1.8435696784503208,0
1603.9999999688007,-1636.9494461403663,6577.5023908422791,0,-7.4415668103045274,-1.8519900023922544,0
1604.9999998882413,-1644.3899637234028,6575.646191665187,0,-7.4394667684696847,-1.8604079558048601,0
1606.0000001220033,-1651.828376503157,6573.781575724438,0,-7.4373572041891816,-1.8688235279132386,0
1607.0000000414439,-1659.2646749585324,6571.9085454067199,0,-7.4352381201632411,-1.877236707945539,0
1607.9999999608845,-1666.6988495711385,6570.0271031094935,0,-7.4331095191042715,-1.8856474851329723,0
1608.999999880325,-1674.1308908253043,6568.1372512409898,0,-7.4309714037368595,-1.8940558487098245,0
1610.000000114087,-1681.5607892080884,6566.2389922201983,0,-7.4288237767977723,-1.9024617879134713,0
1611.0000000335276,-1688.9885352092922,6564.332328476873,0,-7.4266666410359532,-1.9108652919843918,0
1611.9999999529682,-1696.414119321473,6562.4172624515259,0,-7.4244999992125154,-1.9192663501661824,0
1612.9999998724088,-1703.8375320399543,6560.4937965954214,0,-7.422323854100739,-1.9276649517055686,0
1614.0000001061708,-1711.2587638628399,6558.561933370579,0,-7.4201382084860681,-1.9360610858524223,0
1615.0000000256114,-1718.6778052910245,6556.621675249763,0,-7.4179430651661082,-1.9444547418597729,0
1615.999999945052,-1726.0946468282068,6554.6730247164887,0,-7.4157384269506208,-1.952845908983821,0
1616.9999998644926,-1733.5092789809014,6552.7159842650044,0,-7.4135242966615218,-1.9612345764839545,0
1618.0000000982545,-1740.9216922584499,6550.7505564003068,0,-7.4113006771328784,-1.96962073362276,0
1619.0000000176951,-1748.331877173036,6548.7767436381228,0,-7.409067571210902,-1.9780043696660368,0
1619.9999999371357,-1755.7398242396937,6546.7945485049167,0,-7.4068249817539442,-1.9863854738828115,0
1620.9999998565763,-1763.1455239763225,6544.8039735378761,0,-7.4045729116325001,-1.9947640355453522,0
1622.0000000903383,-1770.5489669036981,6542.8050212849184,0,-7.4023113637291962,-2.00314004392918,0
1623.0000000097789,-1777.9501435454852,6540.7976943046833,0,-7.4000403409387934,-2.0115134883130859,0
1623.9999999292195,-1785.349044428249,6538.7819951665315,0,-7.3977598461681788,-2.0198843579791408,0
1624.9999998486601,-1792.7456600814678,6536.7579264505357,0,-7.3954698823363616,-2.028252642212713,0
1626.000000082422,-1800.1399810375449,6534.7254907474871,0,-7.3931704523744761,-2.0366183303024803,0
1627.0000000018626,-1807.5319978318209,6532.6846906588826,0,-7.390861559225768,-2.0449814115404412,0
1627.9999999213032,-1814.9217010025857,6530.6355287969263,0,-7.3885432058455986,-2.0533418752219337,0
1629.0000001550652,-1822.3090810910908,6528.5780077845247,0,-7.3862153952014395,-2.0616997106456454,0
1630.0000000745058,-1829.6941286415602,6526.512130255287,0,-7.3838781302728664,-2.0700549071136263,0
1630.9999999939464,-1837.076834201205,6524.4378988535145,0,-7.3815314140515529,-2.0784074539313058,0
1631.999999913387,-1844.4571883202334,6522.3553162342041,0,-7.3791752495412757,-2.0867573404075048,0
1633.000000147149,-1851.8351815518631,6520.264385063042,0,-7.3768096397579015,-2.0951045558544483,0
1634.0000000665896,-1859.2108044523336,6518.1651080163983,0,-7.3744345877293895,-2.1034490895877829,0
1634.9999999860302,-1866.5840475809196,6516.0574877813297,0,-7.3720500964957809,-2.1117909309265839,0
1635.9999999054708,-1873.9549014999411,6513.941527055571,0,-7.3696561691092022,-2.1201300691933764,0
1637.0000001392327,-1881.3233567747752,6511.8172285475266,0,-7.3672528086338582,-2.1284664937141433,0
1638.0000000586733,-1888.6894039738709,6509.6845949762801,0,-7.364840018146027,-2.1368001938183423,0
1638.9999999781139,-1896.0530336687589,6507.5436290715843,0,-7.3624178007340557,-2.1451311588389168,0
1639.9999998975545,-1903.4142364340642,6505.3943335738522,0,-7.3599861594983595,-2.1534593781123128,0
1641.0000001313165,-1910.7730028475182,6503.2367112341626,0,-7.3575450975514176,-2.1617848409784899,0
1642.0000000507571,-1918.1293234899708,6501.0707648142488,0,-7.3550946180177643,-2.170107536780935,0
1642.9999999701977,-1925.4831889454033,6498.8964970865036,0,-7.3526347240339902,-2.1784274548666795,0
1643.9999998896383,-1932.8345898009381,6496.7139108339697,0,-7.3501654187487357,-2.1867445845863074,0
1645.0000001234002,-1940.1835166468536,6494.5230088503376,0,-7.3476867053226886,-2.1950589152939726,0
1646.0000000428408,-1947.5299600765941,6492.3237939399369,0,-7.3451985869285776,-2.2033704363474125,0
1646.9999999622814,-1954.8739106867827,6490.1162689177418,0,-7.342701066751169,-2.2116791371079603,0
1647.999999881722,-1962.2153590772339,6487.9004366093632,0,-7.3401941479872663,-2.21998500694056,0
1649.000000115484,-1969.5542958509645,6485.6762998510467,0,-7.3376778338457003,-2.2282880352137773,0
1650.0000000349246,-1976.8907116142063,6483.4438614896644,0,-7.3351521275473273,-2.236588211299817,0
1650.9999999543652,-1984.2245969764176,6481.2031243827169,0,-7.3326170323250306,-2.2448855245745336,0
1651.9999998738058,-1991.5559425502965,6478.9540913983265,0,-7.3300725514237035,-2.2531799644174453,0
1653.0000001075678,-1998.8847389517907,6476.6967654152322,0,-7.3275186881002599,-2.2614715202117495,0
1654.0000000270084,-2006.2109768001121,6474.4311493227906,0,-7.3249554456236208,-2.2697601813443367,0
1654.999999946449,-2013.5346467177465,6472.1572460209691,0,-7.3223828272747111,-2.278045937205798,0
1655.9999998658895,-2020.8557393304677,6469.8750584203399,0,-7.3198008363464568,-2.2863287771904472,0
1657.0000000996515,-2028.1742452673477,6467.5845894420818,0,-7.3172094761437805,-2.2946086906963292,0
1658.0000000190921,-2035.4901551607693,6465.2858420179728,0,-7.3146087499835986,-2.3028856671252345,0
1658.9999999385327,-2042.8034596464386,6462.9788190903873,0,-7.3119986611948171,-2.3111596958827123,0
1659.9999998579733,-2050.1141493633963,6460.663523612292,0,-7.3093792131183228,-2.3194307663780869,0
1661.0000000917353,-2057.4222149540296,6458.3399585472453,0,-7.3067504091069857,-2.3276988680244672,0
1662.0000000111759,-2064.7276470640863,6456.0081268693866,0,-7.3041122525256466,-2.335963990238763,0
1662.9999999306165,-2072.0304363426831,6453.6680315634376,0,-7.3014647467511242,-2.3442261224416976,0
1663.9999998500571,-2079.3305734423202,6451.3196756246971,0,-7.2988078951721995,-2.3524852540578212,0
1665.000000083819,-2086.6280490188929,6448.9630620590397,0,-7.2961417011896161,-2.3607413745155261,0
1666.0000000032596,-2093.9228537317022,6446.5981938829073,0,-7.2934661682160744,-2.3689944732470565,0
1666.9999999227002,-2101.214978243469,6444.2250741233074,0,-7.2907812996762349,-2.377244539688526,0
1668.0000001564622,-2108.5044132203443,6441.8437058178115,0,-7.2880870990067006,-2.3854915632799303,0
1669.0000000759028,-2115.7911493319211,6439.4540920145482,0,-7.2853835696560232,-2.3937355334651569,0
1669.9999999953434,-2123.0751772512485,6437.0562357722001,0,-7.2826707150846932,-2.4019764396920058,0
1670.999999914784,-2130.3564876548417,6434.6501401600008,0,-7.2799485387651384,-2.4102142714121952,0
1672.000000148546,-2137.6350712226917,6432.2358082577275,0,-7.2772170441817199,-2.4184490180813798,0
1673.0000000679865,-2144.9109186382825,6429.8132431557024,0,-7.2744762348307219,-2.4266806691591634,0
1673.9999999874271,-2152.1840205885997,6427.3824479547857,0,-7.271726114220356,-2.4349092141091129,0
1674.9999999068677,-2159.4543677641432,6424.9434257663715,0,-7.2689666858707485,-2.4431346423987694,0
1676.0000001406297,-2166.7219508589387,6422.4961797123842,0,-7.2661979533139434,-2.4513569434996652,0
1677.0000000600703,-2173.9867605705494,6420.0407129252771,0,-7.2634199200938889,-2.459576106887333,0
1677.9999999795109,-2181.2487876000901,6417.577028548023,0,-7.260632589766443,-2.4677921220413235,0
1678.9999998989515,-2188.508022652235,6415.1051297341119,0,-7.2578359658993614,-2.4760049784452156,0
1680.0000001327135,-2195.7644564352349,6412.625019647553,0,-7.2550300520722937,-2.484214665586634,0
1681.0000000521541,-2203.0180796609238,6410.1367014628631,0,-7.2522148518767846,-2.4924211729572572,0
1681.9999999715947,-2210.2688830447346,6407.6401783650626,0,-7.2493903689162611,-2.5006244900528358,0
1682.9999998910353,-2217.5168573057076,6405.1354535496812,0,-7.2465566068060356,-2.5088246063732034,0
1684.0000001247972,-2224.7619931665058,6402.6225302227404,0,-7.2437135691732975,-2.5170215114222896,0
1685.0000000442378,-2232.0042813534255,6400.1014116007582,0,-7.2408612596571054,-2.5252151947081347,0
1685.9999999636784,-2239.2437125964084,6397.572100910741,0,-7.2379996819083887,-2.5334056457429028,0
1686.999999883119,-2246.4802776290517,6395.0346013901826,0,-7.2351288395899385,-2.5415928540428965,0
1688.000000116881,-2253.7139671886225,6392.4889162870595,0,-7.2322487363764054,-2.5497768091285686,0
1689.0000000363216,-2260.9447720160679,6389.935048859822,0,-7.2293593759542949,-2.5579575005245352,0
1689.9999999557622,-2268.1726828560277,6387.373002377396,0,-7.2264607620219579,-2.56613491775959,0
1690.9999998752028,-2275.3976904568449,6384.8027801191774,0,-7.2235528982895962,-2.5743090503667179,0
1692.0000001089647,-2282.61978557058,6382.2243853750251,0,-7.2206357884792443,-2.5824798878831077,0
1693.0000000284053,-2289.8389589530216,6379.6378214452598,0,-7.2177094363247756,-2.5906474198501672,0
1693.9999999478459,-2297.0552013636961,6377.0430916406594,0,-7.2147738455718917,-2.5988116358135338,0
1694.9999998672865,-2304.2685035658842,6374.4401992824505,0,-7.211829019978123,-2.6069725253230898,0
1696.0000001010485,-2311.4788563266279,6371.8291477023122,0,-7.208874963312816,-2.6151300779329758,0
1697.0000000204891,-2318.6862504167461,6369.2099402423655,0,-7.2059116793571336,-2.6232842832016026,0
1697.9999999399297,-2325.8906766108439,6366.582580255169,0,-7.2029391719040525,-2.6314351306916661,0
1698.9999998593703,-2333.0921256873235,6363.9470711037184,0,-7.1999574447583532,-2.63958260997016,0
1700.0000000931323,-2340.2905884284014,6361.3034161614405,0,-7.1969665017366182,-2.6477267106083908,0
1701.0000000125729,-2347.4860556201143,6358.6516188121886,0,-7.1939663466672235,-2.6558674221819869,0
1701.9999999320135,-2354.6785180523339,6355.991682450237,0,-7.1909569833903424,-2.6640047342709168,0
1702.999999851454,-2361.8679665187765,6353.32361048028,0,-7.1879384157579276,-2.6721386364594997,0
1704.000000085216,-2369.0543918170188,6350.6474063174228,0,-7.1849106476337168,-2.6802691183364185,0
1705.0000000046566,-2376.2377847485045,6347.9630733871809,0,-7.1818736828932241,-2.6883961694947356,0
1705.9999999240972,-2383.4181361185611,6345.2706151254743,0,-7.1788275254237357,-2.6965197795319034,0
1706.9999998435378,-2390.5954367364079,6342.570034978623,0,-7.1757721791243032,-2.7046399380497808,0
1708.0000000772998,-2397.7696774151696,6339.8613364033445,0,-7.1727076479057423,-2.7127566346546419,0
1708.9999999967404,-2404.9408489718871,6337.144522866748,0,-7.1696339356906211,-2.7208698589571934,0
1709.999999916181,-2412.1089422275295,6334.4195978463258,0,-7.1665510464132627,-2.7289796005725866,0
1711.0000001499429,-2419.2739480070077,6331.6865648299563,0,-7.1634589840197362,-2.7370858491204313,0
1712.0000000693835,-2426.4358571391831,6328.9454273158963,0,-7.1603577524678501,-2.7451885942248073,0
1712.9999999888241,-2433.5946604568803,6326.1961888127771,0,-7.1572473557271499,-2.7532878255142781,0
1713.9999999082647,-2440.7503487969007,6323.4388528395948,0,-7.1541277977789157,-2.7613835326219065,0
1715.0000001420267,-2447.9029130000322,6320.6734229257145,0,-7.15099908261615,-2.7694757051852652,0
1716.0000000614673,-2455.0523439110621,6317.8999026108595,0,-7.1478612142435791,-2.7775643328464521,0
1716.9999999809079,-2462.1986323787878,6315.1182954451078,0,-7.1447141966776435,-2.7856494052521015,0
1717.9999999003485,-2469.3417692560288,6312.3286049888902,0,-7.1415580339464961,-2.7937309120533991,0
1719.0000001341105,-2476.4817453996393,6309.5308348129838,0,-7.1383927300899952,-2.8018088429060941,0
1720.000000053551,-2483.6185516705177,6306.7249884985067,0,-7.1352182891596989,-2.809883187470513,0
1720.9999999729916,-2490.7521789336215,6303.9110696369171,0,-7.1320347152188592,-2.8179539354115719,0
1721.9999998924322,-2497.8826180579767,6301.0890818300022,0,-7.128842012342421,-2.8260210763987921,0
1723.0000001261942,-2505.0098599166909,6298.2590286898776,0,-7.1256401846170148,-2.8340846001063098,0
1724.0000000456348,-2512.1338953869608,6295.4209138389879,0,-7.122429236140948,-2.8421444962128946,0
1724.9999999650754,-2519.2547153500918,6292.5747409100914,0,-7.1192091710242034,-2.8502007544019565,0
1725.999999884516,-2526.3723106915027,6289.7205135462618,0,-7.1159799933884322,-2.8582533643615622,0
1727.000000118278,-2533.4866723007394,6286.8582354008822,0,-7.1127417073669514,-2.8663023157844485,0
1728.0000000377186,-2540.5977910714892,6283.9879101376409,0,-7.109494317104736,-2.8743475983680358,0
1728.9999999571592,-2547.7056579015871,6281.1095414305273,0,-7.1062378267584156,-2.8823892018144401,0
1729.9999998765998,-2554.8102636930334,6278.2231329638225,0,-7.1029722404962641,-2.8904271158304864,0
1731.0000001103617,-2561.9115993520008,6275.3286884321042,0,-7.0996975624982026,-2.8984613301277227,0
1732.0000000298023,-2569.0096557888482,6272.4262115402335,0,-7.0964137969557859,-2.9064918344224315,0
1732.9999999492429,-2576.104423918131,6269.5157060033525,0,-7.0931209480722011,-2.914518618435646,0
1733.9999998686835,-2583.1958946586165,6266.5971755468818,0,-7.0898190200622651,-2.9225416718931587,0
1735.0000001024455,-2590.2840589332886,6263.6706239065088,0,-7.086508017152414,-2.9305609845255391,0
1736.0000000218861,-2597.3689076693677,6260.736054828194,0,-7.0831879435806977,-2.9385765460681443,0
1736.9999999413267,-2604.4504317983128,6257.7934720681569,0,-7.0798588035967791,-2.9465883462611333,0
1737.9999998607673,-2611.5286222558434,6254.8428793928742,0,-7.076520601461926,-2.9545963748494799,0
1739.0000000945292,-2618.6034699819429,6251.8842805790764,0,-7.0731733414490066,-2.962600621582983,0
1740.0000000139698,-2625.6749659208754,6248.9176794137411,0,-7.0698170278424763,-2.9706010762162851,0
1740.9999999334104,-2632.7431010211944,6245.9430796940915,0,-7.0664516649383895,-2.9785977285088814,0
1741.999999852851,-2639.8078662357548,6242.9604852275834,0,-7.0630772570443758,-2.9865905682251341,0
1743.000000086613,-2646.8692525217257,6239.96989983191,0,-7.0596938084796452,-2.9945795851342862,0
1744.0000000060536,-2653.9272508406016,6236.9713273349917,0,-7.0563013235749779,-3.0025647690104718,0
1744.9999999254942,-2660.981852158211,6233.9647715749734,0,-7.0528998066727215,-3.0105461096327333,0
1745.9999998449348,-2668.0330474447323,6230.9502364002165,0,-7.0494892621267873,-3.0185235967850321,0
1747.0000000786968,-2675.0808276747043,6227.9277256692958,0,-7.0460696943026377,-3.0264972202562612,0
1747.9999999981374,-2682.1251838270373,6224.8972432509991,0,-7.0426411075772881,-3.0344669698402598,0
1748.999999917578,-2689.1661068850217,6221.858793024312,0,-7.0392035063392937,-3.0424328353358256,0
1750.0000001513399,-2696.2035878363445,6218.8123788784214,0,-7.0357568949887526,-3.0503948065467261,0
1751.0000000707805,-2703.2376176730982,6215.7580047127103,0,-7.0323012779372931,-3.0583528732817169,0
1751.9999999902211,-2710.2681873917932,6212.6956744367471,0,-7.0288366596080731,-3.0663070253545488,0
1752.9999999096617,-2717.2952879933673,6209.6253919702831,0,-7.0253630444357684,-3.0742572525839837,0
1754.0000001434237,-2724.3189104831999,6206.547161243252,0,-7.021880436866577,-3.0822035447938076,0
1755.0000000628643,-2731.3390458711206,6203.4609861957588,0,-7.018388841358199,-3.0901458918128433,0
1755.9999999823049,-2738.3556851714256,6200.3668707780798,0,-7.014888262379845,-3.0980842834749622,0
1756.9999999017455,-2745.3688194028832,6197.2648189506508,0,-7.0113787044122207,-3.106018709619101,0
1758.0000001355074,-2752.378439588751,6194.1548346840682,0,-7.0078601719475273,-3.1139491600892706,0
1759.000000054948,-2759.384536756781,6191.0369219590821,0,-7.0043326694894521,-3.12187562473457,0
1759.9999999743886,-2766.3871019392368,6187.9110847665906,0,-7.0007962015531655,-3.1297980934092013,0
1760.9999998938292,-2773.386126172903,6184.7773271076358,0,-6.9972507726653115,-3.137716555972482,0
1762.0000001275912,-2780.3816004990958,6181.6356529933955,0,-6.9936963873640048,-3.1456310022888565,0
1763.0000000470318,-2787.3735159636758,6178.4860664451844,0,-6.9901330501988248,-3.1535414222279083,0
1763.9999999664724,-2794.361863617059,6175.3285714944404,0,-6.9865607657308075,-3.1614478056643773,0
1764.999999885913,-2801.3466345142274,6172.163172182728,0,-6.9829795385324429,-3.1693501424781689,0
1766.000000119675,-2808.3278197147415,6168.9898725617295,0,-6.9793893731876686,-3.1772484225543676,0
1767.0000000391155,-2815.3054102827527,6165.8086766932347,0,-6.9757902742918603,-3.1851426357832513,0
1767.9999999585561,-2822.2793972870109,6162.619588649146,0,-6.9721822464518297,-3.1930327720603047,0
1768.9999998779967,-2829.2497718008808,6159.4226125114656,0,-6.9685652942858169,-3.2009188212862276,0
1770.0000001117587,-2836.2165249023506,6156.2177523722894,0,-6.9649394224234884,-3.2088007733669546,0
1771.0000000311993,-2843.1796476740433,6153.0050123338096,0,-6.9613046355059254,-3.2166786182136624,0
1771.9999999506399,-2850.1391312032288,6149.7843965083021,0,-6.9576609381856187,-3.224552345742786,0
1772.9999998700805,-2857.0949665818343,6146.5559090181232,0,-6.9540083351264634,-3.2324219458760295,0
1774.0000001038425,-2864.0471449064598,6143.319553995706,0,-6.9503468310037579,-3.240287408540381,0
1775.0000000232831,-2870.9956572783822,6140.0753355835532,0,-6.9466764305041933,-3.2481487236681246,0
1775.9999999427237,-2877.940494803574,6136.8232579342357,0,-6.942997138325846,-3.2560058811968529,0
1776.9999998621643,-2884.88164859271,6133.5633252103771,0,-6.939308959178172,-3.2638588710694796,0
1778.0000000959262,-2891.8191097611807,6130.2955415846636,0,-6.9356118977820094,-3.2717076832342533,0
1779.0000000153668,-2898.7528694291022,6127.0199112398268,0,-6.9319059588695584,-3.2795523076447703,0
1779.9999999348074,-2905.6829187213284,6123.736438368639,0,-6.9281911471843847,-3.2873927342599876,0
1780.999999854248,-2912.6092487674646,6120.4451271739154,0,-6.9244674674814135,-3.2952289530442331,0
1782.00000008801,-2919.5318507018737,6117.1459818685025,0,-6.9207349245269159,-3.3030609539672251,0
1783.0000000074506,-2926.4507156636942,6113.8390066752754,0,-6.9169935230985136,-3.3108887270040763,0
1783.9999999268912,-2933.3658347968435,6110.5242058271306,0,-6.9132432679851643,-3.3187122621353131,0
1784.9999998463318,-2940.2771992500366,6107.201583566979,0,-6.9094841639871571,-3.3265315493468859,0
1786.0000000800937,-2947.1848001767935,6103.8711441477453,0,-6.905716215916109,-3.3343465786301829,0
1786.9999999995343,-2954.0886287354524,6100.5328918323612,0,-6.9019394285949582,-3.3421573399820419,0
1787.9999999189749,-2960.9886760891786,6097.1868308937565,0,-6.8981538068579535,-3.3499638234047637,0
1789.0000001527369,-2967.8849334059782,6093.832965614858,0,-6.894359355550657,-3.3577660189061245,0
1790.0000000721775,-2974.7773918587086,6090.4713002885801,0,-6.8905560795299294,-3.36556391649939,0
1790.9999999916181,-2981.6660426250892,6087.1018392178221,0,-6.8867439836639255,-3.3733575062033259,0
1791.9999999110587,-2988.5508768877135,6083.7245867154634,0,-6.8829230728320931,-3.3811467780422135,0
1793.0000001448207,-2995.4318858340607,6080.3395471043505,0,-6.8790933519251585,-3.388931722045859,0
1794.0000000642613,-3002.3090606565052,6076.9467247173034,0,-6.87525482584513,-3.3967123282496097,0
1794.9999999837019,-3009.1823925523299,6073.5461238971029,0,-6.8714074995052847,-3.4044885866943644,0
1795.9999999031425,-3016.0518727237363,6070.1377489964862,0,-6.8675513778301616,-3.4122604874265892,0
1797.0000001369044,-3022.9174923778573,6066.7216043781382,0,-6.8636864657555581,-3.4200280204983247,0
1798.000000056345,-3029.7792427267646,6063.2976944146903,0,-6.859812768228525,-3.4277911759672017,0
1798.9999999757856,-3036.6371149874835,6059.8660234887166,0,-6.8559302902073602,-3.4355499438964587,0
1799.9999998952262,-3043.4911003820048,6056.4265959927225,0,-6.8520390366615951,-3.4433043143549473,0
1801.0000001289882,-3050.3411901372924,6052.9794163291399,0,-6.8481390125719983,-3.4510542774171475,0
1802.0000000484288,-3057.1873754852982,6049.5244889103269,0,-6.8442302229305616,-3.4587998231631825,0
1802.9999999678694,-3064.0296476629705,6046.0618181585569,0,-6.8403126727405006,-3.4665409416788271,0
1803.99999988731,-3070.8679979122676,6042.5914085060158,0,-6.8363863670162397,-3.4742776230555239,0
1805.0000001210719,-3077.7024174801663,6039.1132643947949,0,-6.8324513107834131,-3.4820098573903961,0
1806.0000000405125,-3084.5328976186765,6035.6273902768817,0,-6.8285075090788538,-3.4897376347862599,0
1806.9999999599531,-3091.3594295848497,6032.1337906141644,0,-6.8245549669505889,-3.4974609453516328,0
1807.9999998793937,-3098.1820046407897,6028.6324698784165,0,-6.8205936894578372,-3.505179779200752,0
1809.0000001131557,-3105.000614053668,6025.1234325512951,0,-6.8166236816709933,-3.5128941264535856,0
1810.0000000325963,-3111.8152490957282,6021.6066831243334,0,-6.8126449486716298,-3.5206039772358437,0
1810.9999999520369,-3118.6259010443046,6018.0822260989371,0,-6.8086574955524881,-3.5283093216789911,0
1811.9999998714775,-3125.4325611818276,6014.5500659863765,0,-6.8046613274174677,-3.5360101499202612,0
1813.0000001052395,-3132.2352207958393,6011.0102073077833,0,-6.8006564493816244,-3.5437064521026684,0
1814.00000002468,-3139.033871179,6007.4626545941419,0,-6.7966428665711662,-3.5513982183750206,0
1814.9999999441206,-3145.8285036291027,6003.9074123862865,0,-6.7926205841234388,-3.5590854388919309,0
1815.9999998635612,-3152.6191094490841,6000.3444852348912,0,-6.7885896071869229,-3.5667681038138306,0
1817.0000000973232,-3159.4056799470341,5996.7738777004688,0,-6.7845499409212344,-3.5744462033069837,0
1818.0000000167638,-3166.1882064362076,5993.1955943533621,0,-6.7805015904971047,-3.5821197275434962,0
1818.9999999362044,-3172.9666802350362,5989.609639773741,0,-6.7764445610963833,-3.589788666701331,0
1819.999999855645,-3179.7410926671387,5986.0160185515906,0,-6.7723788579120283,-3.5974530109643208,0
1821.000000089407,-3186.5114350613339,5982.4147352867139,0,-6.768304486148101,-3.6051127505221787,0
1822.0000000088476,-3193.2776987516477,5978.8057945887176,0,-6.7642214510197594,-3.6127678755705124,0
1822.9999999282882,-3200.0398750773279,5975.1892010770098,0,-6.7601297577532469,-3.6204183763108349,0
1823.9999998477288,-3206.7979553828536,5971.5649593807957,0,-6.7560294115858914,-3.6280642429505789,0
1825.0000000814907,-3213.5519310179484,5967.9330741390704,0,-6.7519204177660983,-3.63570546570311,0
1826.0000000009313,-3220.3017933375877,5964.2935500006124,0,-6.7478027815533377,-3.6433420347877363,0
1826.9999999203719,-3227.0475337020139,5960.6463916239745,0,-6.7436765082181473,-3.650973940429723,0
1828.0000001541339,-3233.7891434767439,5956.9916036774885,0,-6.739541603042114,-3.6586011728603038,0
1829.0000000735745,-3240.5266140325816,5953.3291908392448,0,-6.735398071317876,-3.6662237223166962,0
1829.9999999930151,-3247.2599367456314,5949.6591577970967,0,-6.7312459183491171,-3.6738415790421106,0
1830.9999999124557,-3253.9891029973037,5945.9815092486524,0,-6.7270851494505504,-3.6814547332857623,0
1832.0000001462176,-3260.7141041743321,5942.2962499012665,0,-6.7229157699479218,-3.6890631753028882,0
1833.0000000656582,-3267.4349316687776,5938.6033844720341,0,-6.7187377851779964,-3.6966668953547557,0
1833.9999999850988,-3274.1515768780478,5934.9029176877893,0,-6.7145512004885548,-3.7042658837086764,0
1834.9999999045394,-3280.8640312049001,5931.1948542850914,0,-6.7103560212383835,-3.7118601306380201,0
1836.0000001383014,-3287.5722860574597,5927.4791990102285,0,-6.7061522527972723,-3.7194496264222225,0
1837.000000057742,-3294.2763328492242,5923.7559566192012,0,-6.7019399005460043,-3.7270343613468029,0
1837.9999999771826,-3300.976162999079,5920.0251318777246,0,-6.6977189698763491,-3.7346143257033733,0
1838.9999998966232,-3307.6717679313047,5916.2867295612168,0,-6.6934894661910596,-3.742189509789652,0
1840.0000001303852,-3314.3631390755932,5912.5407544547998,0,-6.6892513949038559,-3.7497599039094776,0
1841.0000000498258,-3321.0502678670537,5908.7872113532831,0,-6.6850047614394308,-3.7573254983728179,0
1841.9999999692664,-3327.7331457462246,5905.0261050611662,0,-6.6807495712334344,-3.7648862834957861,0
1842.999999888707,-3334.4117641590879,5901.2574403926292,0,-6.6764858297324681,-3.7724422496006489,0
1844.0000001224689,-3341.0861145570761,5897.4812221715265,0,-6.67221354239408,-3.779993387015844,0
1845.0000000419095,-3347.7561883970857,5893.6974552313823,0,-6.6679327146867555,-3.7875396860759869,0
1845.9999999613501,-3354.421977141486,5889.9061444153795,0,-6.663643352089915,-3.7950811371218891,0
1846.9999998807907,-3361.0834722581317,5886.107294576359,0,-6.6593454600938999,-3.8026177305005651,0
1848.0000001145527,-3367.7406652203749,5882.3009105768142,0,-6.6550390441999703,-3.8101494565652474,0
1849.0000000339933,-3374.3935475070703,5878.4869972888791,0,-6.6507241099202989,-3.8176763056754002,0
1849.9999999534339,-3381.0421106025942,5874.6655595943257,0,-6.6464006627779568,-3.8251982681967296,0
1850.9999998728745,-3387.6863459968499,5870.8366023845574,0,-6.6420687083069163,-3.8327153345011964,0
1852.0000001066364,-3394.3262451852797,5867.000130560602,0,-6.6377282520520398,-3.840227494967027,0
1853.000000026077,-3400.961799668878,5863.1561490331078,0,-6.633379299569067,-3.8477347399787298,0
1853.9999999455176,-3407.5930009541971,5859.3046627223339,0,-6.6290218564246146,-3.855237059927104,0
1854.9999998649582,-3414.2198405533654,5855.4456765581444,0,-6.6246559281961677,-3.8627344452092505,0
1856.0000000987202,-3420.8423099840911,5851.5791954800052,0,-6.620281520472072,-3.8702268862285893,0
1857.0000000181608,-3427.4604007696776,5847.7052244369743,0,-6.6158986388515286,-3.8777143733948689,0
1857.9999999376014,-3434.074104439032,5843.823768387696,0,-6.6115072889445825,-3.8851968971241777,0
1858.999999857042,-3440.6834125266778,5839.9348323003978,0,-6.6071074763721223,-3.8926744478389574,0
1860.000000090804,-3447.2883165727649,5836.0384211528799,0,-6.6026992067658599,-3.9001470159680158,0
1861.0000000102445,-3453.8888081230798,5832.1345399325119,0,-6.5982824857683422,-3.9076145919465368,0
1861.9999999296851,-3460.4848787290562,5828.2231936362232,0,-6.5938573190329279,-3.9150771662160961,0
1862.9999998491257,-3467.0765199477873,5824.3043872705002,0,-6.5894237122237875,-3.9225347292246702,0
1864.0000000828877,-3473.663723342037,5820.3781258513782,0,-6.5849816710158953,-3.9299872714266515,0
1865.0000000023283,-3480.246480480248,5816.444414404431,0,-6.5805312010950221,-3.937434783282856,0
1865.9999999217689,-3486.8247829365546,5812.5032579647714,0,-6.5760723081577259,-3.9448772552605416,0
1867.0000001555309,-3493.3986222907934,5808.5546615770445,0,-6.5716049979113462,-3.9523146778334164,0
1868.0000000749715,-3499.9679901285135,5804.5986302954143,0,-6.567129276073997,-3.9597470414816502,0
1868.9999999944121,-3506.5328780409873,5800.6351691835616,0,-6.5626451483745605,-3.967174336691889,0
1869.9999999138527,-3513.0932776252216,5796.6642833146789,0,-6.5581526205526748,-3.9745965539572672,0
1871.0000001476146,-3519.6491804839684,5792.6859777714608,0,-6.5536516983587321,-3.9820136837774185,0
1872.0000000670552,-3526.2005782257356,5788.7002576461009,0,-6.5491423875538715,-3.9894257166584888,0
1872.9999999864958,-3532.7474624647971,5784.7071280402834,0,-6.5446246939099657,-3.9968326431131471,0
1873.9999999059364,-3539.2898248212036,5780.7065940651755,0,-6.5400986232096194,-4.0042344536605992,0
1875.0000001396984,-3545.8276569207956,5776.6986608414227,0,-6.5355641812461585,-4.0116311388265995,0
1876.000000059139,-3552.3609503952093,5772.6833334991379,0,-6.5310213738236271,-4.0190226891434602,0
1876.9999999785796,-3558.8896968818935,5768.660617177904,0,-6.5264702067567724,-4.0264090951500719,0
1877.9999998980202,-3565.4138880241162,5764.6305170267588,0,-6.5219106858710463,-4.0337903473919017,0
1879.0000001317821,-3571.9335154709743,5760.5930382041906,0,-6.5173428170025902,-4.0411664364210216,0
1880.0000000512227,-3578.4485708774087,5756.548185878135,0,-6.5127666059982339,-4.0485373527961093,0
1880.9999999706633,-3584.9590459042111,5752.4959652259613,0,-6.5081820587154811,-4.0559030870824602,0
1881.9999998901039,-3591.4649322180362,5748.436381434477,0,-6.5035891810225097,-4.0632636298520044,0
1883.0000001238659,-3597.9662214914119,5744.3694396999063,0,-6.4989879787981568,-4.070618971683321,0
1884.0000000433065,-3604.4629054027514,5740.2951452278958,0,-6.4943784579319184,-4.0779691031616423,0
1884.9999999627471,-3610.9549756363613,5736.2135032335045,0,-6.4897606243239352,-4.08531401487887,0
1885.9999998821877,-3617.4424238824545,5732.124518941192,0,-6.4851344838849929,-4.092653697433593,0
1887.0000001159497,-3623.9252418371611,5728.0281975848211,0,-6.4805000425365051,-4.0999881414310826,0
1888.0000000353903,-3630.4034212025349,5723.9245444076441,0,-6.4758573062105116,-4.1073173374833258,0
1888.9999999548309,-3636.8769536865698,5719.8135646622968,0,-6.4712062808496684,-4.114641276209019,0
1889.9999998742715,-3643.345831003207,5715.6952636107944,0,-6.4665469724072455,-4.1219599482335916,0
1891.0000001080334,-3649.8100448723453,5711.5696465245201,0,-6.461879386847114,-4.1292733441892153,0
1892.000000027474,-3656.2695870198545,5707.4367186842264,0,-6.4572035301437349,-4.1365814547148156,0
1892.9999999469146,-3662.7244491775814,5703.2964853800177,0,-6.4525194082821606,-4.1438842704560788,0
1893.9999998663552,-3669.1746230833655,5699.1489519113566,0,-6.4478270272580227,-4.1511817820654713,0
1895.0000001001172,-3675.6201004810464,5694.9941235870456,0,-6.4431263930775238,-4.158473980202249,0
1896.0000000195578,-3682.0608731204743,5690.8320057252222,0,-6.4384175117574296,-4.1657608555324686,0
1896.9999999389984,-3688.4969327575241,5686.6626036533589,0,-6.4337003893250619,-4.1730423987290015,0
1897.999999858439,-3694.9282711541,5682.4859227082497,0,-6.4289750318182941,-4.1803186004715398,0
1899.0000000922009,-3701.3548800781514,5678.3019682360055,0,-6.4242414452855368,-4.1875894514466179,0
1900.0000000116415,-3707.7767513036815,5674.1107455920483,0,-6.4194996357857343,-4.1948549423476162,0
1900.9999999310821,-3714.1938766107569,5669.9122601411009,0,-6.414749609388358,-4.2021150638747766,0
1901.9999998505227,-3720.6062477855189,5665.7065172571856,0,-6.4099913721733968,-4.2093698067352117,0
1903.0000000842847,-3727.0138566201945,5661.4935223236134,0,-6.4052249302313466,-4.2166191616429245,0
1904.0000000037253,-3733.4166949131059,5657.2732807329776,0,-6.4004502896632074,-4.2238631193188079,0
1904.9999999231659,-3739.8147544686826,5653.0457978871436,0,-6.3956674565804743,-4.2311016704906663,0
1906.0000001569279,-3746.2080270974693,5648.8110791972513,0,-6.3908764371051268,-4.2383348058932251,0
1907.0000000763685,-3752.5965046161391,5644.5691300837007,0,-6.3860772373696228,-4.2455625162681407,0
1907.999999995809,-3758.980178847502,5640.3199559761424,0,-6.3812698635168941,-4.2527847923640119,0
1908.9999999152496,-3765.3590416205175,5636.0635623134813,0,-6.3764543217003293,-4.2600016249363968,0
1910.0000001490116,-3771.733084770302,5631.7999545438579,0,-6.3716306180837767,-4.2672130047478181,0
1911.0000000684522,-3778.1023001381432,5627.5291381246498,0,-6.3667987588415311,-4.2744189225677802,0
1911.9999999878928,-3784.4666795715048,5623.2511185224603,0,-6.3619587501583252,-4.281619369172776,0
1912.9999999073334,-3790.8262149240441,5618.9659012131151,0,-6.3571105982293235,-4.2888143353463066,0
1914.0000001410954,-3797.1808980556161,5614.6734916816495,0,-6.3522543092601156,-4.2960038118788821,0
1915.000000060536,-3803.5307208322888,5610.3738954223054,0,-6.3473898894667018,-4.3031877895680442,0
1915.9999999799766,-3809.87567512635,5606.0671179385254,0,-6.3425173450754935,-4.3103662592183678,0
1916.9999998994172,-3816.2157528163189,5601.753164742946,0,-6.3376366823233008,-4.317539211641483,0
1918.0000001331791,-3822.550945786958,5597.4320413573814,0,-6.3327479074573239,-4.3247066376560781,0
1919.0000000526197,-3828.8812459292808,5593.1037533128274,0,-6.3278510267351491,-4.3318685280879192,0
1919.9999999720603,-3835.2066451405649,5588.7683061494545,0,-6.322946046424736,-4.3390248737698558,0
1920.9999998915009,-3841.5271353243606,5584.4257054165901,0,-6.3180329728044109,-4.3461756655418347,0
1922.0000001252629,-3847.8427083905003,5580.0759566727229,0,-6.3131118121628607,-4.3533208942509072,0
1923.0000000447035,-3854.1533562551122,5575.7190654854894,0,-6.3081825707991248,-4.3604605507512524,0
1923.9999999641441,-3860.4590708406276,5571.3550374316683,0,-6.303245255022583,-4.3675946259041805,0
1924.9999998835847,-3866.7598440757924,5566.9838780971741,0,-6.2982998711529516,-4.3747231105781434,0
1926.0000001173466,-3873.0556678956791,5562.6055930770463,0,-6.2933464255202773,-4.3818459956487477,0
1927.0000000367872,-3879.3465342416926,5558.2201879754493,0,-6.2883849244649204,-4.3889632719987706,0
1927.9999999562278,-3885.6324350615855,5553.8276684056591,0,-6.2834153743375527,-4.396074930518167,0
1928.9999998756684,-3891.9133623094644,5549.4280399900563,0,-6.2784377814991537,-4.4031809621040816,0
1930.0000001094304,-3898.1893079458036,5545.0213083601257,0,-6.273452152320993,-4.4102813576608639,0
1931.000000028871,-3904.4602639374534,5540.6074791564415,0,-6.2684584931846272,-4.4173761081000764,0
1931.9999999483116,-3910.7262222576505,5536.1865580286594,0,-6.263456810481892,-4.4244652043405051,0
1932.9999998677522,-3916.9871748860296,5531.7585506355181,0,-6.2584471106148936,-4.4315486373081763,0
1934.0000001015142,-3923.2431138086308,5527.323462644822,0,-6.2534293999959978,-4.4386263979363649,0
1935.0000000209548,-3929.4940310179122,5522.8812997334435,0,-6.2484036850478297,-4.445698477165605,0
1935.9999999403954,-3935.7399185127606,5518.4320675873059,0,-6.2433699722032516,-4.4527648659437036,0
1936.999999859836,-3941.9807682985002,5513.9757719013869,0,-6.23832826790537,-4.4598255552257529,0
1938.0000000935979,-3948.2165723869039,5509.5124183796997,0,-6.2332785786075169,-4.466880535974135,0
1939.0000000130385,-3954.4473227962021,5505.0420127352927,0,-6.2282209107732438,-4.4739297991585447,0
1939.9999999324791,-3960.6730115510959,5500.5645606902444,0,-6.2231552708763216,-4.4809733357559942,0
1940.9999998519197,-3966.8936306827618,5496.0800679756494,0,-6.2180816654007165,-4.4880111367508224,0
1942.0000000856817,-3973.1091722288684,5491.5885403316133,0,-6.2130001008405955,-4.4950431931347135,0
1943.0000000051223,-3979.3196282335825,5487.0899835072505,0,-6.2079105837003121,-4.5020694959067029,0
1943.9999999245629,-3985.5249907475804,5482.5844032606692,0,-6.2028131204943984,-4.5090900360731911,0
1944.9999998440035,-3991.7252518280575,5478.071805358969,0,-6.1977077177475595,-4.5161048046479539,0
1946.0000000777654,-3997.9204035387402,5473.5521955782324,0,-6.1925943819946614,-4.523113792652155,0
1946.999999997206,-4004.1104379498929,5469.0255797035134,0,-6.1874731197807238,-4.5301169911143582,0
1947.9999999166466,-4010.295347138333,5464.4919635288388,0,-6.1823439376609155,-4.5371143910705367,0
1949.0000001504086,-4016.4751231874347,5459.9513528571943,0,-6.177206842200536,-4.5441059835640871,0
1950.0000000698492,-4022.6497581871449,5455.4037535005154,0,-6.1720618399750196,-4.5510917596458365,0
1950.9999999892898,-4028.819244233991,5450.8491712796877,0,-6.1669089375699198,-4.55807171037406,0
1951.9999999087304,-4034.98357343109,5446.287612024531,0,-6.1617481415809028,-4.5650458268144876,0
1953.0000001424924,-4041.1427378881604,5441.7190815737986,0,-6.156579458613737,-4.5720141000403176,0
1954.000000061933,-4047.2967297215305,5437.143585775164,0,-6.1514028952842859,-4.5789765211322297,0
1954.9999999813735,-4053.44554105415,5432.5611304852173,0,-6.1462184582185015,-4.5859330811783883,0
1955.9999999008141,-4059.589164015601,5427.9717215694582,0,-6.1410261540524136,-4.5928837712744652,0
1957.0000001345761,-4065.727590742104,5423.3753649022838,0,-6.1358259894321172,-4.5998285825236458,0
1958.0000000540167,-4071.8608133765324,5418.7720663669879,0,-6.1306179710137778,-4.606767506036638,0
1958.9999999734573,-4077.9888240684209,5414.1618318557512,0,-6.1254021054636079,-4.6137005329316869,0
1959.9999998928979,-4084.1116149739737,5409.5446672696253,0,-6.120178399457866,-4.6206276543345837,0
1961.0000001266599,-4090.2291782560792,5404.9205785185359,0,-6.114946859682842,-4.6275488613786795,0
1962.0000000461005,-4096.3415060843145,5400.2895715212735,0,-6.1097074928348585,-4.6344641452048974,0
1962.9999999655411,-4102.4485906349591,5395.6516522054826,0,-6.104460305620254,-4.6413734969617417,0
1963.9999998849817,-4108.5504240910032,5391.0068265076534,0,-6.0992053047553778,-4.6482769078053074,0
1965.0000001187436,-4114.6469986421607,5386.35510037312,0,-6.0939424969665801,-4.655174368899293,0
1966.0000000381842,-4120.7383064848736,5381.6964797560468,0,-6.088671888990203,-4.6620658714150203,0
1966.9999999576248,-4126.8243398223276,5377.0309706194239,0,-6.0833934875725753,-4.6689514065314288,0
1967.9999998770654,-4132.9050908644576,5372.3585789350564,0,-6.0781072994699992,-4.6758309654351002,0
1969.0000001108274,-4138.9805518279609,5367.6793106835594,0,-6.0728133314487449,-4.6827045393202678,0
1970.000000030268,-4145.0507149363066,5362.993171854353,0,-6.0675115902850401,-4.6895721193888207,0
1970.9999999497086,-4151.1155724197433,5358.3001684456503,0,-6.0622020827650624,-4.6964336968503249,0
1971.9999998691492,-4157.1751165153146,5353.6003064644501,0,-6.0568848156849322,-4.7032892629220253,0
1973.0000001029111,-4163.2293394668623,5348.8935919265286,0,-6.0515597958506966,-4.7101388088288649,0
1974.0000000223517,-4169.2782335250367,5344.1800308564361,0,-6.0462270300783301,-4.7169823258034906,0
1974.9999999417923,-4175.3217909473142,5339.4596292874849,0,-6.0408865251937218,-4.7238198050862676,0
1975.9999998612329,-4181.360003998001,5334.7323932617455,0,-6.0355382880326678,-4.7306512379252865,0
1977.0000000949949,-4187.3928649482377,5329.9983288300318,0,-6.0301823254408582,-4.7374766155763792,0
1978.0000000144355,-4193.420366076024,5325.2574420519004,0,-6.0248186442738749,-4.7442959293031315,0
1978.9999999338761,-4199.4424996662165,5320.5097389956427,0,-6.0194472513971782,-4.7511091703768855,0
1979.9999998533167,-4205.4592580105409,5315.7552257382713,0,-6.0140681536860967,-4.7579163300767569,0
1981.0000000870787,-4211.4706334076063,5310.9939083655163,0,-6.0086813580258278,-4.7647173996896495,0
1982.0000000065193,-4217.4766181629084,5306.2257929718216,0,-6.0032868713114143,-4.7715123705102576,0
1982.9999999259599,-4223.4772045888467,5301.4508856603261,0,-5.9978847004477487,-4.7783012338410868,0
1983.9999998454005,-4229.4723850047258,5296.6691925428649,0,-5.9924748523495577,-4.7850839809924555,0
1985.0000000791624,-4235.462151736775,5291.8807197399601,0,-5.9870573339413928,-4.7918606032825135,0
1985.999999998603,-4241.4464971181496,5287.0854733808119,0,-5.9816321521576263,-4.7986310920372501,0
1986.9999999180436,-4247.4254134889452,5282.2834596032881,0,-5.9761993139424376,-4.8053954385905042,0
1988.0000001518056,-4253.3988931962067,5277.4746845539194,0,-5.9707588262498099,-4.8121536342839768,0
1989.0000000712462,-4259.3669285939386,5272.6591543878903,0,-5.9653106960435132,-4.8189056704672435,0
1989.9999999906868,-4265.3295120431139,5267.8368752690358,0,-5.9598549302971033,-4.8256515384977643,0
1990.9999999101274,-4271.2866359116815,5263.0078533698261,0,-5.9543915359939037,-4.8323912297408924,0
1992.0000001438893,-4277.2382925745815,5258.172094871361,0,-5.9489205201270101,-4.8391247355698876,0
1993.0000000633299,-4283.1844744137488,5253.3296059633649,0,-5.943441889699268,-4.8458520473659261,0
1993.9999999827705,-4289.12517381813,5248.4803928441779,0,-5.9379556517232732,-4.8525731565181163,0
1994.9999999022111,-4295.0603831836861,5243.6244617207458,0,-5.932461813221356,-4.8592880544235033,0
1996.0000001359731,-4300.990094913408,5238.7618188086126,0,-5.9269603812255767,-4.8659967324870825,0
1997.0000000554137,-4306.9143014173205,5233.8924703319153,0,-5.9214513627777157,-4.87269918212181,0
1997.9999999748543,-4312.832995112497,5229.0164225233721,0,-5.9159347649292622,-4.8793953947486157,0
1998.9999998942949,-4318.7461684230648,5224.1336816242774,0,-5.9104105947414114,-4.8860853617964084,0
2000.0000001280569,-4324.6538137802218,5219.2442538844925,0,-5.9048788592850441,-4.8927690747021,0
2001.0000000474975,-4330.5559236222389,5214.3481455624378,0,-5.8993395656407301,-4.8994465249105987,0
2001.999999966938,-4336.4524903944721,5209.4453629250847,0,-5.8937927208987118,-4.9061177038748331,0
2002.9999998863786,-4342.3435065493713,5204.5359122479485,0,-5.8882383321588971,-4.9127826030557591,0
2004.0000001201406,-4348.2289645464944,5199.6197998150774,0,-5.882676406530849,-4.9194412139223731,0
2005.0000000395812,-4354.1088568525101,5194.6970319190505,0,-5.8771069511337801,-4.9260935279517133,0
2005.9999999590218,-4359.9831759412136,5189.767614860958,0,-5.8715299730965382,-4.9327395366288833,0
2006.9999998784624,-4365.8519142935356,5184.8315549504123,0,-5.8659454795576016,-4.9393792314470568,0
2008.0000001122244,-4371.7150643975456,5179.8888585055174,0,-5.8603534776650683,-4.946012603907489,0
2009.000000031665,-4377.5726187484688,5174.9395318528786,0,-5.8547539745766466,-4.9526396455195263,0
2009.9999999511056,-4383.4245698486911,5169.9835813275895,0,-5.8491469774596458,-4.9592603478006199,0
2010.9999998705462,-4389.2709102077715,5165.0210132732145,0,-5.8435324934909696,-4.9658747022763317,0
2012.0000001043081,-4395.1116323424494,5160.0518340417948,0,-5.8379105298571021,-4.9724827004803558,0
2013.0000000237487,-4400.9467287766602,5155.0760499938315,0,-5.8322810937541041,-4.9790843339545168,0
2013.9999999431893,-4406.776192041536,5150.0936674982795,0,-5.8266441923875982,-4.9856795942487881,0
2014.9999998626299,-4412.6000146754177,5145.1046929325421,0,-5.8209998329727632,-4.9922684729213014,0
2016.0000000963919,-4418.4181892238712,5140.1091326824571,0,-5.8153480227343248,-4.9988509615383538,0
2017.0000000158325,-4424.2307082396883,5135.1069931422935,0,-5.8096887689065468,-5.0054270516744204,0
2017.9999999352731,-4430.0375642829013,5130.0982807147429,0,-5.8040220787332188,-5.0119967349121728,0
2018.9999998547137,-4435.8387499207902,5125.0830018109064,0,-5.7983479594676508,-5.0185600028424808,0
2020.0000000884756,-4441.6342577278938,5120.0611628502947,0,-5.7926664183726571,-5.0251168470644227,0
2021.0000000079162,-4447.4240802860177,5115.0327702608129,0,-5.7869774627205572,-5.0316672591853013,0
2021.9999999273568,-4453.2082101842425,5109.9978304787528,0,-5.7812810997931612,-5.0382112308206555,0
2022.9999998467974,-4458.9866400189403,5104.9563499487904,0,-5.7755773368817573,-5.0447487535942601,0
2024.0000000805594,-4464.7593623937764,5099.9083351239733,0,-5.7698661812871075,-5.0512798191381512,0
2025,-4470.5263699197221,5094.8537924657112,0,-5.7641476403194361,-5.057804419092629,0
2025.9999999194406,-4476.2876552150638,5089.7927284437692,0,-5.7584217212984186,-5.0643225451062666,0
2027.0000001532026,-4482.0432109054127,5084.7251495362607,0,-5.7526884315531772,-5.070834188835927,0
2028.0000000726432,-4487.7930296237091,5079.6510622296373,0,-5.7469477784222684,-5.0773393419467681,0
2028.9999999920838,-4493.5371040102427,5074.5704730186817,0,-5.7411997692536705,-5.0838379961122584,0
2029.9999999115244,-4499.2754267126538,5069.4833884065001,0,-5.7354444114047824,-5.0903301430141807,0
2031.0000001452863,-4505.007990385945,5064.3898149045108,0,-5.729681712242404,-5.0968157743426525,0
2032.0000000647269,-4510.7347876924905,5059.2897590324401,0,-5.7239116791427369,-5.103294881796125,0
2032.9999999841675,-4516.4558113020466,5054.183227318309,0,-5.7181343194913659,-5.1097674570814053,0
2033.9999999036081,-4522.171053891755,5049.0702262984296,0,-5.7123496406832572,-5.1162334919136594,0
2035.0000001373701,-4527.8805081461624,5043.9507625173928,0,-5.7065576501227424,-5.1226929780164259,0
2036.0000000568107,-4533.5841667572213,5038.8248425280635,0,-5.7007583552235159,-5.1291459071216225,0
2036.9999999762513,-4539.2820224243051,5033.6924728915701,0,-5.6949517634086169,-5.1355922709695641,0
2037.9999998956919,-4544.9740678542121,5028.5536601772947,0,-5.6891378821104261,-5.1420320613089681,0
2039.0000001294538,-4550.6602957611785,5023.4084109628702,0,-5.6833167187706586,-5.1484652698969624,0
2040.0000000488944,-4556.3406988668876,5018.2567318341653,0,-5.6774882808403433,-5.1548918884991037,0
2040.999999968335,-4562.0152699004802,5013.0986293852775,0,-5.6716525757798291,-5.161311908889382,0
2041.9999998877756,-4567.6840015985599,5007.9341102185299,0,-5.6658096110587586,-5.1677253228502318,0
2043.0000001215376,-4573.3468867052052,5002.7631809444565,0,-5.6599593941560684,-5.1741321221725478,0
2044.0000000409782,-4579.0039179719761,4997.5858481817977,0,-5.6541019325599864,-5.1805322986556881,0
2044.9999999604188,-4584.6550881579278,4992.4021185574884,0,-5.6482372337680014,-5.1869258441074875,0
2045.9999998798594,-4590.3003900296162,4987.2119987066535,0,-5.6423653052868739,-5.1933127503442691,0
2047.0000001136214,-4595.9398163611095,4982.0154952725961,0,-5.6364861546326148,-5.1996930091908524,0
2048.000000033062,-4601.5733599339983,4976.8126149067884,0,-5.6305997893304811,-5.2060666124805737,0
2048.9999999525025,-4607.2010135374003,4971.6033642688717,0,-5.6247062169149613,-5.2124335520552787,0
2049.9999998719431,-4612.8227699679737,4966.3877500266335,0,-5.6188054449297722,-5.2187938197653461,0
2051.0000001057051,-4618.438622029922,4961.1657788560115,0,-5.6128974809278462,-5.2251474074696951,0
2052.0000000251457,-4624.048562535012,4955.9374574410749,0,-5.6069823324713175,-5.2314943070357947,0
2052.9999999445863,-4629.6525843025711,4950.7027924740269,0,-5.6010600071315215,-5.2378345103396766,0
2053.9999998640269,-4635.2506801595064,4945.4617906551875,0,-5.5951305124889776,-5.2441680092659402,0
2055.0000000977889,-4640.8428429403102,4940.2144586929917,0,-5.5891938561333818,-5.250494795707767,0
2056.0000000172295,-4646.4290654870683,4934.9608033039685,0,-5.5832500456635969,-5.2568148615669328,0
2056.9999999366701,-4652.0093406494689,4929.7008312127491,0,-5.5772990886876403,-5.2631281987538125,0
2057.9999998561107,-4657.5836612848152,4924.4345491520462,0,-5.5713409928226829,-5.2694347991873967,0
2059.0000000898726,-4663.1520202580296,4919.1619638626507,0,-5.5653757656950269,-5.2757346547952979,0
2060.0000000093132,-4668.7144104416648,4913.883082093419,0,-5.5594034149401068,-5.2820277575137613,0
2060.9999999287538,-4674.2708247159171,4908.597910601271,0,-5.5534239482024743,-5.2883140992876774,0
2061.9999998481944,-4679.8212559686281,4903.3064561511746,0,-5.5474373731357893,-5.2945936720705875,0
2063.0000000819564,-4685.3656970953007,4898.0087255161407,0,-5.5414436974028103,-5.3008664678246999,0
2064.000000001397,-4690.9041409991032,4892.7047254772115,0,-5.5354429286753835,-5.307132478520896,0
2064.9999999208376,-4696.4365805908819,4887.3944628234567,0,-5.5294350746344358,-5.3133916961387442,0
2066.0000001545995,-4701.9630087891655,4882.0779443519623,0,-5.523420142969961,-5.3196441126665031,0
2067.0000000740401,-4707.4834185201789,4876.7551768678213,0,-5.5173981413810145,-5.3258897201011424,0
2067.9999999934807,-4712.9978027178531,4871.4261671841223,0,-5.5113690775756998,-5.3321285104483458,0
2068.9999999129213,-4718.5061543238289,4866.0909221219472,0,-5.5053329592711604,-5.3383604757225207,0
2070.0000001466833,-4724.0084662874706,4860.7494485103589,0,-5.4992897941935697,-5.3445856079468106,0
2071.0000000661239,-4729.5047315658712,4855.4017531863929,0,-5.4932395900781197,-5.3508038991531084,0
2071.9999999855645,-4734.9949431238629,4850.0478429950472,0,-5.4871823546690148,-5.35701534138206,0
2072.9999999050051,-4740.4790939340292,4844.6877247892735,0,-5.4811180957194576,-5.3632199266830813,0
2074.0000001387671,-4745.957176976709,4839.3214054299724,0,-5.4750468209916408,-5.3694176471143598,0
2075.0000000582077,-4751.4291852400083,4833.9488917859799,0,-5.4689685382567372,-5.3756084947428731,0
2075.9999999776483,-4756.8951117198112,4828.5701907340626,0,-5.4628832552948907,-5.3817924616443991,0
2076.9999998970889,-4762.3549494197832,4823.1853091589064,0,-5.4567909798952039,-5.3879695399035192,0
2078.0000001308508,-4767.808691351388,4817.7942539531059,0,-5.4506917198557314,-5.3941397216136302,0
2079.0000000502914,-4773.2563305338854,4812.3970320171602,0,-5.4445854829834666,-5.4003029988769615,0
2079.999999969732,-4778.6978599943504,4806.9936502594628,0,-5.4384722770943341,-5.4064593638045766,0
2080.9999998891726,-4784.1332727676772,4801.5841155962889,0,-5.432352110013178,-5.4126088085163886,0
2082.0000001229346,-4789.5625618965896,4796.1684349517918,0,-5.4262249895737531,-5.4187513251411685,0
2083.0000000423752,-4794.9857204316522,4790.74661525799,0,-5.4200909236187149,-5.4248869058165523,0
2083.9999999618158,-4800.4027414312732,4785.3186634547592,0,-5.4139499199996077,-5.4310155426890567,0
2084.9999998812564,-4805.8136179617168,4779.8845864898267,0,-5.4078019865768576,-5.4371372279140848,0
2086.0000001150183,-4811.2183430971145,4774.4443913187579,0,-5.40164713121976,-5.4432519536559409,0
2087.0000000344589,-4816.6169099194703,4768.9980849049507,0,-5.3954853618064709,-5.4493597120878334,0
2087.9999999538995,-4822.0093115186719,4763.5456742196238,0,-5.389316686223995,-5.4554604953918915,0
2088.9999998733401,-4827.3955409924947,4758.0871662418103,0,-5.3831411123681772,-5.4615542957591696,0
2090.0000001071021,-4832.7755914466188,4752.6225679583504,0,-5.3769586481436926,-5.4676411053896627,0
2091.0000000265427,-4838.1494559946314,4747.1518863638739,0,-5.3707693014640352,-5.473720916492316,0
2091.9999999459833,-4843.5171277580375,4741.6751284608026,0,-5.3645730802515095,-5.4797937212850263,0
2092.9999998654239,-4848.8785998662688,4736.1923012593315,0,-5.3583699924372201,-5.485859511994664,0
2094.0000000991859,-4854.2338654566911,4730.7034117774283,0,-5.3521600459610585,-5.4919182808570737,0
2095.0000000186265,-4859.5829176746192,4725.2084670408176,0,-5.3459432487716949,-5.4979700201170907,0
2095.999999938067,-4864.9257496733171,4719.7074740829758,0,-5.339719608826571,-5.5040147220285487,0
2096.9999998575076,-4870.2623546140112,4714.2004399451216,0,-5.3334891340918862,-5.5100523788542866,0
2098.0000000912696,-4875.5927256658952,4708.6873716762066,0,-5.327251832542589,-5.5160829828661617,0
2099.0000000107102,-4880.9168560061498,4703.1682763329027,0,-5.3210077121623636,-5.5221065263450591,0
2099.9999999301508,-4886.2347388199405,4697.6431609795982,0,-5.3147567809436227,-5.5281230015809006,0
2100.9999998495914,-4891.546367300426,4692.1120326883893,0,-5.3084990468875013,-5.5341324008726565,0
2102.0000000833534,-4896.8517346487743,4686.5748985390646,0,-5.3022345180038348,-5.540134716528355,0
2103.000000002794,-4902.1508340741648,4681.0317656191064,0,-5.2959632023111629,-5.5461299408650877,0
2103.9999999222346,-4907.4436587938017,4675.4826410236665,0,-5.2896851078367071,-5.5521180662090259,0
2105.0000001559965,-4912.7302020329225,4669.9275318555738,0,-5.2834002426163691,-5.558099084895427,0
2106.0000000754371,-4918.0104570248004,4664.3664452253142,0,-5.2771086146947139,-5.564072989268646,0
2106.9999999948777,-4923.2844170107628,4658.7993882510227,0,-5.2708102321249664,-5.5700397716821426,0
2107.9999999143183,-4928.552075240189,4653.2263680584801,0,-5.2645051029689958,-5.5759994244984927,0
2109.0000001480803,-4933.813424970529,4647.6473917811009,0,-5.2581932352973046,-5.5819519400893975,0
2110.0000000675209,-4939.0684594673057,4642.0624665599162,0,-5.251874637189025,-5.5878973108356957,0
2110.9999999869615,-4944.3171720041255,4636.471599543579,0,-5.2455493167318981,-5.5938355291273689,0
2111.9999999064021,-4949.5595558626865,4630.8747978883466,0,-5.2392172820222749,-5.599766587363554,0
2113.000000140164,-4954.7956043327877,4625.2720687580686,0,-5.2328785411650998,-5.6056904779525576,0
2114.0000000596046,-4960.025310712339,4619.6634193241844,0,-5.2265331022738986,-5.6116071933118556,0
2114.9999999790452,-4965.2486683073657,4614.0488567657112,0,-5.2201809734707716,-5.617516725868108,0
2115.9999998984858,-4970.4656704320205,4608.4283882692362,0,-5.213822162886383,-5.6234190680571698,0
2117.0000001322478,-4975.6763104085903,4602.8020210289042,0,-5.207456678659951,-5.6293142123241013,0
2118.0000000516884,-4980.8805815675078,4597.1697622464098,0,-5.20108452893923,-5.635202151123174,0
2118.999999971129,-4986.0784772473562,4591.5316191309921,0,-5.1947057218805108,-5.6410828769178831,0
2119.9999998905696,-4991.2699907948781,4585.8875988994187,0,-5.1883202656486072,-5.6469563821809565,0
2121.0000001243316,-4996.455115564987,4580.2377087759796,0,-5.1819281684168406,-5.6528226593943636,0
2122.0000000437722,-5001.6338449207724,4574.5819559924821,0,-5.1755294383670325,-5.6586817010493267,0
2122.9999999632128,-5006.8061722335106,4568.9203477882329,0,-5.1691240836894963,-5.664533499646331,0
2123.9999998826534,-5011.9720908826739,4563.2528914100385,0,-5.1627121125830255,-5.6703780476951282,0
2125.0000001164153,-5017.1315942559359,4557.579594112186,0,-5.15629353325488,-5.6762153377147531,0
2126.0000000358559,-5022.2846757491807,4551.900463156443,0,-5.1498683539207795,-5.6820453622335325,0
2126.9999999552965,-5027.4313287665163,4546.2155058120397,0,-5.1434365828048918,-5.6878681137890901,0
2127.9999998747371,-5032.5715467202735,4540.5247293556704,0,-5.136998228139821,-5.69368358492836,0
2129.0000001084991,-5037.7053230310248,4534.8281410714717,0,-5.1305532981665998,-5.6994917682075954,0
2130.0000000279397,-5042.8326511275873,4529.1257482510209,0,-5.1241018011346773,-5.7052926561923796,0
2130.9999999473803,-5047.9535244470289,4523.4175581933268,0,-5.1176437453019084,-5.7110862414576298,0
2131.9999998668209,-5053.0679364346806,4517.7035782048179,0,-5.1111791389345367,-5.7168725165876122,0
2133.0000001005828,-5058.175880544145,4511.983815599333,0,-5.1047079903072001,-5.7226514741759527,0
2134.0000000200234,-5063.2773502373029,4506.2582776981126,0,-5.0982303077029067,-5.7284231068256402,0
2134.999999939464,-5068.3723389843226,4500.5269718297905,0,-5.091746099413025,-5.7341874071490393,0
2135.9999998589046,-5073.4608402636686,4494.7899053303827,0,-5.0852553737372821,-5.7399443677679054,0
2137.0000000926666,-5078.5428475621075,4489.0470855432786,0,-5.0787581389837442,-5.7456939813133809,0
2138.0000000121072,-5083.6183543747165,4483.2985198192346,0,-5.0722544034688051,-5.7514362404260169,0
2138.9999999315478,-5088.6873542048979,4477.5442155163555,0,-5.0657441755171861,-5.757171137755777,0
2139.9999998509884,-5093.7498405643819,4471.7841800000979,0,-5.0592274634619168,-5.762898665962048,0
2141.0000000847504,-5098.8058069732342,4466.0184206432496,0,-5.0527042756443254,-5.7686188177136479,0
2142.000000004191,-5103.8552469598653,4460.2469448259299,0,-5.0461746204140283,-5.7743315856888398,0
2142.9999999236315,-5108.8981540610439,4454.4697599355695,0,-5.0396385061289219,-5.7800369625753358,0
2143.9999998430721,-5113.9345218218941,4448.686873366908,0,-5.0330959411551701,-5.7857349410703067,0
2145.0000000768341,-5118.9643437959157,4442.8982925219889,0,-5.0265469338671931,-5.7914255138803954,0
2145.9999999962747,-5123.9876135449849,4437.1040248101372,0,-5.0199914926476552,-5.7971086737217261,0
2146.9999999157153,-5129.0043246393643,4431.3040776479593,0,-5.0134296258874587,-5.8027844133199062,0
2148.0000001494773,-5134.014470657713,4425.4984584593321,0,-5.006861341985732,-5.8084527254100458,0
2149.0000000689179,-5139.018045187092,4419.6871746753914,0,-5.0002866493498113,-5.8141136027367573,0
2149.9999999883585,-5144.0150418229732,4413.8702337345267,0,-4.9937055563952404,-5.8197670380541728,0
2150.9999999077991,-5149.0054541692516,4408.0476430823655,0,-4.9871180715457566,-5.8254130241259539,0
2152.000000141561,-5153.9892758382457,4402.2194101717669,0,-4.9805242032332764,-5.8310515537252909,0
2153.0000000610016,-5158.9665004507115,4396.3855424628118,0,-4.9739239598978866,-5.8366826196349173,0
2153.9999999804422,-5163.9371216358495,4390.5460474227957,0,-4.9673173499878365,-5.8423062146471265,0
2154.9999998998828,-5168.9011330313133,4384.7009325262161,0,-4.9607043819595216,-5.8479223315637681,0
2156.0000001336448,-5173.8585282832164,4378.8502052547638,0,-4.9540850642774776,-5.8535309631962713,0
2157.0000000530854,-5178.8093010461407,4372.9938730973126,0,-4.9474594054143672,-5.8591321023656366,0
2157.999999972526,-5183.7534449831455,4367.1319435499117,0,-4.9408274138509691,-5.8647257419024639,0
2158.9999998919666,-5188.6909537657739,4361.2644241157741,0,-4.934189098076172,-5.8703118746469443,0
2160.0000001257285,-5193.6218210740608,4355.391322305265,0,-4.9275444665869523,-5.8758904934488854,0
2161.0000000451691,-5198.5460405965459,4349.5126456359021,0,-4.9208935278883752,-5.8814615911677084,0
2161.9999999646097,-5203.4636060302728,4343.6284016323352,0,-4.9142362904935775,-5.8870251606724624,0
2162.9999998840503,-5208.3745110808068,4337.7385978263374,0,-4.9075727629237607,-5.8925811948418314,0
2164.0000001178123,-5213.2787494622362,4331.8432417568019,0,-4.9009029537081741,-5.8981296865641442,0
2165.0000000372529,-5218.176314897185,4325.9423409697265,0,-4.8942268713841077,-5.9036706287373866,0
2165.9999999566935,-5223.0672011168153,4320.0359030182099,0,-4.8875445244968843,-5.9092040142692053,0
2166.9999998761341,-5227.9514018608397,4314.1239354624313,0,-4.8808559215998439,-5.9147298360769209,0
2168.0000001098961,-5232.8289108775298,4308.2064458696541,0,-4.8741610712543322,-5.9202480870875345,0
2169.0000000293367,-5237.699721923721,4302.2834418142083,0,-4.8674599820296942,-5.925758760237736,0
2169.9999999487773,-5242.5638287648226,4296.3549308774827,0,-4.8607526625032591,-5.9312618484739188,0
2170.9999998682179,-5247.4212251748222,4290.4209206479145,0,-4.8540391212603327,-5.9367573447521824,0
2172.0000001019798,-5252.2719049363022,4284.4814187209786,0,-4.8473193668941814,-5.9422452420383474,0
2173.0000000214204,-5257.115861840437,4278.5364326991794,0,-4.8405934080060256,-5.9477255333079562,0
2173.999999940861,-5261.9530896870101,4272.5859701920408,0,-4.8338612532050274,-5.9531982115462894,0
2174.9999998603016,-5266.7835822844145,4266.6300388160989,0,-4.8271229111082796,-5.9586632697483708,0
2176.0000000940636,-5271.6073334496677,4260.6686461948884,0,-4.8203783903407986,-5.9641207009189783,0
2177.0000000135042,-5276.424337008415,4254.7017999589325,0,-4.813627699535501,-5.9695704980726525,0
2177.9999999329448,-5281.2345867949398,4248.7295077457402,0,-4.8068708473332098,-5.9750126542337085,0
2178.9999998523854,-5286.0380766521666,4242.7517771997864,0,-4.8001078423826309,-5.9804471624362368,0
2180.0000000861473,-5290.834800431674,4236.7686159725072,0,-4.7933386933403419,-5.9858740157241179,0
2181.0000000055879,-5295.6247519937033,4230.7800317222909,0,-4.7865634088707889,-5.9912932071510339,0
2181.9999999250285,-5300.4079252071615,4224.786032114469,0,-4.7797819976462721,-5.9967047297804719,0
2182.9999998444691,-5305.1843139496368,4218.786624821304,0,-4.7729944683469334,-6.0021085766857354,0
2184.0000000782311,-5309.9539121073949,4212.7818175219782,0,-4.7662008296607423,-6.0075047409499529,0
2184.9999999976717,-5314.7167135753962,4206.7716179025865,0,-4.7594010902834922,-6.0128932156660841,0
2185.9999999171123,-5319.4727122572995,4200.7560336561273,0,-4.7525952589187836,-6.018273993936937,0
2187.0000001508743,-5324.2219020654729,4194.7350724824892,0,-4.7457833442780144,-6.023647068875162,0
2188.0000000703149,-5328.9642769210022,4188.7087420884454,0,-4.7389653550803699,-6.0290124336032784,0
2188.9999999897555,-5333.6998307536887,4182.6770501876408,0,-4.7321413000528114,-6.0343700812536714,0
2189.999999909196,-5338.428557502074,4176.640004500583,0,-4.7253111879300622,-6.0397200049686033,0
2191.000000142958,-5343.1504511134308,4170.597612754631,0,-4.7184750274545992,-6.0450621979002239,0
2192.0000000623986,-5347.8655055437821,4164.5498826839885,0,-4.7116328273766444,-6.0503966532105764,0
2192.9999999818392,-5352.5737147579021,4158.4968220296923,0,-4.7047845964541457,-6.0557233640716106,0
2193.9999999012798,-5357.2750727293287,4152.4384385396015,0,-4.6979303434527724,-6.0610423236651876,0
2195.0000001350418,-5361.9695734403713,4146.374739968388,0,-4.6910700771459046,-6.0663535251830902,0
2196.0000000544824,-5366.6572108821119,4140.3057340775276,0,-4.6842038063146161,-6.071656961827034,0
2196.999999973923,-5371.3379790544204,4134.2314286352885,0,-4.6773315397476667,-6.0769526268086667,0
2197.9999998933636,-5376.0118719659604,4128.1518314167233,0,-4.6704532862414894,-6.0822405133495918,0
2199.0000001271255,-5380.6788836341912,4122.0669502036581,0,-4.6635690546001856,-6.0875206146813641,0
2200.0000000465661,-5385.3390080853851,4115.9767927846824,0,-4.6566788536355022,-6.0927929240455061,0
2200.9999999660067,-5389.9922393546258,4109.8813669551391,0,-4.6497826921668333,-6.0980574346935112,0
2201.9999998854473,-5394.6385714858252,4103.7806805171131,0,-4.6428805790211971,-6.1033141398868587,0
2203.0000001192093,-5399.2779985317184,4097.6747412794257,0,-4.6359725230332334,-6.1085630328970133,0
2204.0000000386499,-5403.9105145538888,4091.5635570576192,0,-4.6290585330451854,-6.1138041070054463,0
2204.9999999580905,-5408.5361136227575,4085.4471356739514,0,-4.6221386179068924,-6.1190373555036306,0
2205.9999998775311,-5413.1547898176041,4079.3254849573814,0,-4.6152127864757819,-6.1242627716930604,0
2207.000000111293,-5417.7665372265665,4073.1986127435648,0,-4.6082810476168508,-6.1294803488852523,0
2208.0000000307336,-5422.3713499466521,4067.0665268748371,0,-4.6013434102026558,-6.134690080401759,0
2208.9999999501742,-5426.969222083746,4060.9292352002099,0,-4.5943998831133062,-6.1398919595741734,0
2209.9999998696148,-5431.5601477526143,4054.7867455753567,0,-4.5874504752364516,-6.1450859797441408,0
2211.0000001033768,-5436.1441210769208,4048.639065862606,0,-4.5804951954672664,-6.1502721342633651,0
2212.0000000228174,-5440.7211361892196,4042.4862039309273,0,-4.5735340527084407,-6.1554504164936192,0
2212.999999942258,-5445.2911872309778,4036.3281676559245,0,-4.5665670558701708,-6.160620819806752,0
2213.9999998616986,-5449.8542683525739,4030.1649649198257,0,-4.5595942138701471,-6.1657833375846973,0
2215.0000000954606,-5454.4103737133064,4023.9966036114702,0,-4.5526155356335352,-6.1709379632194796,0
2216.0000000149012,-5458.9594974814063,4017.8230916263005,0,-4.545631030092979,-6.1760846901132309,0
2216.9999999343418,-5463.5016338340374,4011.6444368663533,0,-4.5386407061885787,-6.1812235116781897,0
2217.9999998537824,-5468.0367769573113,4005.4606472402461,0,-4.531644572867882,-6.1863544213367145,0
2219.0000000875443,-5472.5649210462861,3999.2717306631712,0,-4.5246426390858696,-6.191477412521289,0
2220.0000000069849,-5477.0860603049832,3993.0776950568811,0,-4.5176349138049492,-6.1965924786745363,0
2220.9999999264255,-5481.6001889463869,3986.8785483496818,0,-4.510621405994943,-6.2016996132492181,0
2221.9999998458661,-5486.1073011924564,3980.6742984764219,0,-4.5036021246330726,-6.2067988097082525,0
2223.0000000796281,-5490.6073912741313,3974.4649533784795,0,-4.4965770787039512,-6.2118900615247163,0
2223.9999999990687,-5495.1004534313388,3968.2505210037584,0,-4.4895462771995698,-6.2169733621818581,0
2224.9999999185093,-5499.5864819130029,3962.0310093066714,0,-4.4825097291192852,-6.2220487051731022,0
2226.0000001522712,-5504.0654709770524,3955.8064262481334,0,-4.4754674434698121,-6.2271160840020565,0
2227.0000000717118,-5508.5374148904248,3949.57677979555,0,-4.4684194292652064,-6.2321754921825274,0
2227.9999999911524,-5513.0023079290731,3943.3420779228099,0,-4.4613656955268626,-6.2372269232385191,0
2228.999999910593,-5517.4601443779766,3937.10232861027,0,-4.4543062512834863,-6.2422703707042508,0
2230.000000144355,-5521.9109185311499,3930.8575398447506,0,-4.4472411055711021,-6.2473058281241576,0
2231.0000000637956,-5526.3546246916449,3924.6077196195197,0,-4.4401702674330261,-6.2523332890529009,0
2231.9999999832362,-5530.7912571715597,3918.3528759342867,0,-4.4330937459198623,-6.257352747055382,0
2232.9999999026768,-5535.2208102920458,3912.0930167951924,0,-4.4260115500894939,-6.2623641957067413,0
2234.0000001364388,-5539.6432783833197,3905.8281502147956,0,-4.4189236890070589,-6.2673676285923756,0
2235.0000000558794,-5544.0586557846664,3899.5582842120648,0,-4.4118301717449544,-6.272363039307935,0
2235.99999997532,-5548.4669368444438,3893.2834268123675,0,-4.4047310073828108,-6.2773504214593432,0
2236.9999998947605,-5552.8681159200951,3887.0035860474613,0,-4.3976262050074908,-6.2823297686628008,0
2238.0000001285225,-5557.2621873781527,3880.7187699554825,0,-4.3905157737130747,-6.287301074544791,0
2239.0000000479631,-5561.6491455942478,3874.4289865809346,0,-4.3833997226008448,-6.2922643327420893,0
2239.9999999674037,-5566.0289849531164,3868.1342439746791,0,-4.3762780607792777,-6.2972195369017738,0
2240.9999998868443,-5570.4016998486077,3861.8345501939243,0,-4.369150797364032,-6.3021666806812311,0
2242.0000001206063,-5574.7672846836876,3855.5299133022199,0,-4.3620179414779363,-6.3071057577481646,0
2243.0000000400469,-5579.1257338704499,3849.2203413694401,0,-4.3548795022509772,-6.3120367617806039,0
2243.9999999594875,-5583.4770418301214,3842.905842471775,0,-4.3477354888202875,-6.3169596864669089,0
2244.9999998789281,-5587.8212029930701,3836.5864246917226,0,-4.3405859103301347,-6.3218745255057858,0
2246.00000011269,-5592.1582117988119,3830.2620961180769,0,-4.3334307759319115,-6.3267812726062882,0
2247.0000000321306,-5596.4880626960176,3823.9328648459173,0,-4.3262700947841219,-6.3316799214878268,0
2247.9999999515712,-5600.8107501425202,3817.5987389765983,0,-4.3191038760523659,-6.3365704658801789,0
2248.9999998710118,-5605.1262686053187,3811.2597266177399,0,-4.3119321289093362,-6.3414528995234933,0
2250.0000001047738,-5609.4346125605944,3804.9158358832169,0,-4.3047548625348,-6.3463272161683024,0
2251.0000000242144,-5613.7357764937069,3798.5670748931489,0,-4.2975720861155882,-6.3511934095755302,0
2251.999999943655,-5618.0297548992103,3792.2134517738878,0,-4.2903838088455855,-6.3560514735164935,0
2252.9999998630956,-5622.3165422808497,3785.8549746580106,0,-4.2831900399257181,-6.3609014017729182,0
2254.0000000968575,-5626.5961331515819,3779.4916516843064,0,-4.2759907885639397,-6.3657431881369435,0
2255.0000000162981,-5630.8685220335692,3773.1234909977666,0,-4.2687860639752238,-6.3705768264111269,0
2255.9999999357387,-5635.1337034581975,3766.7505007495761,0,-4.2615758753815474,-6.3754023104084618,0
2256.9999998551793,-5639.3916719660738,3760.3726890971011,0,-4.2543602320118836,-6.3802196339523745,0
2258.0000000889413,-5643.6424221070411,3753.9900642038788,0,-4.2471391431021841,-6.3850287908767358,0
2259.0000000083819,-5647.8859484401792,3747.6026342396062,0,-4.2399126178953725,-6.3898297750258717,0
2259.9999999278225,-5652.1222455338166,3741.2104073801329,0,-4.2326806656413352,-6.3946225802545689,0
2260.9999998472631,-5656.3513079655322,3734.8133918074482,0,-4.2254432955968975,-6.399407200428084,0
2262.0000000810251,-5660.5731303221673,3728.4115957096692,0,-4.2182005170258252,-6.4041836294221488,0
2263.0000000004657,-5664.7877071998319,3722.0050272810345,0,-4.210952339198804,-6.4089518611229801,0
2263.9999999199063,-5668.9950332039052,3715.5936947218884,0,-4.203698771393432,-6.4137118894272875,0
2265.0000001536682,-5673.1951029490538,3709.1776062386757,0,-4.1964398228942068,-6.41846370824228,0
2266.0000000731088,-5677.387911059227,3702.7567700439276,0,-4.1891755029925122,-6.4232073114856769,0
2266.9999999925494,-5681.5734521676695,3696.331194356253,0,-4.1819058209866071,-6.4279426930857104,0
2267.99999991199,-5685.7517209169318,3689.9008874003248,0,-4.1746307861816145,-6.4326698469811383,0
2269.000000145752,-5689.9227119588695,3683.4658574068753,0,-4.1673504078895078,-6.4373887671212477,0
2270.0000000651926,-5694.086419954654,3677.0261126126811,0,-4.1600646954291021,-6.4420994474658686,0
2270.9999999846332,-5698.2428395747802,3670.5816612605527,0,-4.1527736581260388,-6.4468018819853761,0
2271.9999999040738,-5702.3919654990705,3664.1325115993254,0,-4.1454773053127738,-6.451496064660696,0
2273.0000001378357,-5706.5337924166824,3657.6786718838489,0,-4.1381756463285697,-6.4561819894833219,0
2274.0000000572763,-5710.6683150261188,3651.2201503749757,0,-4.1308686905194802,-6.4608596504553164,0
2274.9999999767169,-5714.7955280352307,3644.7569553395501,0,-4.1235564472383368,-6.4655290415893178,0
2275.9999998961575,-5718.9154261612257,3638.2890950504011,0,-4.1162389258447414,-6.4701901569085516,0
2277.0000001299195,-5723.0280041306723,3631.8165777863264,0,-4.1089161357050497,-6.4748429904468328,0
2278.0000000493601,-5727.1332566795127,3625.3394118320853,0,-4.101588086192363,-6.4794875362485786,0
2278.9999999688007,-5731.231178553061,3618.8576054783894,0,-4.0942547866865127,-6.4841237883688176,0
2279.9999998882413,-5735.3217645060167,3612.3711670218868,0,-4.0869162465740541,-6.4887517408731918,0
2281.0000001220033,-5739.4050093024716,3605.8801047651568,0,-4.079572475248245,-6.493371387837966,0
2282.0000000414439,-5743.4809077159107,3599.3844270166956,0,-4.0722234821090435,-6.4979827233500354,0
2282.9999999608845,-5747.5494545292222,3592.884142090908,0,-4.0648692765630887,-6.5025857415069384,0
2283.999999880325,-5751.6106445347077,3586.3792583080967,0,-4.0575098680236934,-6.507180436416852,0
2285.000000114087,-5755.6644725340802,3579.8697839944507,0,-4.0501452659108299,-6.511766802198613,0
2286.0000000335276,-5759.7109333384806,3573.3557274820332,0,-4.0427754796511168,-6.5163448329817193,0
2286.9999999529682,-5763.7500217684783,3566.8370971087738,0,-4.0354005186778101,-6.5209145229063337,0
2287.9999998724088,-5767.781732654078,3560.3139012184565,0,-4.0280203924307889,-6.5254758661232968,0
2289.0000001061708,-5771.8060608347305,3553.7861481607092,0,-4.0206351103565421,-6.530028856794134,0
2290.0000000256114,-5775.8230011593332,3547.2538462909934,0,-4.0132446819081613,-6.5345734890910627,0
2290.999999945052,-5779.8325484862407,3540.717003970592,0,-4.0058491165453232,-6.5391097571969938,0
2291.9999998644926,-5783.8346976832736,3534.1756295665991,0,-3.9984484237342786,-6.5436376553055515,0
2293.0000000982545,-5787.8294436277183,3527.6297314519115,0,-3.9910426129478451,-6.5481571776210679,0
2294.0000000176951,-5791.8167812063375,3521.079318005216,0,-3.9836316936653877,-6.5526683183585979,0
2294.9999999371357,-5795.7967053153789,3514.5243976109782,0,-3.9762156753728117,-6.5571710717439275,0
2295.9999998565763,-5799.7692108605779,3507.9649786594332,0,-3.9687945675625493,-6.5616654320135739,0
2297.0000000903383,-5803.7342927571653,3501.401069546574,0,-3.9613683797335471,-6.566151393414799,0
2298.0000000097789,-5807.6919459298751,3494.8326786741404,0,-3.9539371213912515,-6.5706289502056165,0
2298.9999999292195,-5811.6421653129464,3488.2598144496101,0,-3.9465008020476042,-6.5750980966547967,0
2299.9999998486601,-5815.5849458501416,3481.6824852861855,0,-3.9390594312210214,-6.5795588270418719,0
2301.000000082422,-5819.5202824947364,3475.1006996027836,0,-3.9316130184363858,-6.584011135657156,0
2302.0000000018626,-5823.4481702095381,3468.5144658240283,0,-3.9241615732250343,-6.5884550168017348,0
2302.9999999213032,-5827.3686039668901,3461.9237923802339,0,-3.9167051051247435,-6.592890464787482,0
2304.0000001550652,-5831.2815787486743,3455.3286877073992,0,-3.9092436236797221,-6.5973174739370668,0
2305.0000000745058,-5835.1870895463189,3448.7291602471946,0,-3.9017771384405933,-6.6017360385839625,0
2305.9999999939464,-5839.0851313608091,3442.1252184469513,0,-3.8943056589643867,-6.6061461530724488,0
2306.999999913387,-5842.9756992026896,3435.5168707596517,0,-3.8868291948145233,-6.6105478117576189,0
2308.000000147149,-5846.8587880920704,3428.9041256439159,0,-3.8793477555608065,-6.6149410090053946,0
2309.0000000665896,-5850.7343930586358,3422.2869915639949,0,-3.8718613507794046,-6.6193257391925249,0
2309.9999999860302,-5854.6025091416477,3415.6654769897555,0,-3.8643699900528454,-6.6237019967065969,0
2310.9999999054708,-5858.4631313899572,3409.0395903966728,0,-3.8568736829699968,-6.6280697759460443,0
2312.0000001392327,-5862.3162548620021,3402.4093402658182,0,-3.8493724391260602,-6.6324290713201526,0
2313.0000000586733,-5866.1618746258237,3395.7747350838472,0,-3.8418662681225544,-6.6367798772490634,0
2313.9999999781139,-5869.9999857590647,3389.1357833429911,0,-3.8343551795673068,-6.6411221881637879,0
2314.9999998975545,-5873.8305833489803,3382.4924935410436,0,-3.8268391830744375,-6.645455998506212,0
2316.0000001313165,-5877.6536624924429,3375.8448741813513,0,-3.8193182882643497,-6.6497813027290986,0
2317.0000000507571,-5881.4692182959452,3369.1929337728034,0,-3.8117925047637167,-6.6540980952960993,0
2317.9999999701977,-5885.2772458756162,3362.5366808298195,0,-3.8042618422054688,-6.6584063706817629,0
2318.9999998896383,-5889.0777403572174,3355.8761238723378,0,-3.7967263102287809,-6.6627061233715388,0
2320.0000001234002,-5892.8706968761508,3349.2112714258087,0,-3.7891859184790606,-6.6669973478617841,0
2321.0000000428408,-5896.656110577469,3342.5421320211785,0,-3.7816406766079376,-6.6712800386597717,0
2321.9999999622814,-5900.4339766158791,3335.8687141948803,0,-3.7740905942732486,-6.675554190283699,0
2322.999999881722,-5904.2042901557479,3329.1910264888261,0,-3.7665356811390258,-6.679819797262696,0
2324.000000115484,-5907.9670463711127,3322.509077450391,0,-3.7589759468754851,-6.6840768541368254,0
2325.0000000349246,-5911.7222404456807,3315.8228756324047,0,-3.7514114011590132,-6.6883253554570929,0
2325.9999999543652,-5915.4698675728396,3309.1324295931413,0,-3.7438420536721559,-6.6925652957854629,0
2326.9999998738058,-5919.2099229556643,3302.4377478963074,0,-3.736267914103605,-6.6967966696948489,0
2328.0000001075678,-5922.9424018069176,3295.7388391110303,0,-3.7286889921481854,-6.7010194717691345,0
2329.0000000270084,-5926.6672993490647,3289.0357118118491,0,-3.7211052975068446,-6.7052336966031749,0
2329.999999946449,-5930.3846108142734,3282.3283745787016,0,-3.7135168398866387,-6.709439338802798,0
2330.9999998658895,-5934.0943314444166,3275.6168359969151,0,-3.7059236290007203,-6.7136363929848279,0
2332.0000000996515,-5937.7964564910917,3268.901104657195,0,-3.6983256745683253,-6.7178248537770733,0
2333.0000000190921,-5941.4909812156138,3262.1811891556113,0,-3.6907229863147628,-6.722004715818346,0
2333.9999999385327,-5945.1779008890271,3255.4570980935919,0,-3.6831155739714001,-6.726175973758461,0
2334.9999998579733,-5948.8572107921091,3248.728840077908,0,-3.6755034472756511,-6.7303386222582491,0
2336.0000000917353,-5952.528906215377,3241.9964237206659,0,-3.6678866159709651,-6.7344926559895617,0
2337.0000000111759,-5956.192982459097,3235.259857639292,0,-3.6602650898068121,-6.7386380696352743,0
2337.9999999306165,-5959.8494348332897,3228.5191504565259,0,-3.652638878538673,-6.7427748578892972,0
2338.9999998500571,-5963.4982586577289,3221.7743108004092,0,-3.6450079919280234,-6.7469030154565832,0
2340.000000083819,-5967.1394492619547,3215.0253473042703,0,-3.6373724397423262,-6.7510225370531289,0
2341.0000000032596,-5970.7730019852797,3208.2722686067168,0,-3.6297322317550127,-6.7551334174059869,0
2341.9999999227002,-5974.3989121767909,3201.5150833516259,0,-3.6220873777454767,-6.7592356512532694,0
2343.0000001564622,-5978.0171751953585,3194.7538001881294,0,-3.614437887499057,-6.7633292333441579,0
2344.0000000759028,-5981.6277864096401,3187.9884277706028,0,-3.6067837708070267,-6.7674141584389069,0
2344.9999999953434,-5985.2307411980883,3181.218974758659,0,-3.5991250374665817,-6.7714904213088509,0
2345.999999914784,-5988.8260349489574,3174.4454498171326,0,-3.5914616972808271,-6.7755580167364124,0
2347.000000148546,-5992.4136630603034,3167.6678616160693,0,-3.5837937600587644,-6.7796169395151082,0
2348.0000000679865,-5995.9936209400003,3160.8862188307176,0,-3.5761212356152789,-6.7836671844495582,0
2348.9999999874271,-5999.5659040057335,3154.1005301415134,0,-3.5684441337711279,-6.7877087463554862,0
2349.9999999068677,-6003.1305076850176,3147.3108042340737,0,-3.5607624643529281,-6.7917416200597343,0
2351.0000001406297,-6006.6874274151933,3140.5170497991817,0,-3.5530762371931424,-6.795765800400261,0
2352.0000000600703,-6010.2366586434364,3133.7192755327783,0,-3.5453854621300667,-6.7997812822261547,0
2352.9999999795109,-6013.7781968267664,3126.9174901359474,0,-3.5376901490078185,-6.8037880603976371,0
2353.9999998989515,-6017.3120374320479,3120.1117023149104,0,-3.5299903076763246,-6.8077861297860718,0
2355.0000001327135,-6020.838175936,3113.3019207810094,0,-3.5222859479913082,-6.8117754852739667,0
2356.0000000521541,-6024.3566078251988,3106.4881542506992,0,-3.5145770798142744,-6.8157561217549896,0
2356.9999999715947,-6027.8673285960858,3099.6704114455347,0,-3.5068637130124998,-6.8197280341339592,0
2357.9999998910353,-6031.3703337549723,3092.8487010921608,0,-3.4991458574590211,-6.8236912173268687,0
2359.0000001247972,-6034.8656188180457,3086.023031922301,0,-3.4914235230326178,-6.8276456662608807,0
2360.0000000442378,-6038.3531793113734,3079.193412672746,0,-3.4836967196178037,-6.8315913758743383,0
2360.9999999636784,-6041.8330107709135,3072.359852085342,0,-3.4759654571048126,-6.8355283411167722,0
2361.999999883119,-6045.3051087425156,3065.5223589069815,0,-3.4682297453895861,-6.8394565569489059,0
2363.000000116881,-6048.7694687819258,3058.6809418895896,0,-3.4604895943737595,-6.8433760183426608,0
2364.0000000363216,-6052.226086454798,3051.8356097901142,0,-3.4527450139646532,-6.8472867202811623,0
2364.9999999557622,-6055.6749573366942,3044.9863713705136,0,-3.444996014075254,-6.8511886577587511,0
2365.9999998752028,-6059.1160770130955,3038.1332353977477,0,-3.4372426046242071,-6.8550818257809842,0
2367.0000001089647,-6062.549441079399,3031.2762106437649,0,-3.4294847955358021,-6.8589662193646426,0
2368.0000000284053,-6065.9750451409318,3024.415305885489,0,-3.4217225967399592,-6.862841833537745,0
2368.9999999478459,-6069.3928848129553,3017.5505299048136,0,-3.4139560181722191,-6.8667086633395371,0
2369.9999998672865,-6072.8029557206673,3010.6818914885844,0,-3.4061850697737266,-6.8705667038205167,0
2371.0000001010485,-6076.2052534992099,3003.8093994285919,0,-3.3984097614912208,-6.8744159500424296,0
2372.0000000204891,-6079.5997737936732,2996.9330625215612,0,-3.3906301032770214,-6.8782563970782773,0
2372.9999999399297,-6082.9865122591054,2990.0528895691359,0,-3.3828461050890155,-6.8820880400123263,0
2373.9999998593703,-6086.3654645605129,2983.1688893778719,0,-3.3750577768906456,-6.8859108739401078,0
2375.0000000931323,-6089.7366263728727,2976.281070759223,0,-3.3672651286508968,-6.889724893968431,0
2376.0000000125729,-6093.0999933811272,2969.3894425295298,0,-3.3594681703442837,-6.8935300952153886,0
2376.9999999320135,-6096.4555612801996,2962.4940135100101,0,-3.3516669119508369,-6.8973264728103603,0
2377.999999851454,-6099.8033257749958,2955.5947925267465,0,-3.3438613634560928,-6.9011140218940179,0
2379.000000085216,-6103.1432825804077,2948.6917884106751,0,-3.3360515348510775,-6.9048927376183373,0
2380.0000000046566,-6106.4754274213255,2941.7850099975753,0,-3.3282374361322966,-6.9086626151465964,0
2380.9999999240972,-6109.7997560326339,2934.8744661280566,0,-3.3204190773017213,-6.9124236496533902,0
2381.9999998435378,-6113.1162641592282,2927.9601656475484,0,-3.3125964683667748,-6.9161758363246291,0
2383.0000000772998,-6116.4249475560055,2921.0421174062872,0,-3.3047696193403215,-6.9199191703575513,0
2383.9999999967404,-6119.7258019878846,2914.120330259309,0,-3.296938540240653,-6.9236536469607257,0
2384.999999916181,-6123.0188232298033,2907.1948130664346,0,-3.2891032410914742,-6.9273792613540577,0
2386.0000001499429,-6126.3040070667284,2900.2655746922601,0,-3.2812637319218929,-6.9310960087687965,0
2387.0000000693835,-6129.5813492936541,2893.3326240061429,0,-3.273420022766405,-6.9348038844475424,0
2387.9999999888241,-6132.8508457156131,2886.3959698821927,0,-3.2655721236648825,-6.9385028836442499,0
2388.9999999082647,-6136.112492147684,2879.4556211992599,0,-3.2577200446625603,-6.9421930016242355,0
2390.0000001420267,-6139.3662844149885,2872.5115868409243,0,-3.2498637958100245,-6.945874233664183,0
2391.0000000614673,-6142.6122183527041,2865.5638756954822,0,-3.242003387163197,-6.9495465750521523,0
2391.9999999809079,-6145.8502898060697,2858.6124966559378,0,-3.2341388287833253,-6.9532100210875818,0
2392.9999999003485,-6149.0804946303815,2851.6574586199881,0,-3.2262701307369683,-6.9568645670812961,0
2394.0000001341105,-6152.3028286910121,2844.6987704900157,0,-3.2183973030959834,-6.9605102083555117,0
2395.000000053551,-6155.517287863403,2837.7364411730732,0,-3.2105203559375139,-6.9641469402438405,0
2395.9999999729916,-6158.7238680330756,2830.7704795808759,0,-3.2026392993439763,-6.967774758091303,0
2396.9999998924322,-6161.9225650956405,2823.8008946297859,0,-3.1947541434030464,-6.9713936572543274,0
2398.0000001261942,-6165.1133749567962,2816.827695240806,0,-3.1868648982076486,-6.9750036331007577,0
2399.0000000456348,-6168.2962935323376,2809.8508903395632,0,-3.1789715738559399,-6.9786046810098599,0
2399.9999999650754,-6171.4713167481568,2802.8704888563011,0,-3.1710741804512996,-6.9821967963723264,0
2400.999999884516,-6174.6384405402569,2795.8864997258665,0,-3.1631727281023139,-6.985779974590284,0
2402.000000118278,-6177.7976608547506,2788.8989318876979,0,-3.1552672269227671,-6.9893542110773001,0
2403.0000000377186,-6180.9489736478654,2781.9077942858144,0,-3.147357687031624,-6.9929195012583847,0
2403.9999999571592,-6184.0923748859514,2774.9130958688042,0,-3.13944411855302,-6.9964758405700023,0
2404.9999998765998,-6187.2278605454849,2767.9148455898148,0,-3.1315265316162448,-7.0000232244600742,0
2406.0000001103617,-6190.3554266130759,2760.913052406539,0,-3.123604936355735,-7.003561648387981,0
2407.0000000298023,-6193.4750690854689,2753.9077252812031,0,-3.1156793429110552,-7.0070911078245759,0
2407.9999999492429,-6196.5867839695511,2746.8988731805593,0,-3.1077497614268879,-7.0106115982521828,0
2408.9999998686835,-6199.6905672823605,2739.8865050758714,0,-3.099816202053022,-7.0141231151646108,0
2410.0000001024455,-6202.7864150510795,2732.8706299429005,0,-3.0918786749443359,-7.0176256540671496,0
2411.0000000218861,-6205.8743233130563,2725.8512567619005,0,-3.0839371902607886,-7.0211192104765852,0
2411.9999999413267,-6208.9542881157986,2718.8283945176017,0,-3.0759917581674032,-7.0246037799211978,0
2412.9999998607673,-6212.0263055169789,2711.8020521992003,0,-3.0680423888342556,-7.0280793579407721,0
2414.0000000945292,-6215.0903715844452,2704.7722388003458,0,-3.0600890924364634,-7.0315459400866027,0
2415.0000000139698,-6218.1464823962233,2697.738963319131,0,-3.0521318791541678,-7.0350035219214968,0
2415.9999999334104,-6221.1946340405202,2690.702234758081,0,-3.0441707591725264,-7.0384520990197812,0
2416.999999852851,-6224.2348226157319,2683.6620621241409,0,-3.0362057426816955,-7.0418916669673157,0
2418.000000086613,-6227.2670442304461,2676.6184544286639,0,-3.0282368398768185,-7.0453222213614826,0
2419.0000000060536,-6230.2912950034479,2669.5714206874,0,-3.0202640609580143,-7.0487437578112058,0
2419.9999999254942,-6233.3075710637258,2662.5209699204838,0,-3.0122874161303628,-7.0521562719369522,0
2420.9999998449348,-6236.3158685504768,2655.4671111524235,0,-3.004306915603892,-7.0555597593707375,0
2422.0000000786968,-6239.3161836131067,2648.4098534120913,0,-2.9963225695935671,-7.0589542157561294,0
2422.9999999981374,-6242.3085124112413,2641.3492057327089,0,-2.9883343883192737,-7.0623396367482565,0
2423.999999917578,-6245.2928511147311,2634.2851771518372,0,-2.9803423820058059,-7.0657160180138145,0
2425.0000001513399,-6248.2691959036492,2627.2177767113644,0,-2.9723465608828552,-7.0690833552310668,0
2426.0000000707805,-6251.2375429683025,2620.1470134574943,0,-2.9643469351849943,-7.0724416440898548,0
2426.9999999902211,-6254.1978885092376,2613.0728964407372,0,-2.9563435151516679,-7.0757908802915983,0
2427.9999999096617,-6257.1502287372414,2605.9954347158932,0,-2.9483363110271767,-7.0791310595493115,0
2429.0000001434237,-6260.094559873346,2598.9146373420454,0,-2.940325333060664,-7.082462177587594,0
2430.0000000628643,-6263.0308781488347,2591.8305133825456,0,-2.9323105915061047,-7.0857842301426475,0
2430.9999999823049,-6265.9591798052488,2584.7430719050053,0,-2.9242920966222909,-7.0890972129622769,0
2431.9999999017455,-6268.8794610943896,2577.6523219812807,0,-2.9162698586728175,-7.0924011218058984,0
2433.0000001355074,-6271.7917182783276,2570.5582726874622,0,-2.9082438879260728,-7.0956959524445367,0
2434.000000054948,-6274.6959476294005,2563.4609331038664,0,-2.9002141946552209,-7.0989817006608433,0
2434.9999999743886,-6277.5921454302224,2556.3603123150178,0,-2.8921807891381928,-7.1022583622490902,0
2435.9999998938292,-6280.4803079736876,2549.2564194096426,0,-2.8841436816576693,-7.1055259330151834,0
2437.0000001275912,-6283.3604315629782,2542.1492634806555,0,-2.8761028825010699,-7.1087844087766641,0
2438.0000000470318,-6286.2325125115631,2535.0388536251485,0,-2.8680584019605408,-7.1120337853627147,0
2438.9999999664724,-6289.0965471432046,2527.925198944376,0,-2.8600102503329388,-7.1152740586141645,0
2439.999999885913,-6291.9525317919652,2520.8083085437479,0,-2.8519584379198215,-7.1185052243834939,0
2441.000000119675,-6294.8004628022145,2513.6881915328154,0,-2.8439029750274298,-7.121727278534844,0
2442.0000000391155,-6297.6403365286305,2506.5648570252597,0,-2.8358438719666794,-7.1249402169440135,0
2442.9999999585561,-6300.4721493361976,2499.4383141388794,0,-2.827781139053144,-7.1281440354984751,0
2443.9999998779967,-6303.2958976002255,2492.3085719955811,0,-2.8197147866070442,-7.1313387300973705,0
2445.0000001117587,-6306.1115777063405,2485.1756397213658,0,-2.8116448249532331,-7.1345242966515219,0
2446.0000000311993,-6308.9191860505052,2478.0395264463191,0,-2.8035712644211825,-7.1377007310834362,0
2446.9999999506399,-6311.7187190390032,2470.9002413045951,0,-2.7954941153449737,-7.1408680293273052,0
2447.9999998700805,-6314.5101730884599,2463.7577934344113,0,-2.7874133880632783,-7.1440261873290201,0
2449.0000001038425,-6317.2935446258416,2456.6121919780317,0,-2.7793290929193506,-7.147175201046168,0
2450.0000000232831,-6320.0688300884594,2449.4634460817565,0,-2.7712412402610083,-7.1503150664480417,0
2450.9999999427237,-6322.8360259239771,2442.3115648959138,0,-2.7631498404406272,-7.1534457795156454,0
2451.9999998621643,-6325.5951285904066,2435.1565575748405,0,-2.75505490381512,-7.1565673362416931,0
2453.0000000959262,-6328.3461345561254,2427.9984332768772,0,-2.7469564407459268,-7.1596797326306252,0
2454.0000000153668,-6331.0890402998739,2420.8372011643542,0,-2.7388544615990029,-7.1627829646986054,0
2454.9999999348074,-6333.8238423107568,2413.6728704035781,0,-2.7307489767448025,-7.165877028473524,0
2455.999999854248,-6336.5505370882529,2406.5054501648251,0,-2.7226399965582693,-7.1689619199950094,0
2457.00000008801,-6339.2691211422207,2399.3349496223227,0,-2.7145275314188182,-7.1720376353144299,0
2458.0000000074506,-6341.9795909928998,2392.1613779542431,0,-2.7064115917103271,-7.1751041704949019,0
2458.9999999268912,-6344.6819431709137,2384.9847443426879,0,-2.6982921878211208,-7.1781615216112886,0
2459.9999998463318,-6347.3761742172792,2377.8050579736801,0,-2.690169330143958,-7.1812096847502085,0
2461.0000000800937,-6350.0622806834053,2370.6223280371469,0,-2.6820430290760169,-7.1842486560100447,0
2461.9999999995343,-6352.7402591311011,2363.4365637269157,0,-2.673913295018886,-7.1872784315009426,0
2462.9999999189749,-6355.4101061325819,2356.2477742406936,0,-2.6657801383785458,-7.1902990073448176,0
2464.0000001527369,-6358.0718182704668,2349.0559687800624,0,-2.6576435695653577,-7.1933103796753644,0
2465.0000000721775,-6360.7253921377924,2341.8611565504643,0,-2.6495035989940523,-7.1963125446380518,0
2465.9999999916181,-6363.3708243380097,2334.6633467611891,0,-2.6413602370837119,-7.1993054983901414,0
2466.9999999110587,-6366.0081114849891,2327.462548625364,0,-2.6332134942577619,-7.2022892371006781,0
2468.0000001448207,-6368.6372502030299,2320.2587713599414,0,-2.625063380943955,-7.205263756950508,0
2469.0000000642613,-6371.25823712686,2313.0520241856862,0,-2.6169099075743572,-7.2082290541322722,0
2469.9999999837019,-6373.8710689016389,2305.842316327165,0,-2.6087530845853353,-7.2111851248504184,0
2470.9999999031425,-6376.47574218297,2298.6296570127347,0,-2.6005929224175448,-7.214131965321207,0
2472.0000001369044,-6379.0722536368958,2291.4140554745281,0,-2.5924294315159147,-7.2170695717727096,0
2473.000000056345,-6381.6605999399062,2284.1955209484477,0,-2.5842626223296334,-7.2199979404448191,0
2473.9999999757856,-6384.240777778944,2276.9740626741468,0,-2.5760925053121384,-7.2229170675892505,0
2474.9999998952262,-6386.8127838514056,2269.7496898950235,0,-2.5679190909211007,-7.2258269494695497,0
2476.0000001289882,-6389.3766148651493,2262.5224118582041,0,-2.5597423896184117,-7.2287275823610964,0
2477.0000000484288,-6391.9322675384956,2255.2922378145354,0,-2.5515624118701692,-7.2316189625511083,0
2477.9999999678694,-6394.4797386002319,2248.0591770185692,0,-2.5433791681466671,-7.2345010863386454,0
2478.99999988731,-6397.0190247896217,2240.8232387285548,0,-2.5351926689223783,-7.2373739500346197,0
2480.0000001210719,-6399.5501228564026,2233.5844322064227,0,-2.5270029246759429,-7.2402375499617921,0
2481.0000000405125,-6402.0730295607927,2226.3427667177762,0,-2.5188099458901538,-7.2430918824547819,0
2481.9999999599531,-6404.5877416734984,2219.098251531876,0,-2.5106137430519451,-7.2459369438600705,0
2482.9999998793937,-6407.0942559757104,2211.8508959216329,0,-2.502414326652378,-7.2487727305360092,0
2484.0000001131557,-6409.5925692591145,2204.6007091635911,0,-2.4942117071866248,-7.2515992388528163,0
2485.0000000325963,-6412.0826783258944,2197.34770053792,0,-2.4860058951539608,-7.2544164651925884,0
2485.9999999520369,-6414.5645799887352,2190.0918793284009,0,-2.477796901057745,-7.2572244059493034,0
2486.9999998714775,-6417.0382710708254,2182.8332548224139,0,-2.469584735405411,-7.2600230575288238,0
2488.0000001052395,-6419.5037484058639,2175.571836310929,0,-2.4613694087084514,-7.2628124163489023,0
2489.00000002468,-6421.961008838065,2168.3076330884928,0,-2.4531509314824063,-7.2655924788391877,0
2489.9999999441206,-6424.4100492221569,2161.0406544532138,0,-2.444929314246846,-7.2683632414412278,0
2490.9999998635612,-6426.850866423395,2153.7709097067554,0,-2.436704567525362,-7.271124700608472,0
2492.0000000973232,-6429.2834573175551,2146.4984081543207,0,-2.4284767018455495,-7.2738768528062803,0
2493.0000000167638,-6431.7078187909437,2139.2231591046411,0,-2.4202457277389988,-7.276619694511921,0
2493.9999999362044,-6434.1239477404033,2131.9451718699647,0,-2.4120116557412756,-7.2793532222145849,0
2494.999999855645,-6436.5318410733089,2124.6644557660456,0,-2.4037744963919145,-7.2820774324153836,0
2496.000000089407,-6438.9314957075831,2117.3810201121305,0,-2.3955342602343981,-7.2847923216273545,0
2497.0000000088476,-6441.3229085716903,2110.0948742309461,0,-2.3872909578161496,-7.2874978863754674,0
2497.9999999282882,-6443.7060766046452,2102.8060274486884,0,-2.3790445996885166,-7.2901941231966214,0
2498.9999998477288,-6446.0809967560172,2095.5144890950123,0,-2.3707951964067582,-7.2928810286396617,0
2500.0000000814907,-6448.4476659859283,2088.2202685030152,0,-2.3625427585300312,-7.2955585992653766,0
2501.0000000009313,-6450.8060812650665,2080.9233750092299,0,-2.3542872966213766,-7.2982268316464989,0
2501.9999999203719,-6453.1562395746823,2073.623817953609,0,-2.346028821247705,-7.3008857223677177,0
2503.0000001541339,-6455.4981379065957,2066.3216066795153,0,-2.3377673429797858,-7.30353526802568,0
2504.0000000735745,-6457.8317732632031,2059.016750533709,0,-2.3295028723922306,-7.3061754652289919,0
2504.9999999930151,-6460.1571426574692,2051.7092588663359,0,-2.3212354200634842,-7.3088063105982251,0
2505.9999999124557,-6462.4742431129444,2044.3991410309141,0,-2.3129649965758037,-7.3114278007659239,0
2507.0000001462176,-6464.7830716637636,2037.0864063843235,0,-2.3046916125152515,-7.3140399323766063,0
2508.0000000656582,-6467.0836253546486,2029.7710642867946,0,-2.29641527847168,-7.316642702086769,0
2508.9999999850988,-6469.3759012409118,2022.4531241018942,0,-2.2881360050387172,-7.3192361065648912,0
2509.9999999045394,-6471.6598963884617,2015.1325951965152,0,-2.2798538028137525,-7.3218201424914424,0
2511.0000001383014,-6473.9356078738074,2007.8094869408644,0,-2.2715686823979246,-7.3243948065588818,0
2512.000000057742,-6476.2030327840621,2000.4838087084495,0,-2.2632806543961079,-7.3269600954716605,0
2512.9999999771826,-6478.4621682169409,1993.1555698760674,0,-2.2549897294168986,-7.3295160059462372,0
2513.9999998966232,-6480.7130112807736,1985.8247798237935,0,-2.2466959180726005,-7.3320625347110688,0
2515.0000001303852,-6482.955559094502,1978.4914479349682,0,-2.238399230979212,-7.3345996785066232,0
2516.0000000498258,-6485.189808787688,1971.1555835961858,0,-2.230099678756412,-7.3371274340853807,0
2516.9999999692664,-6487.4157575005129,1963.8171961972819,0,-2.2217972720275481,-7.3396457982118406,0
2517.999999888707,-6489.6334023837826,1956.476295131321,0,-2.2134920214196203,-7.3421547676625201,0
2519.0000001224689,-6491.8427405989341,1949.1328897945857,0,-2.20518393756327,-7.3446543392259622,0
2520.0000000419095,-6494.0437693180365,1941.7869895865642,0,-2.1968730310927636,-7.3471445097027397,0
2520.9999999613501,-6496.2364857237944,1934.4386039099384,0,-2.1885593126459804,-7.3496252759054572,0
2521.9999998807907,-6498.4208870095517,1927.0877421705702,0,-2.180242792864401,-7.3520966346587597,0
2523.0000001145527,-6500.5969703792944,1919.7344137774919,0,-2.1719234823930904,-7.3545585827993314,0
2524.0000000339933,-6502.7647330476566,1912.3786281428934,0,-2.163601391880686,-7.3570111171759018,0
2524.9999999534339,-6504.9241722399256,1905.0203946821082,0,-2.1552765319793816,-7.3594542346492515,0
2525.9999998728745,-6507.0752851920397,1897.6597228136052,0,-2.1469489133449189,-7.3618879320922126,0
2527.0000001066364,-6509.218069150591,1890.2966219589725,0,-2.138618546636569,-7.364312206389676,0
2528.000000026077,-6511.3525213728408,1882.9311015429087,0,-2.1302854425171214,-7.366727054438595,0
2528.9999999455176,-6513.4786391267098,1875.5631709932086,0,-2.1219496116528687,-7.3691324731479853,0
2529.9999998649582,-6515.5964196907889,1868.1928397407519,0,-2.1136110647135928,-7.3715284594389354,0
2531.0000000987202,-6517.7058603543373,1860.8201172194922,0,-2.1052698123725553,-7.3739150102446054,0
2532.0000000181608,-6519.8069584172936,1853.4450128664425,0,-2.0969258653064773,-7.3762921225102351,0
2532.9999999376014,-6521.89971119027,1846.0675361216661,0,-2.0885792341955312,-7.378659793193143,0
2533.999999857042,-6523.9841159945636,1838.6876964282612,0,-2.0802299297233233,-7.3810180192627337,0
2535.000000090804,-6526.0601701621572,1831.3055032323516,0,-2.0718779625768833,-7.3833667977005009,0
2536.0000000102445,-6528.127871035721,1823.9209659830733,0,-2.0635233434466489,-7.3857061255000289,0
2536.9999999296851,-6530.1872159686191,1816.5340941325624,0,-2.0551660830264518,-7.3880359996670011,0
2537.9999998491257,-6532.2382023249111,1809.1448971359439,0,-2.0468061920135043,-7.3903564172192038,0
2539.0000000828877,-6534.2808274793515,1801.7533844513189,0,-2.038443681108387,-7.3926673751865222,0
2540.0000000023283,-6536.3150888173996,1794.3595655397523,0,-2.0300785610150318,-7.3949688706109535,0
2540.9999999217689,-6538.3409837352219,1786.9634498652601,0,-2.0217108424407138,-7.3972609005466055,0
2542.0000001555309,-6540.358509639691,1779.5650468947997,0,-2.0133405360960297,-7.399543462059702,0
2543.0000000749715,-6542.3676639483938,1772.1643660982554,0,-2.0049676526948921,-7.4018165522285857,0
2543.9999999944121,-6544.3684440896322,1764.7614169484275,0,-1.9965922029545102,-7.4040801681437252,0
2544.9999999138527,-6546.3608475024284,1757.3562089210186,0,-1.9882141975953798,-7.406334306907711,0
2546.0000001476146,-6548.3448716365247,1749.9487514946243,0,-1.9798336473412659,-7.408578965635269,0
2547.0000000670552,-6550.3205139523889,1742.5390541507179,0,-1.9714505629191927,-7.4108141414532573,0
2547.9999999864958,-6552.2877719212174,1735.1271263736412,0,-1.9630649550594272,-7.4130398315006722,0
2548.9999999059364,-6554.2466430249397,1727.7129776505899,0,-1.9546768344954666,-7.415256032928653,0
2550.0000001396984,-6556.1971247562196,1720.2966174716028,0,-1.9462862119640236,-7.417462742900482,0
2551.000000059139,-6558.1392146184589,1712.8780553295496,0,-1.9378930982050151,-7.4196599585915903,0
2551.9999999785796,-6560.072910125803,1705.4573007201175,0,-1.9294975039615447,-7.4218476771895672,0
2552.9999998980202,-6561.9982088031365,1698.0343631418016,0,-1.9210994399798926,-7.4240258958941521,0
2554.0000001317821,-6563.9151081860991,1690.60925209589,0,-1.9126989170094995,-7.4261946119172455,0
2555.0000000512227,-6565.8236058210769,1683.1819770864533,0,-1.9042959458029536,-7.4283538224829115,0
2555.9999999706633,-6567.7236992652106,1675.7525476203321,0,-1.8958905371159767,-7.4305035248273832,0
2556.9999998901039,-6569.6153860863988,1668.3209732071234,0,-1.8874827017074114,-7.4326437161990606,0
2558.0000001238659,-6571.4986638633027,1660.8872633591718,0,-1.8790724503392053,-7.4347743938585191,0
2559.0000000433065,-6573.373530185344,1653.4514275915533,0,-1.8706597937763993,-7.4368955550785136,0
2559.9999999627471,-6575.2399826527117,1646.0134754220664,0,-1.8622447427871129,-7.4390071971439768,0
2560.9999998821877,-6577.098018876366,1638.5734163712182,0,-1.8538273081425296,-7.4411093173520282,0
2562.0000001159497,-6578.9476364780376,1631.1312599622122,0,-1.8454075006168851,-7.4432019130119711,0
2563.0000000353903,-6580.7888330902324,1623.6870157209366,0,-1.8369853309874509,-7.4452849814453081,0
2563.9999999548309,-6582.6216063562379,1616.2406931759526,0,-1.8285608100345234,-7.4473585199857295,0
2564.9999998742715,-6584.4459539301206,1608.7923018584809,0,-1.8201339485414081,-7.4494225259791245,0
2566.0000001080334,-6586.2618734767348,1601.3418513023908,0,-1.8117047572944063,-7.4514769967835877,0
2567.000000027474,-6588.0693626717211,1593.8893510441867,0,-1.8032732470828017,-7.4535219297694155,0
2567.9999999469146,-6589.8684192015089,1586.4348106229975,0,-1.7948394286988456,-7.4555573223191134,0
2568.9999998663552,-6591.6590407633257,1578.9782395805628,0,-1.7864033129377443,-7.4575831718273982,0
2570.0000001001172,-6593.4412250651903,1571.5196474612212,0,-1.7779649105976445,-7.4595994757012027,0
2571.0000000195578,-6595.2149698259273,1564.0590438118991,0,-1.7695242324796197,-7.4616062313596769,0
2571.9999999389984,-6596.9802727751585,1556.5964381820968,0,-1.7610812893876564,-7.4636034362341928,0
2572.999999858439,-6598.7371316533126,1549.1318401238777,0,-1.7526360921286406,-7.465591087768348,0
2574.0000000922009,-6600.4855442116286,1541.6652591918553,0,-1.7441886515123428,-7.467569183417968,0
2575.0000000116415,-6602.2255082121546,1534.1967049431807,0,-1.7357389783514059,-7.4695377206511084,0
2575.9999999310821,-6603.9570214277537,1526.726186937532,0,-1.7272870834613294,-7.4714966969480612,0
2576.9999998505227,-6605.6800816421064,1519.2537147370995,0,-1.7188329776604574,-7.4734461098013565,0
2578.0000000842847,-6607.3946866497117,1511.7792979065757,0,-1.7103766717699642,-7.4753859567157637,0
2579.0000000037253,-6609.1008342558907,1504.302946013142,0,-1.7019181766138392,-7.4773162352082974,0
2579.9999999231659,-6610.7985222767929,1496.824668626457,0,-1.6934575030188745,-7.4792369428082202,0
2581.0000001569279,-6612.4877485393918,1489.3444753186432,0,-1.6849946618146514,-7.4811480770570435,0
2582.0000000763685,-6614.1685108814945,1481.8623756642758,0,-1.6765296638335243,-7.4830496355085359,0
2582.999999995809,-6615.8408071517424,1474.3783792403701,0,-1.6680625199106094,-7.4849416157287205,0
2583.9999999152496,-6617.5046352096133,1466.8924956263695,0,-1.6595932408837686,-7.4868240152958805,0
2585.0000001490116,-6619.1599929254226,1459.4047344041326,0,-1.6511218375935974,-7.4886968318005618,0
2586.0000000684522,-6620.8068781803267,1451.915105157922,0,-1.6426483208834106,-7.490560062845578,0
2586.9999999878928,-6622.4452888663318,1444.4236174743899,0,-1.6341727015992276,-7.492413706046011,0
2587.9999999073334,-6624.0752228862857,1436.9302809425687,0,-1.6256949905897595,-7.4942577590292156,0
2589.0000001410954,-6625.6966781538868,1429.4351051538572,0,-1.6172151987063945,-7.4960922194348232,0
2590.000000060536,-6627.3096525936926,1421.9380997020075,0,-1.6087333368031842,-7.4979170849147403,0
2590.9999999799766,-6628.9141441411066,1414.439274183115,0,-1.6002494157368299,-7.4997323531331581,0
2591.9999998994172,-6630.5101507423969,1406.9386381956033,0,-1.5917634463666688,-7.5015380217665486,0
2593.0000001331791,-6632.0976703546921,1399.4362013402142,0,-1.5832754395546598,-7.5033340885036761,0
2594.0000000526197,-6633.6767009459809,1391.9319732199945,0,-1.5747854061653694,-7.5051205510455912,0
2594.9999999720603,-6635.2472404951213,1384.4259634402836,0,-1.566293357065959,-7.5068974071056385,0
2595.9999998915009,-6636.8092869918346,1376.9181816087021,0,-1.5577993031261692,-7.5086646544094613,0
2597.0000001252629,-6638.3628384367184,1369.4086373351377,0,-1.549303255218307,-7.5104222906949962,0
2598.0000000447035,-6639.9078928412428,1361.8973402317347,0,-1.5408052242172314,-7.51217031371249,0
2598.9999999641441,-6641.4444482277504,1354.3842999128813,0,-1.5323052210003407,-7.5139087212244879,0
2599.9999998835847,-6642.9725026294655,1346.869525995196,0,-1.5238032564475565,-7.5156375110058473,0
2601.0000001173466,-6644.4920540904941,1339.3530280975174,0,-1.5152993414413116,-7.5173566808437302,0
2602.0000000367872,-6646.0031006658246,1331.8348158408903,0,-1.5067934868665354,-7.5190662285376177,0
2602.9999999562278,-6647.5056404213337,1324.3148988485532,0,-1.498285703610639,-7.5207661518993065,0
2603.9999998756684,-6648.9996714337831,1316.7932867459276,0,-1.4897760025635034,-7.5224564487529104,0
2605.0000001094304,-6650.4851917908272,1309.2699891606046,0,-1.4812643946174637,-7.5241371169348659,0
2606.000000028871,-6651.9621995910165,1301.7450157223325,0,-1.4727508906672955,-7.5258081542939328,0
2606.9999999483116,-6653.4306929437926,1294.2183760630044,0,-1.4642355016102022,-7.5274695586911999,0
2607.9999998677522,-6654.8906699694999,1286.6900798166462,0,-1.4557182383457994,-7.5291213280000857,0
2609.0000001015142,-6656.3421287993815,1279.160136619405,0,-1.4471991117761016,-7.5307634601063427,0
2610.0000000209548,-6657.7850675755844,1271.6285561095353,0,-1.4386781328055092,-7.5323959529080557,0
2610.9999999403954,-6659.2194844511614,1264.0953479273871,0,-1.4301553123407926,-7.5340188043156502,0
2611.999999859836,-6660.6453775900709,1256.5605217153948,0,-1.4216306612910798,-7.5356320122518925,0
2613.0000000935979,-6662.0627451671862,1249.0240871180624,0,-1.4131041905678419,-7.5372355746518904,0
2614.0000000130385,-6663.4715853682892,1241.4860537819538,0,-1.404575911084879,-7.5388294894631018,0
2614.9999999324791,-6664.8718963900765,1233.9464313556791,0,-1.3960458337583068,-7.5404137546453294,0
2615.9999998519197,-6666.2636764401641,1226.4052294898825,0,-1.3875139695065422,-7.5419883681707311,0
2617.0000000856817,-6667.6469237370875,1218.8624578372287,0,-1.378980329250288,-7.5435533280238154,0
2618.0000000051223,-6669.0216365103051,1211.3181260523936,0,-1.370444923912522,-7.5451086322014493,0
2618.9999999245629,-6670.387813000194,1203.7722437920486,0,-1.3619077644184809,-7.5466542787128574,0
2619.9999998440035,-6671.745451458065,1196.2248207148493,0,-1.3533688616956463,-7.5481902655796285,0
2621.0000000777654,-6673.0945501461538,1188.6758664814254,0,-1.344828226673731,-7.5497165908357138,0
2621.999999997206,-6674.4351073376247,1181.1253907543662,0,-1.3362858702846658,-7.5512332525274317,0
2622.9999999166466,-6675.7671213165777,1173.5734031982067,0,-1.3277418034625843,-7.5527402487134685,0
2624.0000001504086,-6677.0905903780513,1166.0199134794182,0,-1.3191960371438094,-7.5542375774648853,0
2625.0000000698492,-6678.4055128280143,1158.4649312663944,0,-1.3106485822668397,-7.5557252368651149,0
2625.9999999892898,-6679.7118869833803,1150.9084662294397,0,-1.302099449772335,-7.5572032250099692,0
2626.9999999087304,-6681.0097111720015,1143.3505280407567,0,-1.2935486506031022,-7.5586715400076345,0
2628.0000001424924,-6682.2989837326759,1135.7911263744329,0,-1.2849961957040816,-7.5601301799786835,0
2629.000000061933,-6683.579703015148,1128.2302709064302,0,-1.2764420960223331,-7.561579143056071,0
2629.9999999813735,-6684.85186738011,1120.6679713145697,0,-1.2678863625070218,-7.5630184273851402,0
2630.9999999008141,-6686.1154751992026,1113.1042372785234,0,-1.2593290061094038,-7.564448031123618,0
2632.0000001345761,-6687.3705248550195,1105.5390784797967,0,-1.2507700377828133,-7.5658679524416286,0
2633.0000000540167,-6688.6170147411103,1097.9725046017197,0,-1.2422094684826459,-7.5672781895216836,0
2633.9999999734573,-6689.8549432619784,1090.4045253294344,0,-1.2336473091663489,-7.5686787405586937,0
2634.9999998928979,-6691.0843088330903,1082.8351503498809,0,-1.2250835707934031,-7.5700696037599684,0
2636.0000001266599,-6692.3051098808673,1075.2643893517861,0,-1.216518264325311,-7.5714507773452144,0
2637.0000000461005,-6693.5173448426967,1067.6922520256517,0,-1.2079514007255823,-7.5728222595465429,0
2637.9999999655411,-6694.7210121669295,1060.1187480637395,0,-1.1993829909597191,-7.5741840486084726,0
2638.9999998849817,-6695.9161103128836,1052.543887160062,0,-1.190813045995204,-7.5755361427879251,0
2640.0000001187436,-6697.1026377508433,1044.9676790103679,0,-1.1822415768014836,-7.576878540354234,0
2641.0000000381842,-6698.2805929620663,1037.3901333121307,0,-1.1736685943499559,-7.578211239589141,0
2641.9999999576248,-6699.4499744387813,1029.8112597645356,0,-1.1650941096139551,-7.5795342387868034,0
2642.9999998770654,-6700.610780684191,1022.2310680684676,0,-1.1565181335687393,-7.5808475362537973,0
2644.0000001108274,-6701.7630102124758,1014.6495679264987,0,-1.1479406771914753,-7.5821511303091125,0
2645.000000030268,-6702.90666154879,1007.0667690428761,0,-1.1393617514612242,-7.5834450192841629,0
2645.9999999497086,-6704.0417332292736,999.48268112350922,0,-1.130781367358928,-7.5847292015227827,0
2646.9999998691492,-6705.1682238010444,991.89731387595737,0,-1.1221995358673957,-7.5860036753812325,0
2648.0000001029111,-6706.2861318222058,984.3106770094173,0,-1.1136162679712889,-7.5872684392281968,0
2649.0000000223517,-6707.3954558618461,976.72278023471131,0,-1.1050315746571076,-7.5885234914447892,0
2649.9999999417923,-6708.4961945000423,969.13363326427373,0,-1.0964454669131762,-7.5897688304245579,0
2650.9999998612329,-6709.5883463278597,961.54324581213939,0,-1.0878579557296295,-7.5910044545734765,0
2652.0000000949949,-6710.6719099473539,953.95162759393122,0,-1.0792690520983996,-7.5922303623099605,0
2653.0000000144355,-6711.7468839715721,946.35878832684705,0,-1.0706787670132001,-7.5934465520648606,0
2653.9999999338761,-6712.8132670245604,938.76473772964789,0,-1.062087111469513,-7.5946530222814639,0
2654.9999998533167,-6713.8710577413558,931.16948552264512,0,-1.053494096464574,-7.5958497714155007,0
2656.0000000870787,-6714.9202547680006,923.57304142768851,0,-1.0448997329973597,-7.5970367979351456,0
2657.0000000065193,-6715.9608567615305,915.97541516815306,0,-1.0363040320685721,-7.5982141003210142,0
2657.9999999259599,-6716.992862389985,908.37661646892695,0,-1.0277070046806263,-7.5993816770661695,0
2658.9999998454005,-6718.0162703324058,900.77665505639914,0,-1.0191086618376333,-7.6005395266761262,0
2660.0000000791624,-6719.0310792788423,893.17554065844729,0,-1.0105090145453897,-7.6016876476688493,0
2660.999999998603,-6720.0372879303495,885.57328300442396,0,-1.0019080738113604,-7.6028260385747535,0
2661.9999999180436,-6721.0348949989884,877.96989182514596,0,-0.99330585064466703,-7.6039546979367092,0
2663.0000001518056,-6722.0238992078312,870.36537685288033,0,-0.98470235605607215,-7.6050736243100436,0
2664.0000000712462,-6723.0042992909639,862.75974782133301,0,-0.97609760105796561,-7.6061828162625407,0
2664.9999999906868,-6723.9760939934822,855.15301446563569,0,-0.96749159666435069,-7.6072822723744471,0
2665.9999999101274,-6724.9392820714984,847.54518652233378,0,-0.95888435389083038,-7.6083719912384691,0
2667.0000001438893,-6725.8938622921414,839.93627372937328,0,-0.95027588375459182,-7.6094519714597766,0
2668.0000000633299,-6726.8398334335579,832.32628582608947,0,-0.94166619727439416,-7.610522211656007,0
2668.9999999827705,-6727.777194284914,824.71523255319323,0,-0.93305530547055271,-7.6115827104572613,0
2669.9999999022111,-6728.7059436463969,817.10312365275922,0,-0.92444321936492602,-7.6126334665061117,0
2671.0000001359731,-6729.626080329218,809.48996886821351,0,-0.91582994998090106,-7.6136744784576003,0
2672.0000000554137,-6730.5376031556088,801.87577794432082,0,-0.90721550834337961,-7.6147057449792435,0
2672.9999999748543,-6731.4405109588297,794.2605606271718,0,-0.89859990547876367,-7.6157272647510297,0
2673.9999998942949,-6732.3348025831683,786.64432666417144,0,-0.88998315241494175,-7.6167390364654226,0
2675.0000001280569,-6733.2204768839365,779.02708580402532,0,-0.88136526018127492,-7.6177410588273631,0
2676.0000000474975,-6734.0975327274828,771.40884779672842,0,-0.87274623980858179,-7.6187333305542753,0
2676.999999966938,-6734.9659689911841,763.78962239355201,0,-0.86412610232912535,-7.6197158503760578,0
2677.9999998863786,-6735.8257845634507,756.16941934703084,0,-0.85550485877659832,-7.6206886170350963,0
2679.0000001201406,-6736.6769783437258,748.54824841095126,0,-0.84688252018610943,-7.6216516292862586,0
2680.0000000395812,-6737.51954924249,740.92611934033857,0,-0.8382590975941685,-7.6226048858968989,0
2680.9999999590218,-6738.3534961812593,733.30304189144454,0,-0.82963460203867345,-7.623548385646858,0
2681.9999998784624,-6739.1788180925923,725.67902582173474,0,-0.82100904455889523,-7.6244821273284646,0
2683.0000001122244,-6739.9955139200838,718.05408088987588,0,-0.81238243619546413,-7.625406109746538,0
2684.000000031665,-6740.8035826183705,710.4282168557238,0,-0.80375478799035582,-7.6263203317183894,0
2684.9999999511056,-6741.6030231531313,702.80144348031126,0,-0.79512611098687658,-7.6272247920738252,0
2685.9999998705462,-6742.393834501092,695.17377052583447,0,-0.78649641622964972,-7.6281194896551439,0
2687.0000001043081,-6743.1760156500213,687.54520775564106,0,-0.77786571476460131,-7.6290044233171397,0
2688.0000000237487,-6743.949565598733,679.91576493421769,0,-0.76923401763894572,-7.629879591927109,0
2688.9999999431893,-6744.7144833570919,672.28545182717755,0,-0.76060133590117207,-7.6307449943648411,0
2689.9999998626299,-6745.4707679460125,664.65427820124796,0,-0.7519676806010297,-7.6316006295226329,0
2691.0000000963919,-6746.2184183974568,657.02225382425729,0,-0.74333306278951405,-7.6324464963052776,0
2692.0000000158325,-6746.9574337544391,649.38938846512326,0,-0.73469749351885238,-7.6332825936300752,0
2692.9999999352731,-6747.6878130710256,641.75569189383987,0,-0.72606098384249018,-7.6341089204268258,0
2693.9999998547137,-6748.4095554123396,634.12117388146498,0,-0.71742354481507653,-7.6349254756378429,0
2695.0000000884756,-6749.1226598545572,626.48584420010798,0,-0.70878518749245001,-7.6357322582179412,0
2696.0000000079162,-6749.8271254849124,618.84971262291708,0,-0.70014592293162459,-7.6365292671344491,0
2696.9999999273568,-6750.5229514016946,611.21278892406701,0,-0.69150576219077564,-7.6373165013671995,0
2697.9999998467974,-6751.2101367142532,603.57508287874646,0,-0.68286471632922519,-7.6380939599085433,0
2699.0000000805594,-6751.8886805429993,595.93660426314557,0,-0.67422279640742877,-7.6388616417633397,0
2700,-6752.5585820194019,588.29736285444301,0,-0.66558001348696039,-7.639619545948964,0
2700.9999999194406,-6753.2198402859958,580.65736843079424,0,-0.65693637863049892,-7.6403676714953068,0
2702.0000001532026,-6753.8724544963743,573.01663077131832,0,-0.6482919029018136,-7.6411060174447725,0
2703.0000000726432,-6754.5164238151965,565.37515965608554,0,-0.63964659736574947,-7.6418345828522867,0
2703.9999999920838,-6755.151747418191,557.73296486610525,0,-0.63100047308821461,-7.6425533667852932,0
2704.9999999115244,-6755.7784244921486,550.09005618331298,0,-0.62235354113616459,-7.6432623683237546,0
2706.0000001452863,-6756.3964542349277,542.44644339055822,0,-0.61370581257758861,-7.6439615865601551,0
2707.0000000647269,-6757.0058358554579,534.80213627159162,0,-0.60505729848149592,-7.644651020599504,0
2707.9999999841675,-6757.6065685737349,527.15714461105256,0,-0.59640800991790099,-7.6453306695593319,0
2708.9999999036081,-6758.1986516208281,519.51147819445634,0,-0.58775795795780994,-7.646000532569694,0
2710.0000001373701,-6758.7820842388755,511.8651468081822,0,-0.57910715367320564,-7.6466606087731721,0
2711.0000000568107,-6759.3568656810912,504.2181602394607,0,-0.57045560813703422,-7.6473108973248758,0
2711.9999999762513,-6759.9229952117585,496.57052827636073,0,-0.56180333242319025,-7.6479513973924407,0
2712.9999998956919,-6760.4804721062355,488.9222607077773,0,-0.55315033760650312,-7.6485821081560355,0
2714.0000001294538,-6761.0292956509611,481.27336732341922,0,-0.54449663476272292,-7.6492030288083521,0
2715.0000000488944,-6761.5694651434451,473.62385791379614,0,-0.53584223496850547,-7.6498141585546211,0
2715.999999968335,-6762.1009798922732,465.97374227020623,0,-0.52718714930139909,-7.6504154966126023,0
2716.9999998877756,-6762.6238392171144,458.32303018472373,0,-0.51853138883982985,-7.6510070422125889,0
2718.0000001215376,-6763.1380424487133,450.67173145018626,0,-0.5098749646630879,-7.6515887945974068,0
2719.0000000409782,-6763.643588928895,443.0198558601823,0,-0.50121788785131238,-7.6521607530224207,0
2719.9999999604188,-6764.140478010564,435.36741320903889,0,-0.49256016948547809,-7.6527229167555282,0
2720.9999998798594,-6764.628709057708,427.71441329180857,0,-0.48390182064738091,-7.6532752850771644,0
2722.0000001136214,-6765.1082814453957,420.06086590425735,0,-0.47524285241962388,-7.6538178572803037,0
2723.000000033062,-6765.5791945597794,412.40678084285224,0,-0.46658327588560261,-7.65435063267046,0
2723.9999999525025,-6766.0414477980939,404.75216790474821,0,-0.45792310212949172,-7.6548736105656845,0
2724.9999998719431,-6766.4950405686586,397.09703688777586,0,-0.44926234223622979,-7.6553867902965722,0
2726.0000001057051,-6766.939972290882,389.44139759042895,0,-0.44060100729150614,-7.6558901712062557,0
2727.0000000251457,-6767.376242395253,381.78525981185192,0,-0.43193910838174571,-7.6563837526504139,0
2727.9999999445863,-6767.8038503233511,374.12863335182726,0,-0.42327665659409558,-7.6568675339972678,0
2728.9999998640269,-6768.222795527844,366.47152801076294,0,-0.41461366301641039,-7.6573415146275794,0
2730.0000000977889,-6768.6330774724856,358.81395358968001,0,-0.40595013873723829,-7.6578056939346606,0
2731.0000000172295,-6769.0346956321164,351.15591989019964,0,-0.39728609484580674,-7.6582600713243636,0
2731.9999999366701,-6769.4276494926689,343.49743671453109,0,-0.38862154243200836,-7.6587046462150923,0
2732.9999998561107,-6769.8119385511682,335.83851386545894,0,-0.37995649258638658,-7.6591394180377952,0
2734.0000000898726,-6770.1875623157275,328.17916114633056,0,-0.3712909564001215,-7.6595643862359672,0
2735.0000000093132,-6770.5545203055517,320.51938836104341,0,-0.36262494496501591,-7.6599795502656551,0
2735.9999999287538,-6770.9128120509386,312.85920531403275,0,-0.3539584693734808,-7.660384909595451,0
2736.9999998481944,-6771.2624370932781,305.19862181025889,0,-0.34529154071852131,-7.660780463706498,0
2738.0000000819564,-6771.6033949850535,297.53764765519492,0,-0.33662417009372231,-7.6611662120924926,0
2739.000000001397,-6771.9356852898409,289.87629265481371,0,-0.32795636859323457,-7.6615421542596813,0
2739.9999999208376,-6772.2593075823133,282.21456661557568,0,-0.31928814731176047,-7.6619082897268598,0
2741.0000001545995,-6772.5742614482369,274.55247934441633,0,-0.31061951734453952,-7.6622646180253788,0
2742.0000000740401,-6772.8805464844736,266.89004064873319,0,-0.30195048978733446,-7.6626111386991411,0
2742.9999999934807,-6773.1781622989811,259.22726033637417,0,-0.29328107573641687,-7.6629478513046045,0
2743.9999999129213,-6773.4671085108148,251.56414821562382,0,-0.28461128628855292,-7.6632747554107787,0
2745.0000001466833,-6773.7473847501251,243.90071409519192,0,-0.27594113254098956,-7.6635918505992313,0
2746.0000000661239,-6774.0189906581627,236.23696778420006,0,-0.26727062559143988,-7.6638991364640834,0
2746.9999999855645,-6774.2819258872732,228.57291909216954,0,-0.25859977653806915,-7.6641966126120114,0
2747.9999999050051,-6774.5361901009037,220.90857782900872,0,-0.2499285964794804,-7.6644842786622478,0
2749.0000001387671,-6774.7817829735968,213.24395380500044,0,-0.24125709651470045,-7.6647621342465841,0
2750.0000000582077,-6775.0187041909967,205.57905683078951,0,-0.23258528774316548,-7.6650301790093689,0
2750.9999999776483,-6775.2469534498478,197.91389671737008,0,-0.22391318126470708,-7.6652884126075058,0
2751.9999998970889,-6775.4665304579912,190.24848327607305,0,-0.21524078817953787,-7.6655368347104584,0
2753.0000001308508,-6775.6774349343714,182.58282631855369,0,-0.20656811958823731,-7.66577544500025,0
2754.0000000502914,-6775.879666609032,174.91693565677889,0,-0.19789518659173741,-7.666004243171459,0
2754.999999969732,-6776.0732252231201,167.25082110301469,0,-0.18922200029130873,-7.6662232289312291,0
2755.9999998891726,-6776.2581105288809,159.58449246981377,0,-0.18054857178854597,-7.6664324019992582,0
2757.0000001229346,-6776.4343222896632,151.91795957000281,0,-0.17187491218535397,-7.6666317621078077,0
2758.0000000423752,-6776.6018602799186,144.25123221666985,0,-0.16320103258393331,-7.6668213090016986,0
2758.9999999618158,-6776.7607242851982,136.58432022315196,0,-0.15452694408676607,-7.6670010424383133,0
2759.9999998812564,-6776.910914102159,128.91723340302244,0,-0.14585265779660189,-7.667170962187595,0
2761.0000001150183,-6777.0524295385612,121.24998157007849,0,-0.13717818481644345,-7.6673310680320492,0
2762.0000000344589,-6777.1852704132634,113.58257453832839,0,-0.12850353624953251,-7.6674813597667386,0
2762.9999999538995,-6777.3094365562329,105.91502212197918,0,-0.11982872319933544,-7.6676218371992908,0
2763.9999998733401,-6777.4249278085363,98.247334135423912,0,-0.11115375676952927,-7.6677525001498994,0
2765.0000001071021,-6777.531744022348,90.579520393229231,0,-0.10247864806398724,-7.667873348451316,0
2766.0000000265427,-6777.6298850609419,82.911590710122724,0,-0.093803408186764817,-7.6679843819488553,0
2766.9999999459833,-6777.7193507986995,75.243554900980357,0,-0.085128048242085294,-7.6680856005003939,0
2767.9999998654239,-6777.8001411211053,67.575422780813938,0,-0.076452579334325643,-7.6681770039763766,0
2769.0000000991859,-6777.872255924749,59.907204164758589,0,-0.067777012568002351,-7.6682585922598072,0
2770.0000000186265,-6777.9356951173231,52.238908868060122,0,-0.059101359047757152,-7.6683303652462511,0
2770.999999938067,-6777.9904586176272,44.570546706062515,0,-0.050425629878342801,-7.6683923228438404,0
2771.9999998575076,-6778.0365463555636,36.902127494195312,0,-0.041749836164608915,-7.6684444649732715,0
2773.0000000912696,-6778.0739582721417,29.233661047961096,0,-0.033073989011487698,-7.668486791567803,0
2774.0000000107102,-6778.1026943194747,21.565157182922889,0,-0.024398099523979762,-7.6685193025732552,0
2774.9999999301508,-6778.1227544607791,13.896625714691629,0,-0.015722178807139924,-7.6685419979480161,0
2775.9999998495914,-6778.1341386703798,6.2280764589135789,0,-0.0070462379660629626,-7.6685548776630341,0
2777.0000000833534,-6778.136846933704,-1.4404807687422245,0,0.0016297118941305901,-7.6685579417018248,0
2778.000000002794,-6778.1308792472855,-9.1090361525965466,0,0.01030565966830865,-7.6685511900604642,0
2778.9999999222346,-6778.1162356187642,-16.77757987697251,0,0.018981594251341806,-7.6685346227475986,0
2780.0000001559965,-6778.0929160668829,-24.446102126208167,0,0.027657504538117522,-7.6685082397844289,0
2781.0000000754371,-6778.0609206214895,-32.114593084669053,0,0.036333379423554378,-7.668472041204728,0
2781.9999999948777,-6778.0202493235392,-39.783042936760758,0,0.045009207802616268,-7.6684260270548306,0
2782.9999999143183,-6777.970902225089,-47.451441866941465,0,0.053684978570326572,-7.6683701973936325,0
2784.0000001480803,-6777.9128793893042,-55.119780059734587,0,0.062360680621782467,-7.6683045522925957,0
2785.0000000675209,-6777.8461808904513,-62.788047699741242,0,0.071036302852169053,-7.6682290918357445,0
2785.9999999869615,-6777.7708068139073,-70.456234971652876,0,0.079711834156773631,-7.6681438161196693,0
2786.9999999064021,-6777.6867572561478,-78.124332060263754,0,0.088387263430999868,-7.6680487252535201,0
2788.000000140164,-6777.5940323247578,-85.792329150483653,0,0.097062579570381988,-7.6679438193590137,0
2789.0000000596046,-6777.4926321384219,-93.460216427350275,0,0.1057377714705991,-7.6678290985704267,0
2789.9999999790452,-6777.3825568269322,-101.12798407604194,0,0.11441282802748927,-7.6677045630346043,0
2790.9999998984858,-6777.2638065311839,-108.79562228189009,0,0.12308773813706388,-7.667570212910948,0
2792.0000001322478,-6777.1363814031765,-116.46312123039178,0,0.13176249069552173,-7.6674260483714258,0
2793.0000000516884,-6777.0002816060123,-124.13047110722236,0,0.14043707459926322,-7.6672720696005658,0
2793.999999971129,-6776.8555073138978,-131.79766209824803,0,0.14911147874490469,-7.6671082767954601,0
2794.9999998905696,-6776.7020587121442,-139.46468438953832,0,0.15778569202929255,-7.6669346701657632,0
2796.0000001243316,-6776.5399359971616,-147.13152816737869,0,0.16645970334951757,-7.6667512499336876,0
2797.0000000437722,-6776.3691393764666,-154.79818361828305,0,0.1751335016029289,-7.666558016334009,0
2797.9999999632128,-6776.1896690686781,-162.46464092900644,0,0.18380707568714855,-7.6663549696140665,0
2798.9999998826534,-6776.0015253035153,-170.13089028655756,0,0.19248041450008538,-7.666142110033757,0
2800.0000001164153,-6775.8047083218025,-177.79692187821121,0,0.20115350693994946,-7.66591943786554,0
2801.0000000358559,-6775.5992183754615,-185.4627258915209,0,0.20982634190526617,-7.6656869533944327,0
2801.9999999552965,-6775.3850557275182,-193.12829251433155,0,0.21849890829489041,-7.6654446569180124,0
2802.9999998747371,-6775.1622206520979,-200.79361193479178,0,0.22717119500802099,-7.6651925487464165,0
2804.0000001084991,-6774.9307134344272,-208.45867434136676,0,0.23584319094421458,-7.6649306292023409,0
2805.0000000279397,-6774.6905343708331,-216.12346992285057,0,0.24451488500340002,-7.6646588986210418,0
2805.9999999473803,-6774.441683768744,-223.78798886837885,0,0.25318626608589268,-7.6643773573503298,0
2806.9999998668209,-6774.1841619466868,-231.45222136744135,0,0.26185732309240856,-7.6640860057505762,0
2808.0000001005828,-6773.917969234285,-239.11615760989446,0,0.27052804492407817,-7.6637848441947085,0
2809.0000000200234,-6773.6431059722636,-246.77978778597372,0,0.27919842048246141,-7.6634738730682077,0
2809.999999939464,-6773.3595725124451,-254.44310208630651,0,0.28786843866956124,-7.6631530927691172,0
2810.9999998589046,-6773.0673692177479,-262.10609070192453,0,0.29653808838783802,-7.6628225037080329,0
2812.0000000926666,-6772.7664964621908,-269.76874382427627,0,0.30520735854022379,-7.6624821063081043,0
2813.0000000121072,-6772.4569546308876,-277.43105164523956,0,0.31387623803013642,-7.6621319010050337,0
2813.9999999315478,-6772.1387441200486,-285.09300435713448,0,0.32254471576149391,-7.6617718882470838,0
2814.9999998509884,-6771.8118653369802,-292.75459215273554,0,0.33121278063872833,-7.6614020684950681,0
2816.0000000847504,-6771.4763187000872,-300.4158052252842,0,0.33988042156680032,-7.6610224422223512,0
2817.000000004191,-6771.1321046388612,-308.07663376850178,0,0.3485476274512132,-7.660633009914851,0
2817.9999999236315,-6770.7792235938969,-315.73706797660157,0,0.35721438719802701,-7.6602337720710381,0
2818.9999998430721,-6770.4176760168766,-323.3970980443018,0,0.36588068971387311,-7.6598247292019321,0
2820.0000000768341,-6770.0474623705777,-331.05671416683793,0,0.37454652390596765,-7.6594058818311046,0
2820.9999999962747,-6769.6685831288705,-338.71590653997521,0,0.38321187868212681,-7.6589772304946742,0
2821.9999999157153,-6769.2810387767158,-346.37466536002137,0,0.39187674295077979,-7.658538775741313,0
2823.0000001494773,-6768.8848298101684,-354.03298082383907,0,0.40054110562098416,-7.6580905181322372,0
2824.0000000689179,-6768.4799567363698,-361.69084312885838,0,0.40920495560243941,-7.6576324582412125,0
2824.9999999883585,-6768.0664200735555,-369.3482424730895,0,0.41786828180550095,-7.6571645966545514,0
2825.9999999077991,-6767.6442203510478,-377.00516905513513,0,0.42653107314119498,-7.6566869339711126,0
2827.000000141561,-6767.2133581092585,-384.66161307420316,0,0.43519331852123228,-7.6561994708022985,0
2828.0000000610016,-6766.773833899686,-392.31756473011916,0,0.44385500685802221,-7.6557022077720589,0
2828.9999999804422,-6766.3256482849183,-399.97301422333885,0,0.4525161270646873,-7.6551951455168847,0
2829.9999998998828,-6765.8688018386274,-407.62795175496086,0,0.46117666805507757,-7.6546782846858115,0
2831.0000001336448,-6765.4032951455747,-415.28236752673894,0,0.46983661874378385,-7.6541516259404165,0
2832.0000000530854,-6764.929128801602,-422.93625174109491,0,0.47849596804615285,-7.6536151699548176,0
2832.999999972526,-6764.4463034136388,-430.58959460113067,0,0.4871547048783012,-7.6530689174156707,0
2833.9999998919666,-6763.9548195996967,-438.24238631064128,0,0.49581281815712924,-7.6525128690221758,0
2835.0000001257285,-6763.4546779888715,-445.89461707412732,0,0.5044702968003355,-7.65194702548607,0
2836.0000000451691,-6762.9458792213372,-453.54627709680716,0,0.51312712972643093,-7.6513713875316256,0
2836.9999999646097,-6762.4284239483522,-461.19735658462986,0,0.52178330585475285,-7.650785955895655,0
2837.9999998840503,-6761.9023128322542,-468.84784574428755,0,0.53043881410547966,-7.6501907313275073,0
2839.0000001178123,-6761.3675465464603,-476.49773478322788,0,0.53909364339964394,-7.64958571458906,0
2840.0000000372529,-6760.8241257754653,-484.14701390966684,0,0.54774778265914803,-7.6489709064547302,0
2840.9999999566935,-6760.2720512148453,-491.79567333260093,0,0.5564012208067769,-7.648346307711468,0
2841.9999998761341,-6759.7113235712477,-499.44370326181985,0,0.56505394676621357,-7.6477119191587519,0
2843.0000001098961,-6759.1419435624002,-507.09109390791917,0,0.57370594946205233,-7.647067741608593,0
2844.0000000293367,-6758.5639119171028,-514.73783548231245,0,0.58235721781981264,-7.6464137758855335,0
2844.9999999487773,-6757.9772293752312,-522.38391819724461,0,0.59100774076595519,-7.6457500228266442,0
2845.9999998682179,-6757.3818966877334,-530.02933226580365,0,0.5996575072278939,-7.645076483281521,0
2847.0000001019798,-6756.7779146166276,-537.67406790193309,0,0.60830650613401116,-7.6443931581122877,0
2848.0000000214204,-6756.1652839350072,-545.31811532044503,0,0.61695472641367177,-7.6437000481935939,0
2848.999999940861,-6755.5440054270321,-552.96146473703277,0,0.62560215699723731,-7.6429971544126145,0
2849.9999998603016,-6754.9140798879334,-560.6041063682826,0,0.63424878681608032,-7.6422844776690457,0
2851.0000000940636,-6754.2755081240111,-568.24603043168725,0,0.64289460480259786,-7.6415620188751081,0
2852.0000000135042,-6753.6282909526271,-575.88722714565756,0,0.65153959989022625,-7.6408297789555419,0
2852.9999999329448,-6752.9724292022174,-583.52768672953539,0,0.66018376101345533,-7.6400877588476073,0
2853.9999998523854,-6752.3079237122774,-591.16739940360628,0,0.6688270771078425,-7.6393359595010821,0
2855.0000000861473,-6751.6347753333657,-598.8063553891119,0,0.67746953711002633,-7.6385743818782617,0
2856.0000000055879,-6750.9529849271084,-606.44454490826217,0,0.68611112995774148,-7.6378030269539581,0
2856.9999999250285,-6750.2625533661894,-614.08195818424815,0,0.69475184458983241,-7.6370218957154989,0
2857.9999998444691,-6749.5634815343556,-621.71858544125485,0,0.70339166994626789,-7.6362309891627245,0
2859.0000000782311,-6748.8557703264096,-629.35441690447283,0,0.7120305949681548,-7.6354303083079884,0
2859.9999999976717,-6748.1394206482155,-636.98944280011153,0,0.72066860859775272,-7.6346198541761527,0
2860.9999999171123,-6747.4144334166967,-644.62365335541153,0,0.72930569977848725,-7.6337996278045912,0
2862.0000001508743,-6746.6808095598253,-652.25703879865728,0,0.7379418574549651,-7.6329696302431875,0
2863.0000000703149,-6745.9385500166363,-659.88958935918868,0,0.74657707057298817,-7.6321298625543292,0
2863.9999999897555,-6745.1876557372143,-667.52129526741487,0,0.75521132807956659,-7.6312803258129103,0
2864.999999909196,-6744.4281276826978,-675.15214675482605,0,0.7638446189229342,-7.6304210211063301,0
2866.000000142958,-6743.6599668252729,-682.78213405400595,0,0.77247693205256229,-7.6295519495344912,0
2867.0000000623986,-6742.8831741481808,-690.41124739864415,0,0.78110825641917314,-7.628673112209797,0
2867.9999999818392,-6742.0977506457039,-698.03947702354958,0,0.7897385809747548,-7.6277845102571487,0
2868.9999999012798,-6741.303697323181,-705.66681316466168,0,0.79836789467257518,-7.62688614481395,0
2870.0000001350418,-6740.5010151969936,-713.29324605906379,0,0.80699618646719617,-7.6259780170300981,0
2871.0000000544824,-6739.6897052945633,-720.91876594499558,0,0.81562344531448761,-7.6250601280679886,0
2871.999999973923,-6738.869768654361,-728.54336306186519,0,0.82424966017164114,-7.6241324791025118,0
2872.9999998933636,-6738.0412063258973,-736.16702765026196,0,0.83287481999718538,-7.6231950713210495,0
2874.0000001271255,-6737.2040193697258,-743.78974995196859,0,0.84149891375099861,-7.6222479059234747,0
2875.0000000465661,-6736.358208857434,-751.41152020997436,0,0.85012193039432415,-7.6212909841221474,0
2875.9999999660067,-6735.5037758716535,-759.03232866848657,0,0.85874385888978433,-7.6203243071419218,0
2876.9999998854473,-6734.6407215060499,-766.65216557294423,0,0.86736468820139345,-7.6193478762201323,0
2878.0000001192093,-6733.7690468653236,-774.27102117002948,0,0.87598440729457328,-7.6183616926066025,0
2879.0000000386499,-6732.8887530652109,-781.88888570768074,0,0.88460300513616652,-7.6173657575636362,0
2879.9999999580905,-6731.9998412324794,-789.50574943510492,0,0.89322047069445121,-7.616360072366021,0
2880.9999998775311,-6731.1023125049287,-797.12160260279006,0,0.90183679293915486,-7.6153446383010248,0
2882.000000111293,-6730.1961680313834,-804.73643546251765,0,0.91045196084146796,-7.6143194566683938,0
2883.0000000307336,-6729.2814089717012,-812.35023826737495,0,0.91906596337405844,-7.6132845287803512,0
2883.9999999501742,-6728.3580364967656,-819.96300127176789,0,0.92767878951108651,-7.6122398559615938,0
2884.9999998696148,-6727.4260517884841,-827.57471473143335,0,0.93629042822821795,-7.6111854395492928,0
2886.0000001033768,-6726.4854560397898,-835.18536890345149,0,0.9449008685026381,-7.6101212808930923,0
2887.0000000228174,-6725.5362504546338,-842.79495404625857,0,0.95351009931306674,-7.6090473813551016,0
2887.999999942258,-6724.5784362479899,-850.40346041965904,0,0.96211810963977118,-7.607963742309904,0
2888.9999998616986,-6723.6120146458525,-858.0108782848381,0,0.97072488846458138,-7.6068703651445482,0
2890.0000000954606,-6722.6369868852325,-865.61719790437451,0,0.97933042477090371,-7.6057672512585448,0
2891.0000000149012,-6721.6533542141551,-873.22240954225231,0,0.9879347075437348,-7.6046544020638693,0
2891.9999999343418,-6720.661117891661,-880.82650346387402,0,0.99653772576967548,-7.6035318189849592,0
2892.9999998537824,-6719.6602791878031,-888.42946993607291,0,1.0051394684369457,-7.6023995034587077,0
2894.0000000875443,-6718.6508393836439,-896.03129922712537,0,1.013739924535398,-7.6012574569344702,0
2895.0000000069849,-6717.6327997712569,-903.63198160676302,0,1.0223390830565309,-7.600105680874055,0
2895.9999999264255,-6716.6061616537245,-911.23150734618582,0,1.030936932993505,-7.5989441767517203,0
2896.9999998458661,-6715.5709263451317,-918.82986671807441,0,1.0395334633411553,-7.5977729460541843,0
2898.0000000796281,-6714.5270951705725,-926.42704999660191,0,1.0481286630960061,-7.5965919902806096,0
2898.9999999990687,-6713.474669466138,-934.02304745744721,0,1.0567225212562845,-7.5954013109426084,0
2899.9999999185093,-6712.4136505789238,-941.61784937780681,0,1.0653150268219351,-7.5942009095642389,0
2901.0000001522712,-6711.3440398670245,-949.21144603640755,0,1.0739061687946336,-7.5929907876820026,0
2902.0000000717118,-6710.2658386995308,-956.8038277135189,0,1.0824959361778013,-7.5917709468448455,0
2902.9999999911524,-6709.1790484565317,-964.39498469096577,0,1.0910843179766181,-7.5905413886141497,0
2903.999999910593,-6708.0836705291067,-971.98490725214049,0,1.0996713031980392,-7.5893021145637407,0
2905.000000144355,-6706.9797063193273,-979.57358568201539,0,1.1082568808508062,-7.5880531262798749,0
2906.0000000637956,-6705.8671572402582,-987.16101026715535,0,1.1168410399454625,-7.5867944253612452,0
2906.9999999832362,-6704.7460247159515,-994.74717129573014,0,1.1254237694943674,-7.5855260134189786,0
2907.9999999026768,-6703.6163101814473,-1002.3320590575266,0,1.1340050585117099,-7.5842478920766281,0
2909.0000001364388,-6702.4780150827664,-1009.9156638439619,0,1.1425848960135223,-7.5829600629701766,0
2910.0000000558794,-6701.3311408769177,-1017.497975948095,0,1.1511632710176958,-7.5816625277480361,0
2910.99999997532,-6700.1756890318902,-1025.0789856646395,0,1.1597401725439933,-7.5803552880710363,0
2911.9999998947605,-6699.0116610266496,-1032.6586832899761,0,1.1683155896140633,-7.5790383456124317,0
2913.0000001285225,-6697.8390583511391,-1040.2370591221654,0,1.1768895112514552,-7.5777117020578979,0
2914.0000000479631,-6696.6578825062816,-1047.8141034609591,0,1.185461926481632,-7.5763753591055227,0
2914.9999999674037,-6695.4681350039691,-1055.3898066078136,0,1.1940328243319844,-7.5750293184658144,0
2915.9999998868443,-6694.2698173670678,-1062.9641588659022,0,1.202602193831847,-7.5736735818616916,0
2917.0000001206063,-6693.0629311294115,-1070.5371505401272,0,1.2111700240125085,-7.5723081510284844,0
2918.0000000400469,-6691.8474778358031,-1078.1087719371319,0,1.2197363039072295,-7.57093302771393,0
2918.9999999594875,-6690.6234590420127,-1085.6790133653142,0,1.2283010225512538,-7.5695482136781749,0
2919.9999998789281,-6689.390876314772,-1093.2478651348383,0,1.2368641689818247,-7.5681537106937631,0
2921.00000011269,-6688.1497312317742,-1100.8153175576469,0,1.2454257322381976,-7.5667495205456508,0
2922.0000000321306,-6686.9000253816739,-1108.3813609474741,0,1.2539857013616533,-7.5653356450311842,0
2922.9999999515712,-6685.6417603640803,-1115.9459856198571,0,1.2625440653955147,-7.5639120859601121,0
2923.9999998710118,-6684.3749377895629,-1123.5091818921496,0,1.2711008133851585,-7.5624788451545761,0
2925.0000001047738,-6683.0995592796417,-1131.0709400835333,0,1.2796559343780294,-7.5610359244491079,0
2926.0000000242144,-6681.8156264667887,-1138.6312505150306,0,1.2882094174236551,-7.5595833256906353,0
2926.999999943655,-6680.5231409944272,-1146.1901035095168,0,1.2967612515736608,-7.5581210507384693,0
2927.9999998630956,-6679.2221045169244,-1153.7474893917333,0,1.30531142588178,-7.5566491014643082,0
2929.0000000968575,-6677.9125186995934,-1161.3033984882993,0,1.3138599294038729,-7.5551674797522335,0
2930.0000000162981,-6676.594385218692,-1168.857821127724,0,1.3224067511979374,-7.5536761874987066,0
2930.9999999357387,-6675.2677057614192,-1176.410747640419,0,1.3309518803241238,-7.5521752266125644,0
2931.9999998551793,-6673.9324820259126,-1183.9621683587116,0,1.3394953058447496,-7.5506645990150254,0
2933.0000000889413,-6672.5887157212428,-1191.5120736168562,0,1.3480370168243128,-7.5491443066396773,0
2934.0000000083819,-6671.2364085674208,-1199.0604537510469,0,1.3565770023295047,-7.5476143514324807,0
2934.9999999278225,-6669.8755622953868,-1206.6072990994301,0,1.3651152514292273,-7.5460747353517608,0
2935.9999998472631,-6668.5061786470087,-1214.1526000021163,0,1.3736517531946044,-7.544525460368213,0
2937.0000000810251,-6667.1282593750848,-1221.6963468011932,0,1.3821864966989952,-7.5429665284648948,0
2938.0000000004657,-6665.7418062433389,-1229.2385298407376,0,1.3907194710180111,-7.5413979416372259,0
2938.9999999199063,-6664.3468210264182,-1236.7791394668284,0,1.3992506652295271,-7.5398197018929789,0
2940.0000001536682,-6662.9433055098898,-1244.3181660275579,0,1.407780068413697,-7.5382318112522864,0
2941.0000000731088,-6661.5312614902396,-1251.8555998730451,0,1.4163076696529668,-7.5366342717476336,0
2941.9999999925494,-6660.1106907748699,-1259.3914313554471,0,1.4248334580320896,-7.535027085423855,0
2942.99999991199,-6658.681595182099,-1266.9256508289725,0,1.4333574226381385,-7.5334102543381336,0
2944.000000145752,-6657.2439765411536,-1274.4582486498925,0,1.4418795525605206,-7.5317837805599979,0
2945.0000000651926,-6655.7978366921734,-1281.9892151765553,0,1.4503998368909925,-7.5301476661713194,0
2945.9999999846332,-6654.3431774862029,-1289.5185407693964,0,1.4589182647236723,-7.5285019132663074,0
2946.9999999040738,-6652.8800007851933,-1297.0462157909515,0,1.4674348251550544,-7.5268465239515097,0
2948.0000001378357,-6651.4083084619951,-1304.5722306058692,0,1.4759495072840234,-7.52518150034581,0
2949.0000000572763,-6649.9281024003594,-1312.0965755809236,0,1.4844623002118691,-7.523506844580421,0
2949.9999999767169,-6648.4393844949363,-1319.6192410850249,0,1.4929731930422978,-7.5218225587988865,0
2950.9999998961575,-6646.942156651271,-1327.1402174892344,0,1.5014821748814497,-7.5201286451570777,0
2952.0000001299195,-6645.4364207858007,-1334.6594951667748,0,1.50998923483791,-7.5184251058231855,0
2953.0000000493601,-6643.9221788258528,-1342.1770644930436,0,1.5184943620227238,-7.5167119429777234,0
2953.9999999688007,-6642.3994327096416,-1349.6929158456244,0,1.5269975455494105,-7.514989158813524,0
2954.9999998882413,-6640.868184386266,-1357.2070396042996,0,1.5354987745339772,-7.5132567555357364,0
2956.0000001220033,-6639.3284358157134,-1364.7194261510633,0,1.543998038094933,-7.5115147353618186,0
2957.0000000414439,-6637.7801889688444,-1372.2300658701336,0,1.552495325353302,-7.5097631005215382,0
2957.9999999608845,-6636.2234458273997,-1379.7389491479648,0,1.5609906254326393,-7.5080018532569728,0
2958.999999880325,-6634.6582083839967,-1387.2460663732579,0,1.5694839274590424,-7.5062309958225004,0
2960.000000114087,-6633.0844786421239,-1394.7514079369753,0,1.5779752205611666,-7.504450530484803,0
2961.0000000335276,-6631.5022586161413,-1402.2549642323524,0,1.5864644938702386,-7.5026604595228568,0
2961.9999999529682,-6629.9115503312714,-1409.7567256549098,0,1.5949517365200709,-7.500860785227939,0
2962.9999998724088,-6628.3123558236066,-1417.2566826024649,0,1.6034369376470747,-7.4990515099036132,0
2964.0000001061708,-6626.7046771401037,-1424.7548254751459,0,1.611920086390275,-7.4972326358657346,0
2965.0000000256114,-6625.0885163385747,-1432.2511446754015,0,1.6204011718913225,-7.4954041654424444,0
2965.999999945052,-6623.4638754876887,-1439.7456306080157,0,1.6288801832945099,-7.4935661009741663,0
2966.9999998644926,-6621.8307566669691,-1447.2382736801189,0,1.6373571097467841,-7.4917184448136052,0
2968.0000000982545,-6620.189161966794,-1454.7290643012002,0,1.645831940397761,-7.4898611993257429,0
2969.0000000176951,-6618.5390934883899,-1462.2179928831201,0,1.6543046643997399,-7.487994366887837,0
2969.9999999371357,-6616.8805533438263,-1469.7050498401225,0,1.6627752709077153,-7.4861179498894144,0
2970.9999998565763,-6615.2135436560202,-1477.190225588846,0,1.6712437490793928,-7.4842319507322701,0
2972.0000000903383,-6613.5380665587272,-1484.6735105483385,0,1.6797100880752021,-7.4823363718304661,0
2973.0000000097789,-6611.8541241965413,-1492.1548951400673,0,1.688174277058311,-7.4804312156103236,0
2973.9999999292195,-6610.161718724893,-1499.6343697879324,0,1.6966363051946394,-7.4785164845104255,0
2974.9999998486601,-6608.4608523100451,-1507.1119249182786,0,1.7050961616528726,-7.4765921809816094,0
2976.000000082422,-6606.7515271290904,-1514.5875509599075,0,1.7135538356044764,-7.4746583074869646,0
2977.0000000018626,-6605.0337453699485,-1522.0612383440891,0,1.7220093162237096,-7.4727148665018293,0
2977.9999999213032,-6603.3075092313638,-1529.5329775045768,0,1.7304625926876382,-7.4707618605137904,0
2979.0000001550652,-6601.5728209229001,-1537.0027588776159,0,1.738913654176151,-7.4687992920226778,0
2980.0000000745058,-6599.8296826649412,-1544.4705729019581,0,1.74736248987197,-7.4668271635405583,0
2980.9999999939464,-6598.0780966886896,-1551.9364100188741,0,1.7558090889606666,-7.4648454775917363,0
2981.999999913387,-6596.3180652361598,-1559.4002606721647,0,1.7642534406306762,-7.4628542367127553,0
2983.000000147149,-6594.5495905601711,-1566.8621153081729,0,1.7726955340733099,-7.4608534434523799,0
2984.0000000665896,-6592.7726749243575,-1574.3219643757964,0,1.78113535848277,-7.4588431003716087,0
2984.9999999860302,-6590.9873206031525,-1581.7797983265,0,1.7895729030561625,-7.4568232100436598,0
2985.9999999054708,-6589.1935298817916,-1589.2356076143292,0,1.7980081569935116,-7.4547937750539743,0
2987.0000001392327,-6587.3913050563096,-1596.6893826959194,0,1.8064411094977739,-7.4527547980002078,0
2988.0000000586733,-6585.5806484335362,-1604.1411140305113,0,1.8148717497748517,-7.4507062814922325,0
2988.9999999781139,-6583.7615623310967,-1611.5907920799596,0,1.8233000670336066,-7.4486482281521322,0
2989.9999998975545,-6581.9340490774021,-1619.0384073087489,0,1.8317260504858739,-7.4465806406141919,0
2991.0000001313165,-6580.0981110116554,-1626.4839501840038,0,1.8401496893464759,-7.4445035215249051,0
2992.0000000507571,-6578.2537504838356,-1633.927411175501,0,1.8485709728332362,-7.4424168735429621,0
2992.9999999701977,-6576.400969854707,-1641.3687807556821,0,1.8569898901669937,-7.4403206993392565,0
2993.9999998896383,-6574.5397714958108,-1648.8080493996661,0,1.8654064305716151,-7.438215001596868,0
2995.0000001234002,-6572.6701577894646,-1656.2452075852609,0,1.8738205832740102,-7.4360997830110707,0
2996.0000000428408,-6570.7921311287537,-1663.6802457929759,0,1.8822323375041443,-7.4339750462893228,0
2996.9999999622814,-6568.9056939175352,-1671.1131545060337,0,1.8906416824950534,-7.4318407941512667,0
2997.999999881722,-6567.0108485704313,-1678.5439242103832,0,1.8990486074828572,-7.4296970293287234,0
2999.000000115484,-6565.1075975128251,-1685.9725453947108,0,1.9074531017067728,-7.4275437545656935,0
3000.0000000349246,-6563.1959431808573,-1693.3990085504527,0,1.9158551544091282,-7.4253809726183482,0
3000.9999999543652,-6561.2758880214296,-1700.8233041718086,0,1.9242547548353777,-7.4232086862550259,0
3001.9999998738058,-6559.3474344921942,-1708.2454227557507,0,1.9326518922341136,-7.4210268982562333,0
3003.0000001075678,-6557.4105850615506,-1715.6653548020399,0,1.9410465558570813,-7.4188356114146368,0
3004.0000000270084,-6555.4653422086521,-1723.0830908132341,0,1.949438734959192,-7.416634828535063,0
3004.999999946449,-6553.5117084233871,-1730.4986212947028,0,1.9578284187985371,-7.4144245524344932,0
3005.9999998658895,-6551.5496862063874,-1737.9119367546389,0,1.9662155966364032,-7.412204785942059,0
3007.0000000996515,-6549.5792780690244,-1745.32302770407,0,1.9746002577372836,-7.4099755318990397,0
3008.0000000190921,-6547.6004865334016,-1752.7318846568712,0,1.9829823913688922,-7.4077367931588602,0
3008.9999999385327,-6545.6133141323535,-1760.138498129777,0,1.9913619868021792,-7.4054885725870827,0
3009.9999998579733,-6543.6177634094411,-1767.5428586423939,0,1.9997390333113438,-7.4032308730614087,0
3011.0000000917353,-6541.6138369189484,-1774.9449567172117,0,2.0081135201738469,-7.4009636974716724,0
3012.0000000111759,-6539.6015372258835,-1782.3447828796159,0,2.0164854366704255,-7.3986870487198377,0
3012.9999999306165,-6537.5808669059697,-1789.7423276579016,0,2.0248547720851082,-7.3964009297199915,0
3013.9999998500571,-6535.5518285456437,-1797.1375815832821,0,2.0332215157052258,-7.3941053433983432,0
3015.000000083819,-6533.5144247420594,-1804.530535189904,0,2.0415856568214275,-7.3918002926932225,0
3016.0000000032596,-6531.4686581030719,-1811.9211790148577,0,2.0499471847276944,-7.3894857805550718,0
3016.9999999227002,-6529.414531247241,-1819.3095035981903,0,2.0583060887213507,-7.387161809946444,0
3018.0000001564622,-6527.3520468038323,-1826.695499482918,0,2.0666623581030792,-7.3848283838419988,0
3019.0000000759028,-6525.2812074128033,-1834.0791572150379,0,2.0750159821769367,-7.3824855052284999,0
3019.9999999953434,-6523.2020157248107,-1841.4604673435383,0,2.0833669502503653,-7.380133177104808,0
3020.999999914784,-6521.1144744011999,-1848.8394204204139,0,2.0917152516342057,-7.3777714024818817,0
3022.000000148546,-6519.0185861140017,-1856.2160070006762,0,2.1000608756427122,-7.3754001843827686,0
3023.0000000679865,-6516.9143535459325,-1863.5902176423658,0,2.1084038115935679,-7.3730195258426061,0
3023.9999999874271,-6514.8017793903928,-1870.962042906564,0,2.1167440488078948,-7.3706294299086146,0
3024.9999999068677,-6512.6808663514539,-1878.331473357405,0,2.1250815766102691,-7.3682298996400908,0
3026.0000001406297,-6510.5516171438676,-1885.6984995620896,0,2.1334163843287368,-7.3658209381084125,0
3027.0000000600703,-6508.4140344930483,-1893.0631120908952,0,2.1417484612948239,-7.363402548397028,0
3027.9999999795109,-6506.2681211350837,-1900.4253015171889,0,2.1500777968435529,-7.3609747336014513,0
3028.9999998989515,-6504.1138798167203,-1907.7850584174389,0,2.1584043803134536,-7.3585374968292623,0
3030.0000001327135,-6501.9513132953698,-1915.1423733712281,0,2.1667282010465794,-7.3560908412001025,0
3031.0000000521541,-6499.780424339092,-1922.497236961264,0,2.1750492483885209,-7.3536347698456659,0
3031.9999999715947,-6497.601215726605,-1929.8496397733925,0,2.1833675116884184,-7.3511692859096991,0
3032.9999998910353,-6495.4136902472774,-1937.1995723966083,0,2.1916829802989746,-7.3486943925479977,0
3034.0000001247972,-6493.2178507011186,-1944.5470254230695,0,2.1999956435764694,-7.3462100929284029,0
3035.0000000442378,-6491.0136998987819,-1951.891989448106,0,2.208305490880774,-7.3437163902307931,0
3035.9999999636784,-6488.8012406615599,-1959.2344550702355,0,2.2166125115753643,-7.3412132876470855,0
3036.999999883119,-6486.580475821379,-1966.5744128911726,0,2.2249166950273342,-7.3387007883812254,0
3038.000000116881,-6484.3514082207957,-1973.9118535158423,0,2.233218030607409,-7.336178895649188,0
3039.0000000363216,-6482.1140407129942,-1981.2467675523915,0,2.2415165076899606,-7.3336476126789707,0
3039.9999999557622,-6479.8683761617867,-1988.579145612201,0,2.2498121156530164,-7.3311069427105924,0
3040.9999998752028,-6477.6144174416013,-1995.9089783098975,0,2.2581048438782783,-7.3285568889960873,0
3042.0000001089647,-6475.3521674374824,-2003.2362562633659,0,2.2663946817511347,-7.3259974547994977,0
3043.0000000284053,-6473.0816290450875,-2010.5609700937609,0,2.2746816186606744,-7.3234286433968743,0
3043.9999999478459,-6470.8028051706833,-2017.88311042552,0,2.2829656439996966,-7.3208504580762739,0
3044.9999998672865,-6468.5156987311439,-2025.2026678863738,0,2.2912467471647298,-7.3182629021377457,0
3046.0000001010485,-6466.2203126539443,-2032.5196331073601,0,2.2995249175560413,-7.315665978893338,0
3047.0000000204891,-6463.9166498771547,-2039.833996722833,0,2.3078001445776524,-7.3130596916670871,0
3047.9999999399297,-6461.6047133494421,-2047.1457493704791,0,2.3160724176373528,-7.3104440437950142,0
3048.9999998593703,-6459.2845060300633,-2054.4548816913243,0,2.3243417261467143,-7.3078190386251256,0
3050.0000000931323,-6456.9560308888604,-2061.7613843297499,0,2.3326080595211001,-7.3051846795174002,0
3051.0000000125729,-6454.6192909062593,-2069.0652479335031,0,2.3408714071796823,-7.3025409698437942,0
3051.9999999320135,-6452.274289073267,-2076.3664631537094,0,2.3491317585454579,-7.2998879129882308,0
3052.999999851454,-6449.921028391459,-2083.665020644884,0,2.3573891030452563,-7.2972255123465946,0
3054.000000085216,-6447.5595118729889,-2090.960911064943,0,2.3656434301097553,-7.2945537713267337,0
3055.0000000046566,-6445.1897425405732,-2098.2541250752179,0,2.3738947291734962,-7.2918726933484503,0
3055.9999999240972,-6442.8117234274969,-2105.5446533404647,0,2.3821429896748962,-7.2891822818435008,0
3056.9999998435378,-6440.4254575775985,-2112.8324865288778,0,2.3903882010562616,-7.2864825402555846,0
3058.0000000772998,-6438.0309480452761,-2120.1176153121,0,2.3986303527638015,-7.2837734720403438,0
3058.9999999967404,-6435.6281978954785,-2127.4000303652379,0,2.4068694342476418,-7.2810550806653636,0
3059.999999916181,-6433.217210203703,-2134.6797223668705,0,2.4151054349618364,-7.2783273696101549,0
3061.0000001499429,-6430.7979880559897,-2141.9566819990623,0,2.4233383443643834,-7.2755903423661614,0
3062.0000000693835,-6428.3705345489225,-2149.2308999473748,0,2.4315681519172405,-7.2728440024367504,0
3062.9999999888241,-6425.9348527896145,-2156.5023669008792,0,2.4397948470863322,-7.2700883533372149,0
3063.9999999082647,-6423.49094589572,-2163.7710735521678,0,2.4480184193415679,-7.2673233985947565,0
3065.0000001420267,-6421.0388169954131,-2171.037010597367,0,2.4562388581568548,-7.2645491417484918,0
3066.0000000614673,-6418.5784692273946,-2178.300168736147,0,2.4644561530101101,-7.2617655863494415,0
3066.9999999809079,-6416.1099057408856,-2185.5605386717357,0,2.4726702933832758,-7.2589727359605298,0
3067.9999999003485,-6413.633129695625,-2192.8181111109297,0,2.4808812687623321,-7.2561705941565782,0
3069.0000001341105,-6411.1481442618633,-2200.0728767641058,0,2.4890890686373095,-7.2533591645243023,0
3070.000000053551,-6408.6549526203535,-2207.3248263452347,0,2.4972936825023035,-7.2505384506623036,0
3070.9999999729916,-6406.1535579623605,-2214.5739505718898,0,2.5054950998554872,-7.2477084561810692,0
3071.9999998924322,-6403.6439634896442,-2221.8202401652638,0,2.5136933101991255,-7.2448691847029654,0
3073.0000001261942,-6401.1261724144606,-2229.0636858501748,0,2.5218883030395891,-7.2420206398622291,0
3074.0000000456348,-6398.6001879595606,-2236.3042783550827,0,2.5300800678873658,-7.2391628253049722,0
3074.9999999650754,-6396.0660133581787,-2243.5420084120997,0,2.5382685942570755,-7.2362957446891691,0
3075.999999884516,-6393.5236518540332,-2250.776866756999,0,2.5464538716674832,-7.2334194016846594,0
3077.000000118278,-6390.9731067013245,-2258.0088441292323,0,2.5546358896415136,-7.2305337999731298,0
3078.0000000377186,-6388.4143811647218,-2265.2379312719395,0,2.5628146377062615,-7.2276389432481256,0
3078.9999999571592,-6385.8474785193712,-2272.4641189319591,0,2.5709901053930095,-7.2247348352150338,0
3079.9999998765998,-6383.2724020508831,-2279.6873978598396,0,2.5791622822372378,-7.2218214795910853,0
3081.0000001103617,-6380.689155055331,-2286.9077588098544,0,2.587331157778638,-7.2188988801053453,0
3082.0000000298023,-6378.0977408392455,-2294.1251925400097,0,2.595496721561128,-7.2159670404987164,0
3082.9999999492429,-6375.498162719613,-2301.3396898120623,0,2.6036589631328662,-7.2130259645239221,0
3083.9999998686835,-6372.8904240238671,-2308.551241391523,0,2.6118178720462617,-7.2100756559455119,0
3085.0000001024455,-6370.2745280898889,-2315.7598380476766,0,2.6199734378579902,-7.2071161185398527,0
3086.0000000218861,-6367.6504782659986,-2322.9654705535895,0,2.6281256501290051,-7.2041473560951221,0
3086.9999999413267,-6365.0182779109564,-2330.1681296861211,0,2.6362744984245543,-7.2011693724113099,0
3087.9999998607673,-6362.3779303939518,-2337.3678062259369,0,2.6444199723141901,-7.1981821713002052,0
3089.0000000945292,-6359.7294390946063,-2344.5644909575212,0,2.6525620613717846,-7.1951857565853983,0
3090.0000000139698,-6357.0728074029612,-2351.7581746691858,0,2.6607007551755442,-7.1921801321022683,0
3090.9999999334104,-6354.4080387194799,-2358.9488481530857,0,2.6688360433080165,-7.1891653016979875,0
3091.999999852851,-6351.7351364550414,-2366.1365022052282,0,2.676967915356113,-7.1861412692315092,0
3093.000000086613,-6349.0541040309336,-2373.3211276254856,0,2.6850963609111154,-7.1831080385735655,0
3094.0000000060536,-6346.3649448788528,-2380.5027152176062,0,2.6932213695686915,-7.1800656136066632,0
3094.9999999254942,-6343.6676624408965,-2387.6812557892267,0,2.701342930928909,-7.1770139982250765,0
3095.9999998449348,-6340.9622601695601,-2394.8567401518862,0,2.7094610345962487,-7.1739531963348417,0
3097.0000000786968,-6338.2487415277319,-2402.0291591210325,0,2.7175756701796145,-7.1708832118537593,0
3097.9999999981374,-6335.5271099886904,-2409.1985035160396,0,2.7256868272923525,-7.1678040487113783,0
3098.999999917578,-6332.7973690360968,-2416.3647641602161,0,2.7337944955522593,-7.1647157108489949,0
3100.0000001513399,-6330.059522163996,-2423.5279318808157,0,2.7418986645815986,-7.1616182022196551,0
3101.0000000707805,-6327.3135728768029,-2430.6879975090546,0,2.7499993240071108,-7.1585115267881392,0
3101.9999999902211,-6324.5595246893063,-2437.8449518801167,0,2.7580964634600305,-7.1553956885309642,0
3102.9999999096617,-6321.7973811266611,-2444.9987858331701,0,2.7661900725760984,-7.1522706914363674,0
3104.0000001434237,-6319.0271457243871,-2452.1494902113773,0,2.7742801409955722,-7.1491365395043189,0
3105.0000000628643,-6316.2488220283558,-2459.2970558619045,0,2.7823666583632423,-7.1459932367465031,0
3105.9999999823049,-6313.4624135947943,-2466.4414736359363,0,2.7904496143284439,-7.1428407871863149,0
3106.9999999017455,-6310.6679239902815,-2473.5827343886881,0,2.7985289985450725,-7.1396791948588616,0
3108.0000001355074,-6307.8653567917354,-2480.7208289794139,0,2.806604800671594,-7.1365084638109506,0
3109.000000054948,-6305.0547155864142,-2487.8557482714227,0,2.8146770103710601,-7.1333285981010857,0
3109.9999999743886,-6302.2360039719124,-2494.9874831320853,0,2.8227456173111194,-7.1301396017994643,0
3110.9999998938292,-6299.4092255561554,-2502.1160244328516,0,2.8308106111640332,-7.1269414789879706,0
3112.0000001275912,-6296.5743839573888,-2509.2413630492565,0,2.8388719816066872,-7.1237342337601737,0
3113.0000000470318,-6293.7314828041845,-2516.3634898609353,0,2.8469297183206055,-7.1205178702213141,0
3113.9999999664724,-6290.8805257354297,-2523.4823957516337,0,2.8549838109919619,-7.1172923924883076,0
3114.999999885913,-6288.0215164003184,-2530.5980716092222,0,2.8630342493115966,-7.1140578046897316,0
3116.000000119675,-6285.154458458358,-2537.7105083257043,0,2.8710810229750252,-7.1108141109658316,0
3117.0000000391155,-6282.2793555793533,-2544.8196967972299,0,2.8791241216824561,-7.1075613154685007,0
3117.9999999585561,-6279.3962114434098,-2551.9256279241049,0,2.8871635351388001,-7.1042994223612874,0
3118.9999998779967,-6276.5050297409225,-2559.0282926108071,0,2.895199253053685,-7.1010284358193827,0
3120.0000001117587,-6273.6058141725771,-2566.1276817659946,0,2.9032312651414696,-7.0977483600296178,0
3121.0000000311993,-6270.698568449342,-2573.2237863025157,0,2.9112595611212573,-7.0944591991904593,0
3121.9999999506399,-6267.7832962924631,-2580.3165971374283,0,2.9192841307169051,-7.0911609575119989,0
3122.9999998700805,-6264.8600014334606,-2587.4061051920003,0,2.9273049636570425,-7.0878536392159566,0
3124.0000001038425,-6261.9286876141223,-2594.4923013917319,0,2.9353220496750803,-7.0845372485356659,0
3125.0000000232831,-6258.9893585865038,-2601.5751766663579,0,2.9433353785092251,-7.081211789716078,0
3125.9999999427237,-6256.0420181129157,-2608.6547219498693,0,2.9513449399024938,-7.0778772670137462,0
3126.9999998621643,-6253.0866699659282,-2615.7309281805142,0,2.9593507236027259,-7.0745336846968261,0
3128.0000000959262,-6250.1233179283572,-2622.803786300818,0,2.9673527193625944,-7.0711810470450711,0
3129.0000000153668,-6247.1519657932622,-2629.8732872575906,0,2.9753509169396235,-7.0678193583498246,0
3129.9999999348074,-6244.1726173639481,-2636.9394220019385,0,2.9833453060961959,-7.0644486229140186,0
3130.999999854248,-6241.1852764539526,-2644.0021814892766,0,2.9913358765995719,-7.0610688450521604,0
3132.00000008801,-6238.1899468870433,-2651.0615566793422,0,2.9993226182218966,-7.0576800290903341,0
3133.0000000074506,-6235.1866324972116,-2658.1175385362026,0,3.0073055207402191,-7.0542821793661883,0
3133.9999999268912,-6232.1753371286704,-2665.1701180282694,0,3.0152845739365013,-7.0508753002289408,0
3134.9999998463318,-6229.1560646358503,-2672.2192861283088,0,3.0232597675976316,-7.047459396039363,0
3136.0000000800937,-6226.1288188833905,-2679.265033813454,0,3.0312310915154401,-7.0440344711697778,0
3136.9999999995343,-6223.0936037461352,-2686.307352065216,0,3.0391985354867086,-7.0406005300040571,0
3137.9999999189749,-6220.0504231091318,-2693.3462318694951,0,3.047162089313185,-7.0371575769376138,0
3139.0000001527369,-6216.9992808676216,-2700.381664216593,0,3.0551217428015982,-7.033705616377393,0
3140.0000000721775,-6213.9401809270375,-2707.4136401012242,0,3.0630774857636678,-7.0302446527418718,0
3140.9999999916181,-6210.8731272029972,-2714.4421505225282,0,3.0710293080161204,-7.0267746904610489,0
3141.9999999110587,-6207.7981236213018,-2721.4671864840784,0,3.0789771993807,-7.0232957339764441,0
3143.0000001448207,-6204.7151741179232,-2728.4887389938972,0,3.0869211496841817,-7.0198077877410867,0
3144.0000000642613,-6201.6242826390098,-2735.5067990644643,0,3.0948611487583864,-7.0163108562195164,0
3144.9999999837019,-6198.5254531408727,-2742.5213577127315,0,3.102797186440192,-7.0128049438877689,0
3145.9999999031425,-6195.418689589982,-2749.5324059601317,0,3.110729252571546,-7.0092900552333806,0
3147.0000001369044,-6192.303995962965,-2756.5399348325909,0,3.118657336999481,-7.0057661947553749,0
3148.000000056345,-6189.1813762465999,-2763.5439353605384,0,3.1265814295761252,-7.0022333669642576,0
3148.9999999757856,-6186.0508344378104,-2770.544398578922,0,3.1345015201587167,-6.998691576382015,0
3149.9999998952262,-6182.9123745436609,-2777.5413155272163,0,3.1424175986096166,-6.9951408275421052,0
3151.0000001289882,-6179.7660005813468,-2784.5346772494354,0,3.1503296547963204,-6.9915811249894517,0
3152.0000000484288,-6176.6117165781989,-2791.5244747941433,0,3.1582376785914721,-6.9880124732804401,0
3152.9999999678694,-6173.4495265716696,-2798.5106992144656,0,3.1661416598728787,-6.9844348769829088,0
3153.99999988731,-6170.2794346093315,-2805.4933415681048,0,3.1740415885235191,-6.9808483406761486,0
3155.0000001210719,-6167.1014447488715,-2812.4723929173447,0,3.1819374544315617,-6.9772528689508899,0
3156.0000000405125,-6163.9155610580847,-2819.4478443290673,0,3.1898292474903736,-6.9736484664093012,0
3156.9999999599531,-6160.7217876148734,-2826.4196868747617,0,3.1977169575985371,-6.9700351376649854,0
3157.9999998793937,-6157.5201285072362,-2833.3879116305384,0,3.2056005746598588,-6.9664128873429672,0
3159.0000001131557,-6154.3105878332663,-2840.3525096771345,0,3.2134800885833852,-6.9627817200796898,0
3160.0000000325963,-6151.0931697011447,-2847.3134720999333,0,3.2213554892834138,-6.9591416405230149,0
3160.9999999520369,-6147.8678782291336,-2854.2707899889701,0,3.229226766679508,-6.9554926533322092,0
3161.9999998714775,-6144.6347175455776,-2861.2244544389441,0,3.2370939106965086,-6.9518347631779411,0
3163.0000001052395,-6141.3936917888896,-2868.1744565492322,0,3.244956911264548,-6.9481679747422733,0
3164.00000002468,-6138.1448051075522,-2875.1207874238994,0,3.2528157583190609,-6.9444922927186612,0
3164.9999999441206,-6134.8880616601082,-2882.0634381717095,0,3.2606704418007983,-6.9408077218119422,0
3165.9999998635612,-6131.6234656151601,-2889.0023999061359,0,3.2685209516558418,-6.9371142667383303,0
3167.0000000973232,-6128.3510211513558,-2895.9376637453738,0,3.2763672778356145,-6.9334119322254146,0
3168.0000000167638,-6125.0707324573959,-2902.8692208123534,0,3.2842094102968944,-6.9297007230121439,0
3168.9999999362044,-6121.7826037320165,-2909.797062234748,0,3.2920473390018277,-6.9259806438488321,0
3169.999999855645,-6118.4866391839896,-2916.7211791449881,0,3.2998810539179417,-6.9222516994971448,0
3171.000000089407,-6115.1828430321184,-2923.6415626802705,0,3.3077105450181565,-6.9185138947300944,0
3172.0000000088476,-6111.8712195052303,-2930.5582039825708,0,3.3155358022807992,-6.9147672343320341,0
3172.9999999282882,-6108.5517728421728,-2937.4710941986555,0,3.3233568156896163,-6.911011723098655,0
3173.9999998477288,-6105.2245072918049,-2944.3802244800913,0,3.3311735752337852,-6.907247365836974,0
3175.0000000814907,-6101.8894271129939,-2951.2855859832589,0,3.3389860709079295,-6.9034741673653315,0
3176.0000000009313,-6098.5465365746113,-2958.1871698693622,0,3.3467942927121306,-6.8996921325133869,0
3176.9999999203719,-6095.1958399555242,-2965.0849673044399,0,3.35459823065194,-6.8959012661221077,0
3178.0000001541339,-6091.8373415445922,-2971.9789694593778,0,3.3623978747383916,-6.8921015730437656,0
3179.0000000735745,-6088.4710456406601,-2978.8691675099194,0,3.3701932149880176,-6.888293058141933,0
3179.9999999930151,-6085.0969565525538,-2985.7555526366782,0,3.3779842414228565,-6.8844757262914689,0
3180.9999999124557,-6081.7150785990771,-2992.6381160251481,0,3.3857709440704697,-6.880649582378525,0
3182.0000001462176,-6078.325416108999,-2999.5168488657137,0,3.3935533129639541,-6.8768146313005252,0
3183.0000000656582,-6074.9279734210559,-3006.3917423536632,0,3.4013313381419517,-6.8729708779661696,0
3183.9999999850988,-6071.5227548839412,-3013.2627876892002,0,3.4091050096486657,-6.8691183272954284,0
3184.9999999045394,-6068.1097648563,-3020.1299760774523,0,3.4168743175338712,-6.8652569842195277,0
3186.0000001383014,-6064.6890077067292,-3026.9932987284842,0,3.4246392518529296,-6.8613868536809495,0
3187.000000057742,-6061.2604878137636,-3033.8527468573106,0,3.4323998026667994,-6.8575079406334227,0
3187.9999999771826,-6057.8242095658761,-3040.708311683903,0,3.440155960042051,-6.8536202500419208,0
3188.9999998966232,-6054.3801773614687,-3047.559984433205,0,3.4479077140508778,-6.8497237868826479,0
3190.0000001303852,-6050.9283956088711,-3054.4077563351411,0,3.4556550547711096,-6.8458185561430405,0
3191.0000000498258,-6047.4688687263297,-3061.2516186246298,0,3.463397972286224,-6.8419045628217567,0
3191.9999999692664,-6044.0016011420048,-3068.0915625415932,0,3.4711364566853629,-6.8379818119286693,0
3192.999999888707,-6040.526597293966,-3074.9275793309689,0,3.4788704980633387,-6.8340503084848612,0
3194.0000001224689,-6037.0438616301844,-3081.7596602427225,0,3.4866000865206552,-6.8301100575226199,0
3195.0000000419095,-6033.5533986085293,-3088.5877965318555,0,3.4943252121635129,-6.8261610640854276,0
3195.9999999613501,-6030.0552126967586,-3095.4119794584199,0,3.5020458651038258,-6.8222033332279581,0
3196.9999998807907,-6026.5493083725169,-3102.2322002875262,0,3.5097620354592327,-6.8182368700160696,0
3198.0000001145527,-6023.0356901233281,-3109.0484502893587,0,3.5174737133531102,-6.814261679526795,0
3199.0000000339933,-6019.5143624465882,-3115.8607207391829,0,3.5251808889145844,-6.8102777668483423,0
3199.9999999534339,-6015.9853298495655,-3122.6690029173592,0,3.5328835522785447,-6.8062851370800805,0
3200.9999998728745,-6012.4485968493836,-3129.4732881093505,0,3.5405816935856569,-6.802283795332535,0
3202.0000001066364,-6008.9041679730308,-3136.2735676057382,0,3.5482753029823746,-6.7982737467273848,0
3203.000000026077,-6005.3520477573402,-3143.0698327022301,0,3.5559643706209516,-6.7942549963974539,0
3203.9999999455176,-6001.7922407489905,-3149.8620746996726,0,3.5636488866594553,-6.7902275494867057,0
3204.9999998649582,-5998.2247515045001,-3156.6502849040612,0,3.571328841261781,-6.7861914111502344,0
3206.0000000987202,-5994.6495845902227,-3163.4344546265525,0,3.5790042245976594,-6.7821465865542541,0
3207.0000000181608,-5991.0667445823356,-3170.2145751834751,0,3.5866750268426739,-6.7780930808761042,0
3207.9999999376014,-5987.4762360668401,-3176.9906378963401,0,3.5943412381782722,-6.7740308993042317,0
3208.999999857042,-5983.8780636395522,-3183.7626340918519,0,3.6020028487917783,-6.7699600470381887,0
3210.000000090804,-5980.2722319060977,-3190.5305551019214,0,3.6096598488764036,-6.765880529288629,0
3211.0000000102445,-5976.6587454819064,-3197.2943922636746,0,3.6173122286312616,-6.7617923512772942,0
3211.9999999296851,-5973.0376089922074,-3204.0541369194666,0,3.6249599782613822,-6.7576955182370142,0
3212.9999998491257,-5969.4088270720213,-3210.8097804168883,0,3.6326030879777167,-6.753590035411694,0
3214.0000000828877,-5965.7724043661501,-3217.5613141087802,0,3.6402415479971602,-6.7494759080563131,0
3215.0000000023283,-5962.1283455291832,-3224.3087293532462,0,3.6478753485425575,-6.7453531414369161,0
3215.9999999217689,-5958.4766552254814,-3231.0520175136585,0,3.6555044798427168,-6.7412217408306025,0
3217.0000001555309,-5954.8173381291681,-3237.7911699586739,0,3.6631289321324245,-6.7370817115255264,0
3218.0000000749715,-5951.1503989241373,-3244.5261780622423,0,3.6707486956524549,-6.7329330588208842,0
3218.9999999944121,-5947.4758423040366,-3251.2570332036184,0,3.6783637606495834,-6.728775788026911,0
3219.9999999138527,-5943.7936729722614,-3257.9837267673734,0,3.6859741173766021,-6.7246099044648746,0
3221.0000001476146,-5940.1038956419525,-3264.7062501434029,0,3.6935797560923271,-6.7204354134670652,0
3222.0000000670552,-5936.4065150359911,-3271.4245947269424,0,3.7011806670616143,-6.7162523203767917,0
3222.9999999864958,-5932.7015358869885,-3278.1387519185764,0,3.7087768405553709,-6.712060630548371,0
3223.9999999059364,-5928.9889629372819,-3284.8487131242478,0,3.7163682668505675,-6.7078603493471283,0
3225.0000001396984,-5925.2688009389267,-3291.5544697552718,0,3.7239549362302529,-6.7036514821493824,0
3226.000000059139,-5921.541054653695,-3298.2560132283443,0,3.7315368389835624,-6.6994340343424401,0
3226.9999999785796,-5917.805728853069,-3304.9533349655535,0,3.7391139654057346,-6.6952080113245955,0
3227.9999998980202,-5914.0628283182277,-3311.6464263943926,0,3.7466863057981201,-6.6909734185051191,0
3229.0000001317821,-5910.3123578400473,-3318.3352789477699,0,3.7542538504681962,-6.6867302613042456,0
3230.0000000512227,-5906.5543222190954,-3325.0198840640178,0,3.7618165897295794,-6.6824785451531765,0
3230.9999999706633,-5902.7887262656186,-3331.7002331869062,0,3.7693745139020369,-6.6782182754940687,0
3231.9999998901039,-5899.0155747995441,-3338.3763177656538,0,3.7769276133114973,-6.6739494577800258,0
3233.0000001238659,-5895.2348726504724,-3345.0481292549362,0,3.7844758782900678,-6.6696720974750932,0
3234.0000000433065,-5891.4466246576621,-3351.7156591148982,0,3.7920192991760406,-6.6653862000542503,0
3234.9999999627471,-5887.650835670036,-3358.3788988111669,0,3.79955786631391,-6.6610917710034041,0
3235.9999998821877,-5883.8475105461666,-3365.0378398148596,0,3.807091570054383,-6.6567888158193824,0
3237.0000001159497,-5880.0366541542744,-3371.6924736025962,0,3.8146204007543929,-6.652477340009928,0
3238.0000000353903,-5876.2182713722168,-3378.3427916565101,0,3.8221443487771078,-6.6481573490936876,0
3238.9999999548309,-5872.3923670874883,-3384.9887854642579,0,3.8296634044919466,-6.6438288486002044,0
3239.9999998742715,-5868.5589461972113,-3391.630446519031,0,3.8371775582745911,-6.639491844069922,0
3241.0000001080334,-5864.7180136081242,-3398.2677663195695,0,3.8446868005069961,-6.6351463410541625,0
3242.000000027474,-5860.8695742365844,-3404.9007363701662,0,3.8521911215774058,-6.6307923451151263,0
3242.9999999469146,-5857.0136330085579,-3411.5293481806834,0,3.8596905118803604,-6.6264298618258888,0
3243.9999998663552,-5853.1501948596124,-3418.153593266562,0,3.8671849618167129,-6.6220588967703868,0
3245.0000001001172,-5849.2792647349115,-3424.7734631488324,0,3.8746744617936395,-6.6176794555434117,0
3246.0000000195578,-5845.4008475892078,-3431.3889493541255,0,3.8821590022246522,-6.6132915437506057,0
3246.9999999389984,-5841.5149483868372,-3438.0000434146837,0,3.8896385735296128,-6.6088951670084537,0
3247.999999858439,-5837.6215721017143,-3444.6067368683689,0,3.8971131661347411,-6.6044903309442748,0
3249.0000000922009,-5833.7207237173234,-3451.2090212586768,0,3.9045827704726315,-6.6000770411962195,0
3250.0000000116415,-5829.8124082267132,-3457.8068881347485,0,3.9120473769822608,-6.5956553034132552,0
3250.9999999310821,-5825.8966306324874,-3464.4003290513783,0,3.9195069761090071,-6.5912251232551595,0
3251.9999998505227,-5821.9733959468049,-3470.9893355690242,0,3.9269615583046535,-6.5867865063925226,0
3253.0000000842847,-5818.042709191368,-3477.5738992538218,0,3.9344111140274083,-6.5823394585067341,0
3254.0000000037253,-5814.1045753974176,-3484.1540116775932,0,3.9418556337419113,-6.5778839852899704,0
3254.9999999231659,-5810.1589996057282,-3490.7296644178591,0,3.9492951079192484,-6.5734200924451933,0
3256.0000001569279,-5806.2059868665983,-3497.3008490578459,0,3.9567295270369662,-6.5689477856861451,0
3257.0000000763685,-5802.2455422398461,-3503.867557186501,0,3.9641588815790789,-6.5644670707373338,0
3257.999999995809,-5798.2776707948015,-3510.4297803985019,0,3.9715831620360849,-6.5599779533340303,0
3258.9999999152496,-5794.3023776103037,-3516.987510294266,0,3.9790023589049763,-6.5554804392222623,0
3260.0000001490116,-5790.3196677746882,-3523.5407384799628,0,3.9864164626892529,-6.5509745341588053,0
3261.0000000684522,-5786.3295463857839,-3530.089456567523,0,3.9938254638989337,-6.5464602439111728,0
3261.9999999878928,-5782.3320185509074,-3536.6336561746502,0,4.0012293530505687,-6.5419375742576129,0
3262.9999999073334,-5778.3270893868603,-3543.1733289248327,0,4.0086281206672503,-6.5374065309870995,0
3264.0000001410954,-5774.3147640199104,-3549.7084664473527,0,4.0160217572786276,-6.5328671198993256,0
3265.000000060536,-5770.2950475857933,-3556.239060377296,0,4.0234102534209182,-6.5283193468046914,0
3265.9999999799766,-5766.2679452297098,-3562.7651023555663,0,4.0307935996369189,-6.5237632175243041,0
3266.9999998994172,-5762.2334621063119,-3569.2865840288928,0,4.038171786476016,-6.5191987378899654,0
3268.0000001331791,-5758.1916033796988,-3575.803497049842,0,4.0455448044942015,-6.5146259137441627,0
3269.0000000526197,-5754.1423742234092,-3582.3158330768283,0,4.0529126442540839,-6.5100447509400698,0
3269.9999999720603,-5750.0857798204188,-3588.8235837741245,0,4.0602752963248996,-6.5054552553415288,0
3270.9999998915009,-5746.0218253631292,-3595.3267408118713,0,4.0676327512825257,-6.5008574328230502,0
3272.0000001252629,-5741.9505160533636,-3601.825295866091,0,4.07498499970949,-6.4962512892698028,0
3273.0000000447035,-5737.8718571023564,-3608.3192406186968,0,4.0823320321949854,-6.4916368305776064,0
3273.9999999641441,-5733.7858537307538,-3614.8085667575015,0,4.0896738393348819,-6.4870140626529222,0
3274.9999998835847,-5729.6925111686014,-3621.2932659762305,0,4.0970104117317376,-6.4823829914128517,0
3276.0000001173466,-5725.5918346553362,-3627.773329974531,0,4.1043417399948092,-6.4777436227851179,0
3277.0000000367872,-5721.4838294397841,-3634.2487504579831,0,4.1116678147400689,-6.4730959627080686,0
3277.9999999562278,-5717.3685007801541,-3640.7195191381129,0,4.1189886265902116,-6.4684400171306642,0
3278.9999998756684,-5713.2458539440267,-3647.1856277323982,0,4.126304166174668,-6.4637757920124717,0
3280.0000001094304,-5709.1158942083484,-3653.6470679642807,0,4.1336144241296155,-6.4591032933236532,0
3281.000000028871,-5704.9786268594298,-3660.1038315631818,0,4.1409193910979996,-6.4544225270449598,0
3281.9999999483116,-5700.8340571929311,-3666.5559102645052,0,4.1482190577295279,-6.4497334991677295,0
3282.9999998677522,-5696.682190513864,-3673.0032958096517,0,4.1555134146807022,-6.4450362156938708,0
3284.0000001015142,-5692.5230321365771,-3679.445979946031,0,4.1628024526148142,-6.4403306826358628,0
3285.0000000209548,-5688.3565873847519,-3685.8839544270695,0,4.1700861622019643,-6.4356169060167421,0
3285.9999999403954,-5684.1828615913983,-3692.3172110122223,0,4.177364534119075,-6.4308948918700981,0
3286.999999859836,-5680.0018600988442,-3698.7457414669821,0,4.1846375590499036,-6.4261646462400623,0
3288.0000000935979,-5675.8135882587312,-3705.1695375628924,0,4.1919052276850453,-6.4214261751813044,0
3289.0000000130385,-5671.6180514320076,-3711.5885910775569,0,4.1991675307219545,-6.4166794847590198,0
3289.9999999324791,-5667.4152549889195,-3718.0028937946481,0,4.2064244588649542,-6.4119245810489272,0
3290.9999998519197,-5663.2052043090052,-3724.4124375039205,0,4.2136760028252462,-6.4071614701372583,0
3292.0000000856817,-5658.98790478109,-3730.8172140012207,0,4.2209221533209247,-6.4023901581207472,0
3293.0000000051223,-5654.7633618032769,-3737.2172150884958,0,4.2281629010769874,-6.3976106511066284,0
3293.9999999245629,-5650.5315807829393,-3743.6124325738074,0,4.2353982368253442,-6.3928229552126261,0
3294.9999998440035,-5646.2925671367157,-3750.0028582713371,0,4.2426281513048396,-6.388027076566944,0
3296.0000000777654,-5642.0463262905041,-3756.3884840014034,0,4.2498526352612487,-6.3832230213082601,0
3296.999999997206,-5637.7928636794504,-3762.7693015904656,0,4.2570716794473062,-6.3784107955857188,0
3297.9999999166466,-5633.5321847479454,-3769.1453028711389,0,4.2642852746227016,-6.3735904055589216,0
3299.0000001504086,-5629.2642949496185,-3775.5164796822046,0,4.2714934115541032,-6.3687618573979217,0
3300.0000000698492,-5624.9891997473278,-3781.8828238686169,0,4.2786960810151662,-6.3639251572832141,0
3300.9999999892898,-5620.7069046131519,-3788.2443272815167,0,4.2858932737865416,-6.3590803114057293,0
3301.9999999087304,-5616.4174150283879,-3794.6009817782419,0,4.2930849806558928,-6.3542273259668232,0
3303.0000001424924,-5612.1207364835418,-3800.9527792223339,0,4.3002711924179042,-6.3493662071782691,0
3304.000000061933,-5607.8168744783216,-3807.2997114835548,0,4.3074518998742972,-6.3444969612622533,0
3304.9999999813735,-5603.5058345216257,-3813.6417704378928,0,4.314627093833832,-6.3396195944513627,0
3305.9999999008141,-5599.187622131546,-3819.9789479675737,0,4.3217967651123308,-6.3347341129885804,0
3307.0000001345761,-5594.8622428353519,-3826.3112359610709,0,4.3289609045326847,-6.3298405231272756,0
3308.0000000540167,-5590.5297021694878,-3832.6386263131167,0,4.3361195029248636,-6.3249388311311963,0
3308.9999999734573,-5586.1900056795648,-3838.961110924713,0,4.3432725511259278,-6.3200290432744604,0
3309.9999998928979,-5581.843158920351,-3845.2786817031406,0,4.3504200399800474,-6.3151111658415502,0
3311.0000001266599,-5577.4891674557693,-3851.5913305619692,0,4.3575619603385052,-6.3101852051272989,0
3312.0000000461005,-5573.1280368588868,-3857.8990494210693,0,4.3646983030597148,-6.3052511674368894,0
3312.9999999655411,-5568.7597727119082,-3864.2018302066222,0,4.3718290590092241,-6.3003090590858424,0
3313.9999998849817,-5564.3843806061677,-3870.4996648511296,0,4.3789542190597324,-6.2953588864000105,0
3315.0000001187436,-5560.0018661421273,-3876.7925452934232,0,4.3860737740911047,-6.2904006557155636,0
3316.0000000381842,-5555.6122349293637,-3883.0804634786768,0,4.39318771499038,-6.285434373378993,0
3316.9999999576248,-5551.2154925865607,-3889.3634113584162,0,4.4002960326517826,-6.2804600457470894,0
3317.9999998770654,-5546.8116447415059,-3895.6413808905281,0,4.4073987179767338,-6.2754776791869453,0
3319.0000001108274,-5542.4006970310829,-3901.9143640392726,0,4.4144957618738676,-6.2704872800759421,0
3320.000000030268,-5537.9826551012611,-3908.1823527752917,0,4.4215871552590329,-6.2654888548017436,0
3320.9999999497086,-5533.557524607093,-3914.4453390756212,0,4.4286728890553153,-6.2604824097622833,0
3321.9999998691492,-5529.1253112127033,-3920.7033149236981,0,4.4357529541930463,-6.2554679513657616,0
3323.0000001029111,-5524.6860205912799,-3926.9562723093732,0,4.4428273416098074,-6.2504454860306415,0
3324.0000000223517,-5520.2396584250746,-3933.2042032289219,0,4.4498960422504528,-6.2454150201856269,0
3324.9999999417923,-5515.7862304053879,-3939.4470996850537,0,4.4569590470671132,-6.2403765602696666,0
3325.9999998612329,-5511.3257422325632,-3945.6849536869208,0,4.4640163470192116,-6.2353301127319387,0
3327.0000000949949,-5506.8581996159837,-3951.9177572501299,0,4.4710679330734706,-6.2302756840318514,0
3328.0000000144355,-5502.383608274059,-3958.1455023967533,0,4.4781137962039299,-6.2252132806390206,0
3328.9999999338761,-5497.901973934222,-3964.3681811553374,0,4.485153927391953,-6.2201429090332763,0
3329.9999998533167,-5493.4133023329241,-3970.5857855609124,0,4.4921883176262396,-6.2150645757046421,0
3331.0000000870787,-5488.9175992156197,-3976.7983076550054,0,4.4992169579028358,-6.209978287153338,0
3332.0000000065193,-5484.4148703367691,-3983.0057394856481,0,4.5062398392251533,-6.2048840498897659,0
3332.9999999259599,-5479.9051214598185,-3989.2080731073875,0,4.5132569526039683,-6.1997818704344976,0
3333.9999998454005,-5475.3883583572042,-3995.4053005812966,0,4.5202682890574462,-6.1946717553182742,0
3335.0000000791624,-5470.8645868103367,-4001.5974139749846,0,4.5272738396111425,-6.1895537110819951,0
3335.999999998603,-5466.333812609606,-4007.7844053626054,0,4.5342735952980213,-6.1844277442767064,0
3336.9999999180436,-5461.796041554353,-4013.9662668248693,0,4.541267547158462,-6.1792938614635942,0
3338.0000001518056,-5457.251279452882,-4020.1429904490542,0,4.5482556862402737,-6.1741520692139824,0
3339.0000000712462,-5452.6995321224467,-4026.3145683290122,0,4.5552380035987063,-6.1690023741093132,0
3339.9999999906868,-5448.1408053892383,-4032.4809925651848,0,4.5622144902964612,-6.1638447827411476,0
3340.9999999101274,-5443.5751050883837,-4038.6422552646077,0,4.5691851374037018,-6.1586793017111532,0
3342.0000001438893,-5439.0024370639339,-4044.7983485409231,0,4.5761499359980675,-6.1535059376310945,0
3343.0000000633299,-5434.4228071688631,-4050.9492645143932,0,4.5831088771646833,-6.1483246971228285,0
3343.9999999827705,-5429.8362212650509,-4057.0949953119034,0,4.590061951996173,-6.1431355868182926,0
3344.9999999022111,-5425.242685223282,-4063.2355330669789,0,4.5970091515926654,-6.1379386133594984,0
3346.0000001359731,-5420.6422049232406,-4069.3708699197887,0,4.6039504670618134,-6.1327337833985212,0
3347.0000000554137,-5416.0347862534954,-4075.5009980171626,0,4.6108858895187996,-6.1275211035974939,0
3347.9999999748543,-5411.4204351114986,-4081.6259095125952,0,4.6178154100863527,-6.1223005806285951,0
3348.9999998942949,-5406.799157403575,-4087.7455965662584,0,4.6247390198947498,-6.1170722211740438,0
3350.0000001280569,-5402.1709590449163,-4093.8600513450133,0,4.6316567100818391,-6.1118360319260914,0
3351.0000000474975,-5397.5358459595709,-4099.9692660224155,0,4.6385684717930431,-6.1065920195870076,0
3351.999999966938,-5392.8938240804373,-4106.0732327787291,0,4.6454742961813755,-6.1013401908690783,0
3352.9999998863786,-5388.2448993492608,-4112.171943800935,0,4.6523741744074449,-6.0960805524945956,0
3354.0000001201406,-5383.5890777166196,-4118.2653912827427,0,4.6592680976394742,-6.0908131111958443,0
3355.0000000395812,-5378.9263651419215,-4124.3535674245986,0,4.6661560570533096,-6.0855378737150971,0
3355.9999999590218,-5374.2567675933915,-4130.4364644336965,0,4.6730380438324275,-6.0802548468046087,0
3356.9999998784624,-5369.5802910480706,-4136.514074523986,0,4.6799140491679534,-6.0749640372266009,0
3358.0000001122244,-5364.8969414918038,-4142.586389916185,0,4.6867840642586662,-6.0696654517532611,0
3359.000000031665,-5360.2067249192332,-4148.6534028377882,0,4.6936480803110125,-6.0643590971667258,0
3359.9999999511056,-5355.509647333789,-4154.7151055230779,0,4.7005060885391199,-6.0590449802590793,0
3360.9999998705462,-5350.8057147476884,-4160.771490213132,0,4.7073580801648021,-6.0537231078323392,0
3362.0000001043081,-5346.0949331819174,-4166.8225491558387,0,4.7142040464175752,-6.0483934866984503,0
3363.0000000237487,-5341.3773086662304,-4172.8682746059003,0,4.7210439785346709,-6.0430561236792766,0
3363.9999999431893,-5336.6528472391437,-4178.9086588248456,0,4.7278778677610402,-6.0377110256065896,0
3364.9999998626299,-5331.9215549479213,-4184.943694081041,0,4.7347057053493717,-6.0323581993220659,0
3366.0000000963919,-5327.1834378485719,-4190.9733726497007,0,4.7415274825600999,-6.0269976516772701,0
3367.0000000158325,-5322.4385020058389,-4196.9976868128942,0,4.748343190661414,-6.0216293895336515,0
3367.9999999352731,-5317.6867534931953,-4203.0166288595592,0,4.7551528209292737,-6.0162534197625357,0
3368.9999998547137,-5312.9281983928313,-4209.0301910855042,0,4.7619563646474186,-6.01086974924511,0
3370.0000000884756,-5308.162842795653,-4215.0383657934299,0,4.7687538131073781,-6.0054783848724202,0
3371.0000000079162,-5303.3906928012684,-4221.0411452929302,0,4.7755451576084855,-6.0000793335453615,0
3371.9999999273568,-5298.6117545179859,-4227.0385219005047,0,4.7823303894578837,-5.9946726021746679,0
3372.9999998467974,-5293.8260340627976,-4233.0304879395717,0,4.7891094999705413,-5.9892581976809041,0
3374.0000000805594,-5289.0335375613822,-4239.0170357404704,0,4.7958824804692624,-5.9838361269944542,0
3375,-5284.2342711480887,-4244.998157640478,0,4.8026493222846973,-5.9784063970555152,0
3375.9999999194406,-5279.428240965929,-4250.9738459838145,0,4.8094100167553542,-5.9729690148140913,0
3377.0000001532026,-5274.6154531665779,-4256.9440931216586,0,4.8161645552276093,-5.9675239872299795,0
3378.0000000726432,-5269.7959139103568,-4262.9088914121494,0,4.8229129290557182,-5.9620713212727621,0
3378.9999999920838,-5264.9696293662273,-4268.8682332204062,0,4.8296551296018286,-5.9566110239217975,0
3379.9999999115244,-5260.1366057117903,-4274.822110918527,0,4.8363911482359869,-5.9511431021662133,0
3381.0000001452863,-5255.2968491332676,-4280.7705168856037,0,4.843120976336154,-5.945667563004899,0
3382.0000000647269,-5250.4503658255016,-4286.7134435077378,0,4.8498446052882196,-5.9401844134464907,0
3382.9999999841675,-5245.5971619919428,-4292.6508831780384,0,4.8565620264859994,-5.9346936605093665,0
3383.9999999036081,-5240.7372438446464,-4298.5828282966413,0,4.8632732313312612,-5.9291953112216369,0
3385.0000001373701,-5235.8706176042615,-4304.5092712707119,0,4.8699782112337253,-5.923689372621137,0
3386.0000000568107,-5230.997289500021,-4310.4302045144623,0,4.8766769576110836,-5.9181758517554144,0
3386.9999999762513,-5226.117265769738,-4316.345620449154,0,4.8833694618890044,-5.9126547556817233,0
3387.9999998956919,-5221.2305526597975,-4322.2555115031109,0,4.8900557155011466,-5.9071260914670152,0
3389.0000001294538,-5216.3371564251429,-4328.1598701117337,0,4.8967357098891728,-5.9015898661879227,0
3390.0000000488944,-5211.4370833292751,-4334.058688717495,0,4.903409436502753,-5.8960460869307632,0
3390.999999968335,-5206.5303396442432,-4339.9519597699673,0,4.9100768867995805,-5.890494760791519,0
3391.9999998877756,-5201.6169316506275,-4345.8396757258188,0,4.9167380522453845,-5.884935894875837,0
3393.0000001215376,-5196.6968656375448,-4351.7218290488318,0,4.9233929243139372,-5.8793694962990068,0
3394.0000000409782,-5191.7701479026318,-4357.5984122099044,0,4.9300414944870674,-5.87379557218597,0
3394.9999999604188,-5186.8367847520403,-4363.4694176870689,0,4.9366837542546671,-5.8682141296712933,0
3395.9999998798594,-5181.8967825004256,-4369.3348379654954,0,4.9433196951147096,-5.8626251758991703,0
3397.0000001136214,-5176.9501474709441,-4375.1946655375004,0,4.9499493085732533,-5.8570287180234075,0
3398.000000033062,-5171.9968859952414,-4381.0488929025632,0,4.9565725861444587,-5.8514247632074161,0
3398.9999999525025,-5167.0370044134443,-4386.8975125673269,0,4.9631895193505953,-5.8458133186242041,0
3399.9999998719431,-5162.0705090741531,-4392.7405170456159,0,4.9698000997220504,-5.8401943914563672,0
3401.0000001057051,-5157.0974063344329,-4398.5778988584416,0,4.9764043187973463,-5.8345679888960778,0
3402.0000000251457,-5152.1177025598099,-4404.4096505340121,0,4.9830021681231438,-5.8289341181450771,0
3402.9999999445863,-5147.131404124254,-4410.2357646077389,0,4.989593639254263,-5.8232927864146644,0
3403.9999998640269,-5142.138517410177,-4416.0562336222556,0,4.9961787237536814,-5.817644000925692,0
3405.0000000977889,-5137.1390488084298,-4421.8710501274145,0,5.0027574131925565,-5.8119877689085486,0
3406.0000000172295,-5132.1330047182855,-4427.6802066803093,0,5.0093296991502267,-5.8063240976031585,0
3406.9999999366701,-5127.1203915474298,-4433.4836958452752,0,5.015895573214233,-5.8006529942589662,0
3407.9999998561107,-5122.1012157119576,-4439.2815101939004,0,5.0224550269803174,-5.7949744661349261,0
3409.0000000898726,-5117.0754836363667,-4445.0736423050403,0,5.0290080520524434,-5.7892885204995013,0
3410.0000000093132,-5112.0432017535459,-4450.8600847648222,0,5.0355546400428013,-5.7835951646306469,0
3410.9999999287538,-5107.0043765047676,-4456.6408301666552,0,5.0420947825718221,-5.7778944058158048,0
3411.9999998481944,-5101.959014339679,-4462.4158711112386,0,5.048628471268187,-5.7721862513518918,0
3413.0000000819564,-5096.9071217162955,-4468.1852002065771,0,5.0551556977688374,-5.7664707085452891,0
3414.000000001397,-5091.8487051009915,-4473.9488100679864,0,5.0616764537189862,-5.7607477847118354,0
3414.9999999208376,-5086.7837709684918,-4479.7066933180995,0,5.0681907307721303,-5.7550174871768194,0
3416.0000001545995,-5081.7123258018619,-4485.4588425868842,0,5.0746985205900552,-5.749279823274966,0
3417.0000000740401,-5076.634376092502,-4491.2052505116426,0,5.0811998148428552,-5.7435348003504307,0
3417.9999999934807,-5071.5499283401377,-4496.9459097370282,0,5.0876946052089354,-5.7377824257567864,0
3418.9999999129213,-5066.4589890528159,-4502.6808129150522,0,5.0941828833750256,-5.7320227068570171,0
3420.0000001466833,-5061.3615647468887,-4508.4099527050976,0,5.100664641036194,-5.7262556510235072,0
3421.0000000661239,-5056.2576619470092,-4514.1333217739157,0,5.1071398698958514,-5.7204812656380328,0
3421.9999999855645,-5051.1472871861251,-4519.8509127956522,0,5.1136085616657683,-5.7146995580917519,0
3422.9999999050051,-5046.030447005468,-4525.5627184518462,0,5.1200707080660823,-5.7089105357851944,0
3424.0000001387671,-5040.907147954541,-4531.2687314314398,0,5.1265263008253097,-5.7031142061282525,0
3425.0000000582077,-5035.7773965911174,-4536.9689444307924,0,5.1329753316803508,-5.6973105765401719,0
3425.9999999776483,-5030.6411994812324,-4542.6633501536853,0,5.1394177923765092,-5.6914996544495429,0
3426.9999998970889,-5025.4985631991667,-4548.3519413113372,0,5.1458536746674994,-5.6856814472942894,0
3428.0000001308508,-5020.3494943274445,-4554.0347106224035,0,5.1522829703154525,-5.6798559625216605,0
3429.0000000502914,-5015.1939994568256,-4559.711650812993,0,5.1587056710909325,-5.6740232075882195,0
3429.999999969732,-5010.0320851862934,-4565.3827546166804,0,5.1651217687729449,-5.6681831899598372,0
3430.9999998891726,-5004.8637581230496,-4571.0480147745066,0,5.1715312551489463,-5.6623359171116805,0
3432.0000001229346,-4999.6890248824993,-4576.7074240349921,0,5.1779341220148556,-5.6564813965282035,0
3433.0000000423752,-4994.5078920882552,-4582.360975154148,0,5.1843303611750651,-5.6506196357031335,0
3433.9999999618158,-4989.3203663721151,-4588.0086608954853,0,5.1907199644424509,-5.6447506421394689,0
3434.9999998812564,-4984.1264543740617,-4593.6504740300188,0,5.197102923638381,-5.6388744233494643,0
3436.0000001150183,-4978.9261627422529,-4599.2864073362825,0,5.2034792305927295,-5.6329909868546251,0
3437.0000000344589,-4973.7194981330122,-4604.9164536003382,0,5.2098488771438882,-5.6271003401856889,0
3437.9999999538995,-4968.5064672108165,-4610.5406056157772,0,5.2162118551387691,-5.621202490882629,0
3438.9999998733401,-4963.2870766482993,-4616.1588561837416,0,5.2225681564328186,-5.6152974464946368,0
3440.0000001071021,-4958.0613331262293,-4621.771198112925,0,5.2289177728900373,-5.6093852145801106,0
3441.0000000265427,-4952.8292433335064,-4627.3776242195827,0,5.2352606963829755,-5.6034658027066504,0
3441.9999999459833,-4947.5908139671565,-4632.9781273275439,0,5.2415969187927525,-5.5975392184510468,0
3442.9999998654239,-4942.3460517323174,-4638.5727002682188,0,5.2479264320090637,-5.5916054693992709,0
3444.0000000991859,-4937.094963342237,-4644.1613358806089,0,5.2542492279301944,-5.5856645631464632,0
3445.0000000186265,-4931.8375555182556,-4649.744027011312,0,5.2605652984630256,-5.5797165072969266,0
3445.999999938067,-4926.5738349898029,-4655.3207665145392,0,5.2668746355230498,-5.5737613094641141,0
3446.9999998575076,-4921.3038084943937,-4660.8915472521194,0,5.2731772310343761,-5.5677989772706225,0
3448.0000000912696,-4916.0274827776066,-4666.4563620935041,0,5.2794730769297411,-5.5618295183481807,0
3449.0000000107102,-4910.744864593089,-4672.0152039157865,0,5.2857621651505253,-5.5558529403376378,0
3449.9999999301508,-4905.4559607025458,-4677.5680656037021,0,5.2920444876467547,-5.5498692508889542,0
3450.9999998495914,-4900.1607778757179,-4683.1149400496388,0,5.2983200363771186,-5.5438784576611964,0
3452.0000000833534,-4894.8593228903901,-4688.6558201536527,0,5.3045888033089748,-5.5378805683225218,0
3453.000000002794,-4889.5516025323741,-4694.1906988234714,0,5.3108507804183596,-5.5318755905501709,0
3453.9999999222346,-4884.2376235955007,-4699.7195689745031,0,5.3171059596900063,-5.5258635320304572,0
3455.0000001559965,-4878.9173928816117,-4705.2424235298495,0,5.3233543331173445,-5.5198444004587559,0
3456.0000000754371,-4873.5909172005495,-4710.7592554203056,0,5.3295958927025175,-5.5138182035394996,0
3456.9999999948777,-4868.2582033701528,-4716.2700575843837,0,5.3358306304563872,-5.5077849489861608,0
3457.9999999143183,-4862.9192582162441,-4721.7748229683075,0,5.3420585383985495,-5.5017446445212475,0
3459.0000001480803,-4857.5740885726191,-4727.2735445260314,0,5.348279608557343,-5.4956972978762915,0
3460.0000000675209,-4852.2227012810436,-4732.7662152192452,0,5.354493832969859,-5.4896429167918361,0
3460.9999999869615,-4846.8651031912459,-4738.2528280173838,0,5.3607012036819501,-5.4835815090174327,0
3461.9999999064021,-4841.5013011608962,-4743.7333758976347,0,5.3669017127482412,-5.4775130823116251,0
3463.000000140164,-4836.1313020556099,-4749.2078518449525,0,5.3730953522321414,-5.4714376444419397,0
3464.0000000596046,-4830.7551127489342,-4754.6762488520571,0,5.37928211420585,-5.4653552031848793,0
3464.9999999790452,-4825.3727401223405,-4760.1385599194537,0,5.3854619907503727,-5.4592657663259088,0
3465.9999998984858,-4819.9841910652121,-4765.5947780554388,0,5.3916349739555267,-5.45316934165945,0
3467.0000001322478,-4814.5894724748414,-4771.0448962761038,0,5.3978010559199534,-5.4470659369888672,0
3468.0000000516884,-4809.1885912564157,-4776.4889076053523,0,5.403960228751127,-5.4409555601264579,0
3468.999999971129,-4803.7815543230108,-4781.9268050748997,0,5.4101124845653663,-5.4348382188934474,0
3469.9999998905696,-4798.3683685955803,-4787.3585817242911,0,5.4162578154878416,-5.4287139211199733,0
3471.0000001243316,-4792.949041002953,-4792.7842306009052,0,5.4223962136525898,-5.4225826746450769,0
3472.0000000437722,-4787.5235784818133,-4798.2037447599623,0,5.428527671202521,-5.4164444873166948,0
3472.9999999632128,-4782.0919879766998,-4803.6171172645381,0,5.4346521802894276,-5.4102993669916488,0
3473.9999998826534,-4776.654276440001,-4809.0243411855681,0,5.4407697330739975,-5.4041473215356319,0
3475.0000001164153,-4771.2104508319308,-4814.4254096018567,0,5.446880321725823,-5.3979883588232038,0
3476.0000000358559,-4765.7605181205345,-4819.8203156000891,0,5.4529839384234107,-5.3918224867377758,0
3476.9999999552965,-4760.3044852816711,-4825.2090522748376,0,5.4590805753541884,-5.3856497131716061,0
3477.9999998747371,-4754.8423592990148,-4830.5916127285736,0,5.4651702247145195,-5.3794700460257854,0
3479.0000001084991,-4749.3741471640305,-4835.9679900716683,0,5.4712528787097101,-5.3732834932102271,0
3480.0000000279397,-4743.8998558759795,-4841.3381774224108,0,5.4773285295540237,-5.3670900626436584,0
3480.9999999473803,-4738.4194924418998,-4846.7021679070158,0,5.4833971694706873,-5.3608897622536125,0
3481.9999998668209,-4732.9330638766041,-4852.0599546596231,0,5.4894587906918986,-5.3546825999764138,0
3483.0000001005828,-4727.4405772026685,-4857.4115308223199,0,5.4955133854588416,-5.3484685837571693,0
3484.0000000200234,-4721.9420394504214,-4862.7568895451404,0,5.5015609460216908,-5.342247721549759,0
3484.999999939464,-4716.4374576579385,-4868.0960239860769,0,5.5076014646396318,-5.3360200213168296,0
3485.9999998589046,-4710.9268388710334,-4873.428927311088,0,5.513634933580855,-5.3297854910297753,0
3487.0000000926666,-4705.4101901432441,-4878.7555926941104,0,5.5196613451225804,-5.3235441386687343,0
3488.0000000121072,-4699.8875185358265,-4884.0760133170625,0,5.5256806915510577,-5.3172959722225777,0
3488.9999999315478,-4694.3588311177473,-4889.3901823698588,0,5.5316929651615858,-5.311040999688899,0
3489.9999998509884,-4688.8241349656737,-4894.6980930504142,0,5.5376981582585083,-5.3047792290740006,0
3491.0000000847504,-4683.2834371639628,-4899.9997385646529,0,5.543696263155236,-5.2985106683928906,0
3492.000000004191,-4677.7367448046552,-4905.2951121265214,0,5.5496872721742543,-5.2922353256692647,0
3492.9999999236315,-4672.184064987463,-4910.5842069579903,0,5.5556711776471284,-5.2859532089355019,0
3493.9999998430721,-4666.6254048197625,-4915.8670162890712,0,5.5616479719145193,-5.279664326232651,0
3495.0000000768341,-4661.0607714165853,-4921.1435333578183,0,5.5676176473261849,-5.2733686856104214,0
3495.9999999962747,-4655.4901719006084,-4926.4137514103395,0,5.5735801962410001,-5.2670662951271705,0
3496.9999999157153,-4649.9136134021455,-4931.677663700807,0,5.5795356110269596,-5.2607571628498997,0
3498.0000001494773,-4644.3311030591385,-4936.9352634914658,0,5.5854838840611887,-5.2544412968542362,0
3499.0000000689179,-4638.7426480171462,-4942.186544052639,0,5.5914250077299572,-5.248118705224428,0
3499.9999999883585,-4633.1482554293361,-4947.4314986627351,0,5.5973589744286834,-5.2417893960533304,0
3500.9999999077991,-4627.5479324564776,-4952.6701206082653,0,5.6032857765619468,-5.2354533774423997,0
3502.000000141561,-4621.9416862669286,-4957.9024031838444,0,5.6092054065434986,-5.2291106575016766,0
3503.0000000610016,-4616.3295240366333,-4963.128339692199,0,5.6151178567962683,-5.2227612443497824,0
3503.9999999804422,-4610.7114529491027,-4968.3479234441829,0,5.6210231197523779,-5.2164051461139067,0
3504.9999998998828,-4605.0874801954151,-4973.561147758779,0,5.6269211878531475,-5.2100423709297914,0
3506.0000001336448,-4599.457612974199,-4978.7680059631075,0,5.632812053549106,-5.203672926941727,0
3507.0000000530854,-4593.8218584916322,-4983.968491392443,0,5.638695709300003,-5.1972968223025413,0
3507.999999972526,-4588.1802239614253,-4989.1625973902155,0,5.6445721475748165,-5.1909140651735859,0
3508.9999998919666,-4582.5327166048164,-4994.350317308018,0,5.6504413608517616,-5.18452466372473,0
3510.0000001257285,-4576.8793436505584,-4999.5316445056187,0,5.6563033416183019,-5.1781286261343444,0
3511.0000000451691,-4571.2201123349168,-5004.7065723509686,0,5.6621580823711586,-5.1717259605892956,0
3511.9999999646097,-4565.5550299016531,-5009.8750942202096,0,5.6680055756163217,-5.1653166752849327,0
3512.9999998840503,-4559.8841036020158,-5015.0372034976863,0,5.6738458138690531,-5.1589007784250818,0
3514.0000001178123,-4554.2073406947366,-5020.1928935759461,0,5.6796787896539049,-5.152478278222028,0
3515.0000000372529,-4548.5247484460178,-5025.3421578557563,0,5.6855044955047269,-5.1460491828965083,0
3515.9999999566935,-4542.8363341295235,-5030.4849897461081,0,5.6913229239646705,-5.1396135006777026,0
3516.9999998761341,-4537.1421050263671,-5035.6213826642261,0,5.6971340675862017,-5.1331712398032234,0
3518.0000001098961,-4531.442068425109,-5040.7513300355768,0,5.7029379189311147,-5.1267224085191021,0
3519.0000000293367,-4525.7362316217395,-5045.8748252938785,0,5.7087344705705343,-5.1202670150797802,0
3519.9999999487773,-4520.0246019196766,-5050.9918618811043,0,5.7145237150849315,-5.113805067748098,0
3520.9999998682179,-4514.3071866297496,-5056.102433247499,0,5.7203056450641299,-5.1073365747952879,0
3522.0000001019798,-4508.5839930701941,-5061.2065328515791,0,5.7260802531073143,-5.1008615445009564,0
3523.0000000214204,-4502.8550285666452,-5066.3041541601488,0,5.7318475318230409,-5.0943799851530818,0
3523.999999940861,-4497.1203004521203,-5071.3952906483009,0,5.7376074738292511,-5.0878919050479947,0
3524.9999998603016,-4491.3798160670149,-5076.4799357994279,0,5.7433600717532718,-5.0813973124903766,0
3526.0000000940636,-4485.6335827590965,-5081.5580831052357,0,5.7491053182318348,-5.0748962157932436,0
3527.0000000135042,-4479.8816078834861,-5086.629726065742,0,5.7548432059110803,-5.0683886232779356,0
3527.9999999329448,-4474.1238988026571,-5091.6948581892957,0,5.7605737274465678,-5.0618745432741088,0
3528.9999998523854,-4468.3604628864196,-5096.7534729925737,0,5.7662968755032846,-5.0553539841197237,0
3530.0000000861473,-4462.5913075119179,-5101.8055640006014,0,5.7720126427556551,-5.0488269541610338,0
3531.0000000055879,-4456.8164400636151,-5106.8511247467468,0,5.7777210218875528,-5.0422934617525721,0
3531.9999999250285,-4451.0358679332858,-5111.8901487727417,0,5.7834220055923087,-5.0357535152571469,0
3532.9999998444691,-4445.2495985200057,-5116.922629628687,0,5.7891155865727173,-5.0292071230458255,0
3534.0000000782311,-4439.4576392301442,-5121.9485608730538,0,5.79480175754105,-5.0226542934979284,0
3534.9999999976717,-4433.6599974773517,-5126.9679360726977,0,5.8004805112190647,-5.0160950350010136,0
3535.9999999171123,-4427.8566806825575,-5131.9807488028709,0,5.8061518403380106,-5.0095293559508693,0
3537.0000001508743,-4422.0476962739476,-5136.9869926472184,0,5.811815737638641,-5.0029572647515002,0
3538.0000000703149,-4416.2330516869688,-5141.986661197795,0,5.8174721958712201,-4.9963787698151183,0
3538.9999999897555,-4410.412754364309,-5146.9797480550769,0,5.8231212077955385,-4.9897938795621357,0
3539.999999909196,-4404.5868117558921,-5151.9662468279566,0,5.8287627661809154,-4.9832026024211489,0
3541.000000142958,-4398.7552313188698,-5156.9461511337677,0,5.8343968638062096,-4.9766049468289273,0
3542.0000000623986,-4392.9180205176062,-5161.91945459828,0,5.8400234934598316,-4.9700009212304073,0
3542.9999999818392,-4387.0751868236757,-5166.8861508557111,0,5.8456426479397496,-4.9633905340786777,0
3543.9999999012798,-4381.2267377158505,-5171.8462335487402,0,5.8512543200534974,-4.9567737938349694,0
3545.0000001350418,-4375.372680680086,-5176.7996963285068,0,5.8568585026181923,-4.9501507089686481,0
3546.0000000544824,-4369.5130232095198,-5181.7465328546268,0,5.8624551884605332,-4.9435212879571973,0
3546.999999973923,-4363.6477728044583,-5186.6867367952,0,5.8680443704168166,-4.9368855392862105,0
3547.9999998933636,-4357.7769369723646,-5191.6203018268106,0,5.8736260413329422,-4.9302434714493852,0
3549.0000001271255,-4351.9005232278532,-5196.5472216345443,0,5.8792001940644267,-4.9235950929485028,0
3550.0000000465661,-4346.0185390926763,-5201.4674899119882,0,5.8847668214764086,-4.9169404122934228,0
3550.9999999660067,-4340.1309920957165,-5206.3811003612509,0,5.8903259164436577,-4.9102794380020729,0
3551.9999998854473,-4334.2378897729768,-5211.2880466929555,0,5.8958774718505857,-4.903612178600433,0
3553.0000001192093,-4328.3392396675708,-5216.1883226262598,0,5.9014214805912548,-4.8969386426225352,0
3554.0000000386499,-4322.4350493297152,-5221.0819218888564,0,5.9069579355693893,-4.8902588386104391,0
3554.9999999580905,-4316.525326316716,-5225.968838216987,0,5.9124868296983788,-4.8835727751142297,0
3555.9999998775311,-4310.6100781929617,-5230.8490653554436,0,5.9180081559012931,-4.8768804606920035,0
3557.000000111293,-4304.6893125299111,-5235.7225970575846,0,5.9235219071108878,-4.8701819039098595,0
3558.0000000307336,-4298.7630369060898,-5240.589427085335,0,5.9290280762696135,-4.863477113341883,0
3558.9999999501742,-4292.8312589070711,-5245.4495492092001,0,5.9345266563296279,-4.8567660975701434,0
3559.9999998696148,-4286.8939861254748,-5250.3029572082696,0,5.9400176402528002,-4.8500488651846769,0
3561.0000001033768,-4280.9512261609543,-5255.149644870231,0,5.9455010210107266,-4.8433254247834725,0
3562.0000000228174,-4275.0029866201821,-5259.9896059913681,0,5.95097679158473,-4.8365957849724737,0
3562.999999942258,-4269.0492751168495,-5264.8228343765777,0,5.9564449449658783,-4.8298599543655518,0
3563.9999998616986,-4263.0900992716479,-5269.6493238393732,0,5.9619054741549862,-4.8231179415845045,0
3565.0000000954606,-4257.1254667122648,-5274.4690682018972,0,5.9673583721626331,-4.8163697552590445,0
3566.0000000149012,-4251.1553850733744,-5279.2820612949245,0,5.9728036320091586,-4.8096154040267853,0
3566.9999999343418,-4245.179861996623,-5284.0882969578661,0,5.9782412467246839,-4.8028548965332307,0
3567.9999998537824,-4239.1989051306227,-5288.8877690387872,0,5.9836712093491151,-4.7960882414317636,0
3569.0000000875443,-4233.2125221309389,-5293.6804713944139,0,5.9890935129321514,-4.7893154473836388,0
3570.0000000069849,-4227.2207206600851,-5298.4663978901308,0,5.9945081505332967,-4.7825365230579679,0
3570.9999999264255,-4221.2235083875094,-5303.2455423999972,0,5.9999151152218682,-4.7757514771317071,0
3571.9999998458661,-4215.220892989586,-5308.0178988067546,0,6.005314400077002,-4.7689603182896505,0
3573.0000000796281,-4209.2128821496035,-5312.7834610018335,0,6.0107059981876647,-4.7621630552244163,0
3573.9999999990687,-4203.199483557758,-5317.5422228853604,0,6.0160899026526655,-4.7553596966364351,0
3574.9999999185093,-4197.180704911143,-5322.2941783661663,0,6.0214661065806574,-4.748550251233941,0
3576.0000001522712,-4191.1565539137346,-5327.0393213617963,0,6.0268346030901503,-4.7417347277329558,0
3577.0000000717118,-4185.1270382763914,-5331.7776457985092,0,6.0321953853095218,-4.7349131348572859,0
3577.9999999911524,-4179.0921657168328,-5336.5091456112978,0,6.0375484463770217,-4.7280854813385034,0
3578.999999910593,-4173.0519439596383,-5341.2338147438868,0,6.0428937794407842,-4.72125177591594,0
3580.000000144355,-4167.006380736234,-5345.951647148745,0,6.0482313776588335,-4.7144120273366719,0
3581.0000000637956,-4160.95548378488,-5350.6626367870931,0,6.0535612341990959,-4.7075662443555126,0
3581.9999999832362,-4154.8992608506687,-5355.3667776289103,0,6.0588833422394055,-4.700714435734997,0
3582.9999999026768,-4148.8377196855054,-5360.0640636529397,0,6.0641976949675156,-4.6938566102453736,0
3584.0000001364388,-4142.7708680481046,-5364.7544888467019,0,6.0695042855811083,-4.6869927766645931,0
3585.0000000558794,-4136.6987137039796,-5369.4380472064977,0,6.0748031072877957,-4.6801229437782954,0
3585.99999997532,-4130.6212644254265,-5374.1147327374201,0,6.0800941533051391,-4.6732471203798029,0
3586.9999998947605,-4124.5385279915245,-5378.7845394533533,0,6.0853774168606503,-4.6663653152701015,0
3588.0000001285225,-4118.4505121881139,-5383.4474613769917,0,6.0906528911918043,-4.6594775372578363,0
3589.0000000479631,-4112.3572248077999,-5388.1034925398399,0,6.0959205695460437,-4.6525837951592948,0
3589.9999999674037,-4106.2586736499288,-5392.752626982222,0,6.1011804451807903,-4.6456840977984015,0
3590.9999998868443,-4100.1548665205901,-5397.3948587532923,0,6.1064325113634546,-4.6387784540067019,0
3592.0000001206063,-4094.0458112325955,-5402.0301819110373,0,6.1116767613714433,-4.6318668726233545,0
3593.0000000400469,-4087.9315156054768,-5406.6585905222892,0,6.1169131884921653,-4.6249493624951166,0
3593.9999999594875,-4081.8119874654749,-5411.2800786627295,0,6.1221417860230458,-4.6180259324763346,0
3594.9999998789281,-4075.6872346455257,-5415.8946404168983,0,6.1273625472715301,-4.6110965914289297,0
3596.00000011269,-4069.5572649852534,-5420.5022698782013,0,6.132575465555095,-4.6041613482223953,0
3597.0000000321306,-4063.4220863309615,-5425.1029611489157,0,6.137780534201255,-4.5972202117337737,0
3597.9999999515712,-4057.281706535618,-5429.6967083402023,0,6.1429777465475714,-4.5902731908476522,0
3598.9999998710118,-4051.1361334588501,-5434.2835055721089,0,6.1481670959416643,-4.5833202944561506,0
3600.0000001047738,-4044.9853749669328,-5438.8633469735787,0,6.1533485757412141,-4.5763615314589101,0
3601.0000000242144,-4038.8294389327771,-5443.436226682461,0,6.1585221793139775,-4.5693969107630785,0
3601.999999943655,-4032.6683332359216,-5448.0021388455107,0,6.1636879000377922,-4.5624264412833053,0
3602.9999998630956,-4026.5020657625219,-5452.5610776184067,0,6.1688457313005864,-4.555450131941722,0
3604.0000000968575,-4020.3306444053414,-5457.1130371657491,0,6.1739956665003852,-4.5484679916679394,0
3605.0000000162981,-4014.1540770637398,-5461.6580116610767,0,6.1791376990453211,-4.5414800293990272,0
3605.9999999357387,-4007.9723716436633,-5466.1959952868638,0,6.1842718223536419,-4.5344862540795114,0
3606.9999998551793,-4001.7855360576359,-5470.7269822345361,0,6.189398029853721,-4.5274866746613558,0
3608.0000000889413,-3995.5935782247461,-5475.2509667044742,0,6.1945163149840603,-4.5204813001039561,0
3609.0000000083819,-3989.396506070641,-5479.7679429060199,0,6.1996266711933039,-4.5134701393741228,0
3609.9999999278225,-3983.1943275275144,-5484.2779050574882,0,6.204729091940246,-4.5064532014460736,0
3610.9999998472631,-3976.9870505340932,-5488.7808473861724,0,6.2098235706938381,-4.4994304953014241,0
3612.0000000810251,-3970.7746830356323,-5493.2767641283499,0,6.2149101009331957,-4.492402029929166,0
3613.0000000004657,-3964.5572329839028,-5497.7656495292895,0,6.2199886761476106,-4.4853678143256701,0
3613.9999999199063,-3958.3347083371809,-5502.2474978432601,0,6.2250592898365538,-4.4783278574946639,0
3615.0000001536682,-3952.1071170602363,-5506.7223033335404,0,6.2301219355096888,-4.4712821684472246,0
3616.0000000731088,-3945.8744671243271,-5511.1900602724209,0,6.2351766066868786,-4.4642307562017658,0
3616.9999999925494,-3939.6367665071853,-5515.6507629412181,0,6.2402232968981926,-4.4571736297840285,0
3617.99999991199,-3933.394023193006,-5520.1044056302762,0,6.2452619996839172,-4.4501107982270627,0
3619.000000145752,-3927.1462451724424,-5524.5509826389753,0,6.2502927085945599,-4.4430422705712278,0
3620.0000000651926,-3920.8934404425886,-5528.9904882757373,0,6.2553154171908627,-4.4359680558641701,0
3620.9999999846332,-3914.6356170069753,-5533.4229168580387,0,6.2603301190438065,-4.428888163160817,0
3621.9999999040738,-3908.372782875555,-5537.8482627124131,0,6.2653368077346219,-4.4218026015233622,0
3623.0000001378357,-3902.1049460646955,-5542.2665201744621,0,6.2703354768547941,-4.4147113800212558,0
3624.0000000572763,-3895.8321145971677,-5546.6776835888577,0,6.2753261200060768,-4.4076145077311919,0
3624.9999999767169,-3889.5542965021359,-5551.0817473093548,0,6.2803087308004937,-4.4005119937371013,0
3625.9999998961575,-3883.271499815145,-5555.4787056987934,0,6.2852833028603516,-4.3934038471301315,0
3627.0000001299195,-3876.983732578115,-5559.8685531291094,0,6.2902498298182454,-4.386290077008641,0
3628.0000000493601,-3870.6910028393277,-5564.2512839813407,0,6.29520830531707,-4.3791706924781888,0
3628.9999999688007,-3864.3933186534164,-5568.6268926456323,0,6.3001587230100249,-4.3720457026515165,0
3629.9999998882413,-3858.0906880813559,-5572.9953735212503,0,6.3051010765606215,-4.3649151166485423,0
3631.0000001220033,-3851.7831191904515,-5577.3567210165802,0,6.3100353596426979,-4.3577789435963483,0
3632.0000000414439,-3845.4706200543314,-5581.7109295491382,0,6.3149615659404166,-4.3506371926291685,0
3632.9999999608845,-3839.1531987529333,-5586.0579935455817,0,6.3198796891482827,-4.3434898728883731,0
3633.999999880325,-3832.830863372496,-5590.3979074417066,0,6.3247897229711443,-4.3363369935224627,0
3635.000000114087,-3826.5036220055476,-5594.7306656824703,0,6.3296916611242064,-4.3291785636870532,0
3636.0000000335276,-3820.1714827508954,-5599.0562627219779,0,6.3345854973330367,-4.3220145925448676,0
3636.9999999529682,-3813.8344537136177,-5603.3746930235102,0,6.3394712253335701,-4.3148450892657184,0
3637.9999998724088,-3807.4925430050498,-5607.6859510595186,0,6.3443488388721212,-4.3076700630265012,0
3639.0000001061708,-3801.1457587427758,-5611.990031311635,0,6.3492183317053943,-4.3004895230111817,0
3640.0000000256114,-3794.7941090506188,-5616.2869282706779,0,6.3540796976004845,-4.2933034784107784,0
3640.999999945052,-3788.4376020586287,-5620.5766364366609,0,6.3589329303348885,-4.2861119384233621,0
3641.9999998644926,-3782.0762459030739,-5624.8591503187981,0,6.3637780236965185,-4.2789149122540326,0
3643.0000000982545,-3775.7100487264283,-5629.1344644355131,0,6.3686149714836997,-4.2717124091149161,0
3644.0000000176951,-3769.3390186773618,-5633.4025733144435,0,6.3734437675051856,-4.2645044382251456,0
3644.9999999371357,-3762.9631639107324,-5637.6634714924539,0,6.3782644055801665,-4.2572910088108546,0
3645.9999998565763,-3756.5824925875727,-5641.9171535156347,0,6.3830768795382697,-4.2500721301051625,0
3647.0000000903383,-3750.1970128750813,-5646.163613939314,0,6.3878811832195757,-4.2428478113481649,0
3648.0000000097789,-3743.8067329466098,-5650.4028473280632,0,6.392677310474622,-4.2356180617869192,0
3648.9999999292195,-3737.4116609816542,-5654.6348482557041,0,6.3974652551644127,-4.2283828906754373,0
3649.9999998486601,-3731.0118051658455,-5658.8596113053181,0,6.4022450111604217,-4.2211423072746665,0
3651.000000082422,-3724.6071736909375,-5663.0771310692471,0,6.4070165723446113,-4.2138963208524842,0
3652.0000000018626,-3718.1977747547967,-5667.2874021491061,0,6.411779932609428,-4.2066449406836837,0
3652.9999999213032,-3711.7836165613903,-5671.4904191557926,0,6.4165350858578165,-4.1993881760499594,0
3654.0000001550652,-3705.3647073207821,-5675.6861767094815,0,6.4212820260032268,-4.1921260362399018,0
3655.0000000745058,-3698.9410552491113,-5679.8746694396441,0,6.4260207469696198,-4.18485853054898,0
3655.9999999939464,-3692.5126685685909,-5684.0558919850519,0,6.4307512426914784,-4.17758566827953,0
3656.999999913387,-3686.0795555074947,-5688.2298389937796,0,6.4354735071138176,-4.1703074587407469,0
3658.000000147149,-3679.6417243001451,-5692.3965051232144,0,6.440187534192181,-4.1630239112486684,0
3659.0000000665896,-3673.1991831869027,-5696.5558850400657,0,6.4448933178926593,-4.1557350351261642,0
3659.9999999860302,-3666.7519404141594,-5700.7079734203662,0,6.4495908521918954,-4.148440839702924,0
3660.9999999054708,-3660.3000042343242,-5704.8527649494836,0,6.4542801310770921,-4.1411413343154493,0
3662.0000001392327,-3653.8433829058113,-5708.9902543221233,0,6.4589611485460159,-4.1338365283070369,0
3663.0000000586733,-3647.3820846930348,-5713.1204362423396,0,6.4636338986070108,-4.1265264310277683,0
3663.9999999781139,-3640.9161178663931,-5717.2433054235407,0,6.4682983752790024,-4.1192110518344949,0
3664.9999998975545,-3634.4454907022623,-5721.3588565884929,0,6.4729545725915019,-4.1118904000908341,0
3666.0000001313165,-3627.9702114829824,-5725.4670844693292,0,6.4776024845846258,-4.1045644851671481,0
3667.0000000507571,-3621.4902884968487,-5729.5679838075594,0,6.4822421053090897,-4.0972333164405379,0
3667.9999999701977,-3615.0057300381009,-5733.6615493540694,0,6.4868734288262253,-4.0898969032948287,0
3668.9999998896383,-3608.5165444069089,-5737.7477758691384,0,6.4914964492079825,-4.0825552551205577,0
3670.0000001234002,-3602.0227399093696,-5741.8266581224334,0,6.4961111605369402,-4.0752083813149662,0
3671.0000000428408,-3595.5243248574884,-5745.8981908930255,0,6.5007175569063094,-4.0678562912819771,0
3671.9999999622814,-3589.021307569175,-5749.9623689693917,0,6.5053156324199515,-4.0604989944321979,0
3672.999999881722,-3582.5136963682294,-5754.0191871494226,0,6.5099053811923726,-4.0531365001828963,0
3674.000000115484,-3576.0014995843298,-5758.0686402404317,0,6.5144867973487388,-4.045768817957998,0
3675.0000000349246,-3569.4847255530258,-5762.1107230591579,0,6.5190598750248805,-4.038395957188059,0
3675.9999999543652,-3562.9633826157255,-5766.1454304317722,0,6.5236246083673022,-4.0310179273102742,0
3676.9999998738058,-3556.4374791196838,-5770.17275719389,0,6.5281809915331896,-4.0236347377684485,0
3678.0000001075678,-3549.9070234179958,-5774.1926981905717,0,6.5327290186904179,-4.0162463980129948,0
3679.0000000270084,-3543.3720238695801,-5778.2052482763311,0,6.5372686840175556,-4.0088529175009144,0
3679.999999946449,-3536.8324888391744,-5782.2104023151405,0,6.5417999817038748,-4.0014543056957939,0
3680.9999998658895,-3530.2884266973197,-5786.2081551804458,0,6.5463229059493555,-3.9940505720677826,0
3682.0000000996515,-3523.739845820352,-5790.1985017551624,0,6.5508374509647025,-3.9866417260935894,0
3683.0000000190921,-3517.1867545903924,-5794.1814369316808,0,6.555343610971339,-3.9792277772564639,0
3683.9999999385327,-3510.6291613953354,-5798.1569556118829,0,6.5598413802014246,-3.9718087350461917,0
3684.9999998579733,-3504.0670746288356,-5802.1250527071461,0,6.5643307528978569,-3.9643846089590737,0
3686.0000000917353,-3497.5005026903,-5806.0857231383434,0,6.5688117233142842,-3.9569554084979206,0
3687.0000000111759,-3490.9294539848788,-5810.0389618358531,0,6.5732842857151068,-3.9495211431720358,0
3687.9999999306165,-3484.35393692345,-5813.9847637395706,0,6.5777484343754891,-3.9420818224972081,0
3688.9999998500571,-3477.7739599226124,-5817.9231237989052,0,6.5822041635813608,-3.9346374559956954,0
3690.000000083819,-3471.1895314046728,-5821.8540369727943,0,6.5866514676294354,-3.9271880531962156,0
3691.0000000032596,-3464.600659797637,-5825.7774982297087,0,6.5910903408272032,-3.9197336236339324,0
3691.9999999227002,-3458.0073535351962,-5829.693502547655,0,6.5955207774929514,-3.9122741768504437,0
3693.0000001564622,-3451.4096210567191,-5833.6020449141861,0,6.5999427719557637,-3.9048097223937694,0
3694.0000000759028,-3444.8074708072395,-5837.5031203264034,0,6.6043563185555287,-3.8973402698183386,0
3694.9999999953434,-3438.2009112374453,-5841.3967237909701,0,6.6087614116429503,-3.8898658286849788,0
3695.999999914784,-3431.58995080367,-5845.2828503241099,0,6.613158045579552,-3.8823864085609023,0
3697.000000148546,-3424.9745979678796,-5849.1614949516188,0,6.6175462147376836,-3.8749020190196952,0
3698.0000000679865,-3418.3548611976603,-5853.03265270887,0,6.6219259135005322,-3.8674126696413036,0
3698.9999999874271,-3411.7307489662116,-5856.8963186408182,0,6.6262971362621261,-3.8599183700120236,0
3699.9999999068677,-3405.102269752334,-5860.7524878020076,0,6.630659877427342,-3.8524191297244852,0
3701.0000001406297,-3398.4694320404174,-5864.6011552565806,0,6.6350141314119115,-3.8449149583776436,0
3702.0000000600703,-3391.8322443204283,-5868.4423160782781,0,6.6393598926424335,-3.8374058655767653,0
3702.9999999795109,-3385.1907150879051,-5872.2759653504527,0,6.6436971555563744,-3.8298918609334174,0
3703.9999998989515,-3378.5448528439392,-5876.1020981660695,0,6.6480259146020799,-3.8223729540654521,0
3705.0000001327135,-3371.894666095171,-5879.9207096277178,0,6.6523461642387796,-3.8148491545969989,0
3706.0000000521541,-3365.2401633537747,-5883.7317948476084,0,6.6566578989365972,-3.8073204721584482,0
3706.9999999715947,-3358.5813531374506,-5887.535348947592,0,6.6609611131765529,-3.7997869163864406,0
3707.9999998910353,-3351.91824396941,-5891.3313670591524,0,6.6652558014505727,-3.7922484969238557,0
3709.0000001247972,-3345.2508443783704,-5895.1198443234243,0,6.669541958261501,-3.7847052234197966,0
3710.0000000442378,-3338.579162898538,-5898.9007758911976,0,6.673819578123096,-3.7771571055295805,0
3710.9999999636784,-3331.9032080696002,-5902.6741569229089,0,6.6780886555600443,-3.7696041529147259,0
3711.999999883119,-3325.2229884367152,-5906.4399825886721,0,6.682349185107971,-3.7620463752429396,0
3713.000000116881,-3318.5385125504986,-5910.1982480682655,0,6.6866011613134368,-3.7544837821881027,0
3714.0000000363216,-3311.8497889670175,-5913.9489485511458,0,6.6908445787339552,-3.7469163834302623,0
3714.9999999557622,-3305.1568262477704,-5917.6920792364517,0,6.6950794319379909,-3.7393441886556156,0
3715.9999998752028,-3298.4596329596875,-5921.4276353330142,0,6.6993057155049742,-3.7317672075564996,0
3717.0000001089647,-3291.7582176751102,-5925.1556120593568,0,6.7035234240253017,-3.724185449831376,0
3718.0000000284053,-3285.0525889717856,-5928.8760046437055,0,6.7077325521003486,-3.7165989251848224,0
3718.9999999478459,-3278.3427554328537,-5932.5888083239897,0,6.71193309434247,-3.7090076433275159,0
3719.9999998672865,-3271.6287256468372,-5936.2940183478613,0,6.7161250453750121,-3.7014116139762256,0
3721.0000001010485,-3264.9105082076289,-5939.9916299726865,0,6.7203083998323194,-3.6938108468537947,0
3722.0000000204891,-3258.1881117144826,-5943.6816384655567,0,6.7244831523597401,-3.6862053516891322,0
3722.9999999399297,-3251.4615447720007,-5947.364039103295,0,6.7286492976136278,-3.6785951382171977,0
3723.9999998593703,-3244.7308159901245,-5951.0388271724678,0,6.7328068302613584,-3.6709802161789913,0
3725.0000000931323,-3237.9959339841207,-5954.7059979693813,0,6.7369557449813309,-3.66336059532154,0
3726.0000000125729,-3231.2569073745744,-5958.3655468000898,0,6.7410960364629737,-3.6557362853978845,0
3726.9999999320135,-3224.513744787374,-5962.0174689804071,0,6.7452276994067546,-3.6481072961670682,0
3727.999999851454,-3217.7664548537036,-5965.6617598359089,0,6.7493507285241829,-3.6404736373941238,0
3729.000000085216,-3211.0150462100278,-5969.2984147019388,0,6.7534651185378207,-3.6328353188500611,0
3730.0000000046566,-3204.2595274980845,-5972.9274289236109,0,6.7575708641812922,-3.6251923503118539,0
3730.9999999240972,-3197.4999073648737,-5976.5487978558249,0,6.7616679601992802,-3.617544741562428,0
3731.9999998435378,-3190.7361944626432,-5980.1625168632627,0,6.7657564013475424,-3.609892502390649,0
3733.0000000772998,-3183.9683974488798,-5983.768581320398,0,6.7698361823929121,-3.6022356425913085,0
3733.9999999967404,-3177.1965249862988,-5987.3669866115024,0,6.7739072981133086,-3.5945741719651139,0
3734.999999916181,-3170.4205857428319,-5990.9577281306547,0,6.7779697432977457,-3.5869081003186736,0
3736.0000001499429,-3163.6405883916163,-5994.5408012817379,0,6.7820235127463304,-3.5792374374644851,0
3737.0000000693835,-3156.8565416109823,-5998.1162014784541,0,6.7860686012702782,-3.5715621932209229,0
3737.9999999888241,-3150.0684540844436,-6001.6839241443249,0,6.7901050036919148,-3.5638823774122255,0
3738.9999999082647,-3143.2763345006883,-6005.2439647126994,0,6.7941327148446842,-3.5561979998684832,0
3740.0000001420267,-3136.4801915535631,-6008.7963186267607,0,6.7981517295731528,-3.5485090704256241,0
3741.0000000614673,-3129.6800339420647,-6012.340981339531,0,6.8021620427330216,-3.5408155989254055,0
3741.9999999809079,-3122.8758703703306,-6015.877948313876,0,6.8061636491911299,-3.533117595215395,0
3742.9999999003485,-3116.067709547624,-6019.4072150225102,0,6.8101565438254594,-3.5254150691489645,0
3744.0000001341105,-3109.2555601883255,-6022.9287769480088,0,6.8141407215251428,-3.5177080305852715,0
3745.000000053551,-3102.4394310119196,-6026.4426295828043,0,6.8181161771904728,-3.5099964893892519,0
3745.9999999729916,-3095.6193307429862,-6029.9487684291989,0,6.8220829057329029,-3.5022804554316034,0
3746.9999998924322,-3088.7952681111874,-6033.4471889993702,0,6.826040902075059,-3.4945599385887758,0
3748.0000001261942,-3081.9672518512584,-6036.9378868153744,0,6.8299901611507439,-3.4868349487429553,0
3749.0000000456348,-3075.1352907029932,-6040.4208574091499,0,6.8339306779049451,-3.4791054957820551,0
3749.9999999650754,-3068.2993934112369,-6043.8960963225318,0,6.8378624472938396,-3.4713715895996997,0
3750.999999884516,-3061.4595687258707,-6047.3635991072433,0,6.8417854642847971,-3.463633240095215,0
3752.000000118278,-3054.6158254018069,-6050.8233613249167,0,6.8456997238563959,-3.4558904571736133,0
3753.0000000377186,-3047.7681721989693,-6054.2753785470895,0,6.8496052209984235,-3.4481432507455816,0
3753.9999999571592,-3040.9166178822861,-6057.7196463552118,0,6.8535019507118795,-3.4403916307274711,0
3754.9999998765998,-3034.0611712216833,-6061.1561603406553,0,6.8573899080089875,-3.4326356070412793,0
3756.0000001103617,-3027.2018409920656,-6064.5849161047145,0,6.8612690879132003,-3.424875189614641,0
3757.0000000298023,-3020.338635973309,-6068.0059092586152,0,6.8651394854592018,-3.4171103883808169,0
3757.9999999492429,-3013.4715649502505,-6071.419135423519,0,6.8690010956929255,-3.4093412132786765,0
3758.9999998686835,-3006.6006367126743,-6074.8245902305307,0,6.8728539136715447,-3.4015676742526897,0
3760.0000001024455,-2999.7258600553027,-6078.2222693206995,0,6.8766979344634915,-3.3937897812529108,0
3761.0000000218861,-2992.8472437777828,-6081.6121683450301,0,6.8805331531484528,-3.3860075442349689,0
3761.9999999413267,-2985.9647966846774,-6084.9942829644833,0,6.8843595648173883,-3.3782209731600514,0
3762.9999998607673,-2979.0785275854523,-6088.3686088499871,0,6.888177164572526,-3.3704300779948948,0
3764.0000000945292,-2972.188445294466,-6091.735141682434,0,6.8919859475273775,-3.3626348687117691,0
3765.0000000139698,-2965.2945586309561,-6095.093877152698,0,6.8957859088067375,-3.3548353552884662,0
3765.9999999334104,-2958.3968764190317,-6098.4448109616269,0,6.8995770435466897,-3.3470315477082897,0
3766.999999852851,-2951.49540748766,-6101.7879388200581,0,6.9033593468946206,-3.3392234559600369,0
3768.000000086613,-2944.5901606706543,-6105.1232564488218,0,6.9071328140092181,-3.3314110900379901,0
3769.0000000060536,-2937.6811448066628,-6108.4507595787427,0,6.9108974400604799,-3.3235944599419023,0
3769.9999999254942,-2930.7683687391605,-6111.7704439506497,0,6.9146532202297202,-3.3157735756769844,0
3770.9999998449348,-2923.8518413164329,-6115.082305315379,0,6.9184001497095782,-3.3079484472538927,0
3772.0000000786968,-2916.9315713915694,-6118.3863394337777,0,6.9221382237040201,-3.3001190846887161,0
3772.9999999981374,-2910.007567822448,-6121.6825420767163,0,6.9258674374283462,-3.2922854980029643,0
3773.999999917578,-2903.0798394717272,-6124.9709090250872,0,6.9295877861092006,-3.284447697223551,0
3775.0000001513399,-2896.1483952068311,-6128.2514360698124,0,6.9332992649845711,-3.2766056923827862,0
3776.0000000707805,-2889.2132438999429,-6131.5241190118468,0,6.9370018693038027,-3.2687594935183615,0
3776.9999999902211,-2882.2743944279891,-6134.7889536621888,0,6.9406955943275959,-3.2609091106733334,0
3777.9999999096617,-2875.3318556726294,-6138.045935841883,0,6.9443804353280187,-3.2530545538961171,0
3779.0000001434237,-2868.3856365202469,-6141.2950613820212,0,6.9480563875885117,-3.2451958332404702,0
3780.0000000628643,-2861.4357458619352,-6144.5363261237571,0,6.9517234464038884,-3.2373329587654789,0
3780.9999999823049,-2854.4821925934866,-6147.7697259183024,0,6.9553816070803522,-3.2294659405355466,0
3781.9999999017455,-2847.5249856153819,-6150.995256626934,0,6.9590308649354906,-3.2215947886203802,0
3783.0000001355074,-2840.5641338327796,-6154.2129141210062,0,6.9626712152982897,-3.2137195130949792,0
3784.000000054948,-2833.5996461555028,-6157.4226942819478,0,6.9663026535091346,-3.2058401240396197,0
3784.9999999743886,-2826.6315314980288,-6160.6245930012719,0,6.9699251749198217,-3.1979566315398436,0
3785.9999998938292,-2819.6597987794762,-6163.8186061805764,0,6.973538774893556,-3.1900690456864447,0
3787.0000001275912,-2812.6844569235959,-6167.0047297315568,0,6.9771434488049664,-3.1821773765754577,0
3788.0000000470318,-2805.7055148587588,-6170.1829595760082,0,6.9807391920401063,-3.174281634308143,0
3788.9999999664724,-2798.7229815179426,-6173.3532916458234,0,6.9843259999964555,-3.1663818289909735,0
3789.999999885913,-2791.7368658387231,-6176.5157218830091,0,6.9879038680829373,-3.1584779707356248,0
3791.000000119675,-2784.7471767632605,-6179.670246239687,0,6.9914727917199135,-3.1505700696589578,0
3792.0000000391155,-2777.7539232382901,-6182.8168606780937,0,6.9950327663391967,-3.1426581358830115,0
3792.9999999585561,-2770.7571142151078,-6185.9555611705964,0,6.998583787384054,-3.1347421795349826,0
3793.9999998779967,-2763.756758649562,-6189.086343699686,0,7.0021258503092128,-3.1268222107472203,0
3795.0000001117587,-2756.7528655020415,-6192.2092042579907,0,7.0056589505808651,-3.1188982396572085,0
3796.0000000311993,-2749.7454437374599,-6195.3241388482811,0,7.00918308367668,-3.1109702764075529,0
3796.9999999506399,-2742.7345023252501,-6198.4311434834681,0,7.0126982450857991,-3.1030383311459691,0
3797.9999998700805,-2735.7200502393498,-6201.5302141866187,0,7.0162044303088491,-3.0951024140252721,0
3799.0000001038425,-2728.7020964581893,-6204.6213469909508,0,7.019701634857948,-3.0871625352033583,0
3800.0000000232831,-2721.6806499646832,-6207.704537939846,0,7.0231898542567066,-3.0792187048431967,0
3800.9999999427237,-2714.6557197462139,-6210.7797830868485,0,7.0266690840402388,-3.071270933112813,0
3801.9999998621643,-2707.6273147946249,-6213.8470784956726,0,7.0301393197551629,-3.0633192301852779,0
3803.0000000959262,-2700.5954441062072,-6216.9064202402124,0,7.0336005569596125,-3.0553636062386946,0
3804.0000000153668,-2693.5601166816864,-6219.9578044045384,0,7.0370527912232355,-3.0474040714561861,0
3804.9999999348074,-2686.5213415262142,-6223.0012270829075,0,7.0404960181272074,-3.039440636025879,0
3805.999999854248,-2679.4791276493543,-6226.0366843797719,0,7.043930233264228,-3.0314733101408935,0
3807.00000008801,-2672.4334840650731,-6229.0641724097723,0,7.047355432238537,-3.0235021039993306,0
3808.0000000074506,-2665.3844197917265,-6232.0836872977534,0,7.0507716106659153,-3.0155270278042572,0
3808.9999999268912,-2658.331943852048,-6235.0952251787648,0,7.0541787641736828,-3.0075480917636925,0
3809.9999998463318,-2651.276065273139,-6238.0987821980689,0,7.0575768884007193,-2.9995653060905996,0
3811.0000000800937,-2644.2167930864566,-6241.0943545111404,0,7.0609659789974559,-2.9915786810028662,0
3811.9999999995343,-2637.1541363278002,-6244.0819382836762,0,7.0643460316258917,-2.9835882267232949,0
3812.9999999189749,-2630.0881040373038,-6247.0615296915985,0,7.0677170419595905,-2.9755939534795908,0
3814.0000001527369,-2623.0187052594188,-6250.0331249210585,0,7.071079005683691,-2.9675958715043462,0
3815.0000000721775,-2615.9459490429072,-6252.9967201684422,0,7.0744319184949145,-2.9595939910350286,0
3815.9999999916181,-2608.8698444408301,-6255.952311640378,0,7.0777757761015643,-2.9515883223139681,0
3816.9999999110587,-2601.7904005105329,-6258.8998955537354,0,7.0811105742235352,-2.9435788755883432,0
3818.0000001448207,-2594.7076263136346,-6261.8394681356376,0,7.0844363085923137,-2.9355656611101684,0
3819.0000000642613,-2587.6215309160184,-6264.7710256234586,0,7.0877529749509964,-2.9275486891362807,0
3819.9999999837019,-2580.532123387818,-6267.6945642648316,0,7.0910605690542816,-2.9195279699283279,0
3820.9999999031425,-2573.4394128034064,-6270.6100803176578,0,7.0943590866684794,-2.9115035137527521,0
3822.0000001369044,-2566.3434082413846,-6273.5175700501031,0,7.0976485235715208,-2.9034753308807799,0
3823.000000056345,-2559.2441187845702,-6276.4170297406108,0,7.1009288755529552,-2.8954434315884083,0
3823.9999999757856,-2552.1415535199858,-6279.3084556778995,0,7.1042001384139679,-2.8874078261563909,0
3824.9999998952262,-2545.0357215388453,-6282.1918441609723,0,7.1074623079673707,-2.8793685248702245,0
3826.0000001289882,-2537.9266319365461,-6285.067191499119,0,7.110715380037619,-2.871325538020137,0
3827.0000000484288,-2530.814293812653,-6287.9344940119236,0,7.113959350460811,-2.863278875901075,0
3827.9999999678694,-2523.6987162708906,-6290.7937480292649,0,7.117194215084699,-2.8552285488126876,0
3828.99999988731,-2516.5799084191303,-6293.6449498913271,0,7.1204199697686859,-2.8471745670593163,0
3830.0000001210719,-2509.4578793693768,-6296.4880959485981,0,7.1236366103838362,-2.8391169409499799,0
3831.0000000405125,-2502.3326382377586,-6299.3231825618795,0,7.1268441328128835,-2.8310556807983609,0
3831.9999999599531,-2495.204194144515,-6302.1502061022875,0,7.1300425329502275,-2.8229907969227952,0
3832.9999998793937,-2488.0725562139864,-6304.9691629512581,0,7.1332318067019456,-2.8149222996462568,0
3834.0000001131557,-2480.9377335746012,-6307.7800495005549,0,7.1364119499858001,-2.8068501992963437,0
3835.0000000325963,-2473.7997353588621,-6310.5828621522696,0,7.1395829587312374,-2.7987745062052674,0
3835.9999999520369,-2466.6585707033382,-6313.3775973188303,0,7.1427448288793975,-2.790695230709836,0
3836.9999998714775,-2459.5142487486514,-6316.1642514230016,0,7.145897556383118,-2.7826123831514447,0
3838.0000001052395,-2452.3667786394649,-6318.9428208978934,0,7.1490411372069378,-2.7745259738760604,0
3839.00000002468,-2445.2161695244713,-6321.7133021869649,0,7.1521755673271024,-2.7664360132342085,0
3839.9999999441206,-2438.062430556382,-6324.4756917440254,0,7.155300842731573,-2.758342511580961,0
3840.9999998635612,-2430.9055708919136,-6327.2299860332423,0,7.158416959420026,-2.7502454792759217,0
3842.0000000973232,-2423.7455996917765,-6329.9761815291467,0,7.1615239134038626,-2.7421449266832139,0
3843.0000000167638,-2416.582526120666,-6332.7142747166336,0,7.1646217007062125,-2.7340408641714675,0
3843.9999999362044,-2409.4163593472472,-6335.4442620909731,0,7.1677103173619381,-2.7259333021138032,0
3844.999999855645,-2402.247108544143,-6338.1661401578067,0,7.1707897594176382,-2.7178222508878216,0
3846.000000089407,-2395.0747828879257,-6340.8799054331557,0,7.1738600229316578,-2.7097077208755911,0
3847.0000000088476,-2387.8993915591032,-6343.5855544434253,0,7.176921103974089,-2.7015897224636309,0
3847.9999999282882,-2380.7209437421079,-6346.2830837254132,0,7.179972998626778,-2.6934682660429021,0
3848.9999998477288,-2373.5394486252826,-6348.9724898263075,0,7.1830157029833295,-2.6853433620087896,0
3850.0000000814907,-2366.354915400872,-6351.6537693036944,0,7.1860492131491087,-2.6772150207610923,0
3851.0000000009313,-2359.1673532650093,-6354.3269187255601,0,7.1890735252412536,-2.6690832527040085,0
3851.9999999203719,-2351.9767714177046,-6356.9919346703009,0,7.192088635388675,-2.6609480682461233,0
3853.0000001541339,-2344.7831790628334,-6359.6488137267224,0,7.1950945397320583,-2.6528094778003934,0
3854.0000000735745,-2337.5865854081235,-6362.2975524940439,0,7.1980912344238774,-2.6446674917841366,0
3854.9999999930151,-2330.3869996651479,-6364.9381475819082,0,7.201078715628392,-2.6365221206190164,0
3855.9999999124557,-2323.1844310493043,-6367.5705956103757,0,7.2040569795216536,-2.6283733747310292,0
3857.0000001462176,-2315.9788887798122,-6370.1948932099394,0,7.2070260222915135,-2.6202212645504903,0
3858.0000000656582,-2308.7703820796964,-6372.8110370215236,0,7.2099858401376258,-2.6120658005120232,0
3858.9999999850988,-2301.5589201757748,-6375.4190236964914,0,7.212936429271454,-2.6039069930545429,0
3859.9999999045394,-2294.34451229865,-6378.0188498966427,0,7.2158777859162697,-2.5957448526212437,0
3861.0000001383014,-2287.1271676826932,-6380.6105122942245,0,7.2188099063071665,-2.5875793896595867,0
3862.000000057742,-2279.9068955660373,-6383.1940075719358,0,7.2217327866910592,-2.5794106146212852,0
3862.9999999771826,-2272.68370519056,-6385.7693324229267,0,7.2246464233266865,-2.5712385379622935,0
3863.9999998966232,-2265.4576058018761,-6388.3364835508064,0,7.2275508124846226,-2.5630631701427902,0
3865.0000001303852,-2258.228606649323,-6390.8954576696469,0,7.2304459504472778,-2.5548845216271676,0
3866.0000000498258,-2250.9967169859492,-6393.4462515039859,0,7.2333318335089034,-2.5467026028840163,0
3866.9999999692664,-2243.7619460685037,-6395.9888617888309,0,7.2362084579755974,-2.5385174243861139,0
3867.999999888707,-2236.5243031574232,-6398.5232852696672,0,7.2390758201653087,-2.5303289966104097,0
3869.0000001224689,-2229.2837975168213,-6401.0495187024535,0,7.2419339164078416,-2.5221373300380123,0
3870.0000000419095,-2222.0404384144758,-6403.5675588536396,0,7.2447827430448584,-2.5139424351541759,0
3870.9999999613501,-2214.7942351218153,-6406.0774025001556,0,7.2476222964298875,-2.5057443224482858,0
3871.9999998807907,-2207.5451969139108,-6408.5790464294269,0,7.2504525729283325,-2.497543002413849,0
3873.0000001145527,-2200.2933330694609,-6411.0724874393727,0,7.2532735689174626,-2.4893384855484748,0
3874.0000000339933,-2193.0386528707832,-6413.5577223384134,0,7.2560852807864329,-2.4811307823538655,0
3874.9999999534339,-2185.7811656037957,-6416.0347479454731,0,7.2588877049362779,-2.4729199033358022,0
3875.9999998728745,-2178.5208805580123,-6418.5035610899804,0,7.261680837779922,-2.4647058590041313,0
3877.0000001066364,-2171.257807026529,-6420.9641586118805,0,7.2644646757421825,-2.45648865987275,0
3878.000000026077,-2163.9919543060096,-6423.4165373616333,0,7.2672392152597736,-2.4482683164595933,0
3878.9999999455176,-2156.7233316966754,-6425.8606942002152,0,7.2700044527813112,-2.4400448392866214,0
3879.9999998649582,-2149.451948502292,-6428.2966259991299,0,7.2727603847673183,-2.4318182388798064,0
3881.0000000987202,-2142.1778140301612,-6430.7243296404067,0,7.2755070076902282,-2.4235885257691177,0
3882.0000000181608,-2134.9009375911046,-6433.1438020166097,0,7.2782443180343908,-2.4153557104885071,0
3882.9999999376014,-2127.6213284994537,-6435.5550400308402,0,7.2809723122960737,-2.4071198035759003,0
3883.999999857042,-2120.3389960730378,-6437.9580405967326,0,7.2836909869834718,-2.398880815573178,0
3885.000000090804,-2113.0539496331721,-6440.3528006384713,0,7.2864003386167076,-2.3906387570261654,0
3886.0000000102445,-2105.7661985046461,-6442.7393170907872,0,7.2891003637278384,-2.382393638484618,0
3886.9999999296851,-2098.47575201571,-6445.1175868989612,0,7.2917910588608565,-2.3741454705022078,0
3887.9999998491257,-2091.1826194980654,-6447.4876070188311,0,7.2944724205716973,-2.3658942636365099,0
3889.0000000828877,-2083.886810286851,-6449.8493744167936,0,7.2971444454282457,-2.3576400284489902,0
3890.0000000023283,-2076.5883337206333,-6452.2028860698101,0,7.2998071300103353,-2.3493827755049894,0
3890.9999999217689,-2069.2871991413913,-6454.5481389654078,0,7.3024604709097538,-2.3411225153737116,0
3892.0000001555309,-2061.9834158945064,-6456.8851301016866,0,7.3051044647302517,-2.33285925862821,0
3893.0000000749715,-2054.6769933287515,-6459.2138564873203,0,7.3077391080875431,-2.324593015845374,0
3893.9999999944121,-2047.3679407962768,-6461.5343151415591,0,7.3103643976093089,-2.3163237976059143,0
3894.9999999138527,-2040.0562676525985,-6463.8465030942407,0,7.3129803299352041,-2.3080516144943508,0
3896.0000001476146,-2032.7419832565884,-6466.1504173857866,0,7.3155869017168609,-2.2997764770989972,0
3897.0000000670552,-2025.425096970459,-6468.4460550672084,0,7.3181841096178921,-2.2914983960119502,0
3897.9999999864958,-2018.1056181597544,-6470.7334132001115,0,7.3207719503138966,-2.2832173818290737,0
3898.9999999059364,-2010.7835561933371,-6473.0124888567007,0,7.3233504204924662,-2.2749334451499856,0
3900.0000001396984,-2003.4589204433755,-6475.2832791197816,0,7.3259195168531788,-2.2666465965780445,0
3901.000000059139,-1996.1317202853334,-6477.5457810827629,0,7.3284792361076185,-2.2583568467203379,0
3901.9999999785796,-1988.8019650979554,-6479.7999918496653,0,7.3310295749793681,-2.2500642061876643,0
3902.9999998980202,-1981.4696642632573,-6482.0459085351195,0,7.3335705302040202,-2.2417686855945242,0
3904.0000001317821,-1974.134827166514,-6484.2835282643737,0,7.3361020985291763,-2.2334702955591039,0
3905.0000000512227,-1966.7974631962461,-6486.5128481732963,0,7.3386242767144543,-2.2251690467032619,0
3905.9999999706633,-1959.4575817442085,-6488.7338654083806,0,7.3411370615314882,-2.2168649496525177,0
3906.9999998901039,-1952.1151922053782,-6490.9465771267451,0,7.3436404497639396,-2.2085580150360347,0
3908.0000001238659,-1944.7703039779433,-6493.1509804961415,0,7.3461344382074953,-2.2002482534866079,0
3909.0000000433065,-1937.42292646329,-6495.3470726949536,0,7.3486190236698734,-2.1919356756406536,0
3909.9999999627471,-1930.0730690659905,-6497.534850912205,0,7.3510942029708284,-2.1836202921381909,0
3910.9999998821877,-1922.7207411937914,-6499.7143123475589,0,7.353559972942155,-2.1753021136228305,0
3912.0000001159497,-1915.3659522576015,-6501.8854542113286,0,7.3560163304276918,-2.1669811507417611,0
3913.0000000353903,-1908.0087116714797,-6504.0482737244711,0,7.3584632722833243,-2.1586574141457335,0
3913.9999999548309,-1900.6490288526225,-6506.2027681186,0,7.3609007953769909,-2.1503309144890501,0
3914.9999998742715,-1893.2869132213532,-6508.3489346359811,0,7.3633288965886861,-2.1420016624295508,0
3916.0000001080334,-1885.9223742011088,-6510.4867705295446,0,7.3657475728104629,-2.1336696686285981,0
3917.000000027474,-1878.5554212184279,-6512.6162730628794,0,7.3681568209464396,-2.125334943751064,0
3917.9999999469146,-1871.1860637029392,-6514.7374395102433,0,7.3705566379128031,-2.1169974984653144,0
3918.9999998663552,-1863.8143110873498,-6516.8502671565629,0,7.372947020637806,-2.1086573434432001,0
3920.0000001001172,-1856.4401728074311,-6518.954753297442,0,7.3753279660617883,-2.1003144893600387,0
3921.0000000195578,-1849.0636583020091,-6521.0508952391556,0,7.3776994711371593,-2.0919689468946023,0
3921.9999999389984,-1841.6847770129518,-6523.1386902986633,0,7.3800615328284147,-2.0836207267291056,0
3922.999999858439,-1834.3035383851552,-6525.2181358036078,0,7.3824141481121401,-2.0752698395491893,0
3924.0000000922009,-1826.9199518665339,-6527.2892290923191,0,7.3847573139770093,-2.0669162960439089,0
3925.0000000116415,-1819.5340269080073,-6529.3519675138168,0,7.387091027423792,-2.0585601069057193,0
3925.9999999310821,-1812.1457729634881,-6531.4063484278167,0,7.3894152854653594,-2.0502012828304612,0
3926.9999998505227,-1804.7551994898702,-6533.4523692047314,0,7.3917300851266834,-2.0418398345173498,0
3928.0000000842847,-1797.3623159470158,-6535.4900272256737,0,7.3940354234448407,-2.0334757726689574,0
3929.0000000037253,-1789.9671317977452,-6537.5193198824609,0,7.3963312974690227,-2.0251091079912027,0
3929.9999999231659,-1782.5696565078222,-6539.5402445776172,0,7.3986177042605306,-2.0167398511933361,0
3931.0000001569279,-1775.169899545944,-6541.5527987243777,0,7.4008946408927896,-2.0083680129879249,0
3932.0000000763685,-1767.767870383728,-6543.5569797466951,0,7.40316210445134,-1.9999936040908419,0
3932.999999995809,-1760.3635784957,-6545.5527850792359,0,7.4054200920338502,-1.991616635221249,0
3933.9999999152496,-1752.9570333592826,-6547.5402121673869,0,7.4076686007501182,-1.9832371171015857,0
3935.0000001490116,-1745.5482444547815,-6549.5192584672632,0,7.4099076277220739,-1.9748550604575543,0
3936.0000000684522,-1738.1372212653755,-6551.4899214457027,0,7.4121371700837857,-1.9664704760181064,0
3936.9999999878928,-1730.7239732771022,-6553.4521985802794,0,7.4143572249814618,-1.9580833745154294,0
3937.9999999073334,-1723.3085099788482,-6555.4060873592925,0,7.4165677895734508,-1.9496937666849325,0
3939.0000001410954,-1715.8908408623338,-6557.3515852817854,0,7.4187688610302525,-1.9413016632652318,0
3940.000000060536,-1708.4709754221049,-6559.2886898575416,0,7.420960436534517,-1.9329070749981394,0
3940.9999999799766,-1701.0489231555177,-6561.2173986070829,0,7.42314251328105,-1.9245100126286472,0
3941.9999998994172,-1693.6246935627269,-6563.1377090616816,0,7.4253150884768138,-1.9161104869049141,0
3943.0000001331791,-1686.1982961466747,-6565.0496187633598,0,7.4274781593409314,-1.907708508578251,0
3944.0000000526197,-1678.7697404130784,-6566.9531252648903,0,7.429631723104694,-1.8993040884031103,0
3944.9999999720603,-1671.3390358704178,-6568.8482261298041,0,7.4317757770115609,-1.8908972371370683,0
3945.9999998915009,-1663.9061920299225,-6570.7349189323895,0,7.4339103183171638,-1.8824879655408133,0
3947.0000001252629,-1656.4712184055613,-6572.6132012576991,0,7.4360353442893095,-1.874076284378132,0
3948.0000000447035,-1649.0341245140287,-6574.4830707015481,0,7.4381508522079862,-1.8656622044158948,0
3948.9999999641441,-1641.5949198747323,-6576.344524870522,0,7.4402568393653654,-1.8572457364240431,0
3949.9999998835847,-1634.153614009783,-6578.1975613819777,0,7.4423533030658007,-1.848826891175575,0
3951.0000001173466,-1626.7102164439805,-6580.0421778640475,0,7.4444402406258403,-1.8404056794465302,0
3952.0000000367872,-1619.2647367048019,-6581.8783719556386,0,7.4465176493742247,-1.8319821120159794,0
3952.9999999562278,-1611.8171843223888,-6583.7061413064412,0,7.4485855266518897,-1.823556199666007,0
3953.9999998756684,-1604.3675688295373,-6585.5254835769265,0,7.4506438698119739,-1.8151279531816995,0
3955.0000001094304,-1596.9158997616826,-6587.3363964383552,0,7.4526926762198169,-1.8066973833511315,0
3956.000000028871,-1589.4621866568896,-6589.1388775727764,0,7.4547319432529662,-1.7982645009653506,0
3956.9999999483116,-1582.0064390558384,-6590.9329246730313,0,7.4567616683011808,-1.7898293168183652,0
3957.9999998677522,-1574.5486665018145,-6592.7185354427584,0,7.4587818487664315,-1.7813918417071295,0
3959.0000001015142,-1567.0888785406951,-6594.4957075963903,0,7.4607924820629066,-1.77295208643153,0
3960.0000000209548,-1559.6270847209364,-6596.2644388591671,0,7.4627935656170141,-1.7645100617943721,0
3960.9999999403954,-1552.1632945935626,-6598.0247269671254,0,7.464785096867387,-1.7560657786013658,0
3961.999999859836,-1544.6975177121526,-6599.7765696671195,0,7.4667670732648856,-1.7476192476611123,0
3963.0000000935979,-1537.2297636328294,-6601.5199647168038,0,7.4687394922725998,-1.7391704797850898,0
3964.0000000130385,-1529.7600419142459,-6603.2549098846503,0,7.4707023513658495,-1.7307194857876391,0
3964.9999999324791,-1522.2883621175736,-6604.9814029499448,0,7.4726556480321955,-1.7222662764859513,0
3965.9999998519197,-1514.8147338064905,-6606.6994417027936,0,7.4745993797714361,-1.7138108627000528,0
3967.0000000856817,-1507.3391665471688,-6608.4090239441248,0,7.4765335440956138,-1.7053532552527912,0
3968.0000000051223,-1499.8616699082631,-6610.1101474856887,0,7.4784581385290183,-1.6968934649698226,0
3968.9999999245629,-1492.3822534608962,-6611.8028101500622,0,7.4803731606081865,-1.6884315026795973,0
3969.9999998440035,-1484.9009267786491,-6613.4870097706562,0,7.4822786078819066,-1.6799673792133445,0
3971.0000000777654,-1477.4176994375473,-6615.162744191709,0,7.4841744779112291,-1.671501105405061,0
3971.999999997206,-1469.9325810160501,-6616.8300112682991,0,7.4860607682694553,-1.6630326920914957,0
3972.9999999166466,-1462.4455810950369,-6618.4888088663374,0,7.4879374765421529,-1.6545621501121359,0
3974.0000001504086,-1454.9567092577952,-6620.1391348625812,0,7.489804600327151,-1.6460894903091936,0
3975.0000000698492,-1447.4659750900084,-6621.7809871446289,0,7.4916621372345533,-1.637614723527592,0
3975.9999999892898,-1439.9733881797445,-6623.4143636109266,0,7.4935100848867275,-1.6291378606149498,0
3976.9999999087304,-1432.4789581174418,-6625.039262170767,0,7.4953484409183186,-1.6206589124215705,0
3978.0000001424924,-1424.9826944958993,-6626.6556807442958,0,7.4971772029762498,-1.6121778898004253,0
3979.000000061933,-1417.4846069102614,-6628.2636172625125,0,7.4989963687197214,-1.6036948036071415,0
3979.9999999813735,-1409.9847049580078,-6629.8630696672717,0,7.500805935820221,-1.595209664699988,0
3980.9999999008141,-1402.4829982389406,-6631.4540359112925,0,7.5026059019615188,-1.5867224839398606,0
3982.0000001345761,-1394.9794963551726,-6633.0365139581527,0,7.5043962648396763,-1.5782332721902681,0
3983.0000000540167,-1387.4742089111132,-6634.6105017822965,0,7.5061770221630475,-1.5697420403173201,0
3983.9999999734573,-1379.967145513458,-6636.1759973690359,0,7.5079481716522762,-1.5612487991897117,0
3984.9999998928979,-1372.4583157711756,-6637.7329987145486,0,7.5097097110403102,-1.5527535596787092,0
3986.0000001266599,-1364.9477292954962,-6639.2815038258896,0,7.5114616380723973,-1.5442563326581369,0
3987.0000000461005,-1357.4353956998973,-6640.8215107209871,0,7.5132039505060879,-1.5357571290043639,0
3987.9999999655411,-1349.9213246000938,-6642.3530174286479,0,7.514936646111237,-1.5272559595962885,0
3988.9999998849817,-1342.4055256140239,-6643.8760219885562,0,7.5166597226700143,-1.5187528353153257,0
3990.0000001187436,-1334.8880083618378,-6645.3905224512819,0,7.518373177976895,-1.5102477670453927,0
3991.0000000381842,-1327.3687824658855,-6646.8965168782788,0,7.5200770098386736,-1.5017407656728941,0
3991.9999999576248,-1319.8478575507029,-6648.3940033418894,0,7.5217712160744616,-1.4932318420867101,0
3992.9999998770654,-1312.3252432430018,-6649.8829799253454,0,7.5234557945156908,-1.4847210071781811,0
3994.0000001108274,-1304.8009491716557,-6651.3634447227714,0,7.5251307430061196,-1.4762082718410927,0
3995.000000030268,-1297.2749849676879,-6652.8353958391854,0,7.5267960594018293,-1.4676936469716646,0
3995.9999999497086,-1289.7473602642608,-6654.2988313905025,0,7.5284517415712289,-1.4591771434685346,0
3996.9999998691492,-1282.2180846966608,-6655.7537495035422,0,7.5300977873950634,-1.4506587722327444,0
3998.0000001029111,-1274.6871679022881,-6657.2001483160248,0,7.5317341947664103,-1.4421385441677277,0
3999.0000000223517,-1267.1546195206438,-6658.638025976571,0,7.5333609615906836,-1.4336164701792935,0
3999.9999999417923,-1259.6204491933165,-6660.0673806447112,0,7.5349780857856352,-1.4250925611756149,0
4000.9999998612329,-1252.0846665639722,-6661.4882104908866,0,7.5365855652813645,-1.4165668280672126,0
4002.0000000949949,-1244.5472812783394,-6662.9005136964488,0,7.538183398020311,-1.4080392817669427,0
4003.0000000144355,-1237.008302984199,-6664.3042884536626,0,7.5397715819572655,-1.3995099331899825,0
4003.9999999338761,-1229.4677413313698,-6665.6995329657084,0,7.5413501150593669,-1.3909787932538149,0
4004.9999998533167,-1221.9256059716986,-6667.0862454466887,0,7.5429189953061098,-1.3824458728782179,0
4006.0000000870787,-1214.3819065590455,-6668.4644241216247,0,7.5444782206893422,-1.3739111829852468,0
4007.0000000065193,-1206.8366527492738,-6669.8340672264603,0,7.5460277892132703,-1.365374734499222,0
4007.9999999259599,-1199.289854200234,-6671.1951730080655,0,7.5475676988944604,-1.3568365383467158,0
4008.9999998454005,-1191.7415205717562,-6672.5477397242403,0,7.5490979477618438,-1.3482966054565362,0
4010.0000000791624,-1184.1916615256348,-6673.8917656437106,0,7.5506185338567162,-1.3397549467597156,0
4010.999999998603,-1176.6402867256161,-6675.2272490461355,0,7.552129455232742,-1.331211573189494,0
4011.9999999180436,-1169.087405837387,-6676.5541882221096,0,7.5536307099559581,-1.3226664956813079,0
4013.0000001518056,-1161.5330285285625,-6677.8725814731642,0,7.5551222961047726,-1.3141197251727725,0
4014.0000000712462,-1153.9771644686721,-6679.1824271117675,0,7.5566042117699697,-1.3055712726036726,0
4014.9999999906868,-1146.419823329149,-6680.4837234613315,0,7.5580764550547102,-1.2970211489159453,0
4015.9999999101274,-1138.8610147833176,-6681.7764688562065,0,7.559539024074537,-1.288469365053666,0
4017.0000001438893,-1131.3007485063793,-6683.0606616416953,0,7.5609919169573772,-1.2799159319630355,0
4018.0000000633299,-1123.7390341754021,-6684.3363001740418,0,7.5624351318435403,-1.2713608605923659,0
4018.9999999827705,-1116.1758814693073,-6685.6033828204372,0,7.5638686668857256,-1.2628041618920653,0
4019.9999999022111,-1108.6113000688574,-6686.8619079590326,0,7.5652925202490229,-1.2542458468146263,0
4021.0000001359731,-1101.0452996566435,-6688.1118739789263,0,7.5667066901109141,-1.2456859263146089,0
4022.0000000554137,-1093.4778899170731,-6689.3532792801743,0,7.5681111746612748,-1.237124411348629,0
4022.9999999748543,-1085.9090805363578,-6690.5861222737876,0,7.5695059721023767,-1.2285613128753432,0
4023.9999998942949,-1078.3388812025003,-6691.8104013817419,0,7.570891080648896,-1.2199966418554344,0
4025.0000001280569,-1070.7673016052827,-6693.0261150369688,0,7.5722664985279025,-1.2114304092515991,0
4026.0000000474975,-1063.194351436254,-6694.233261683371,0,7.573632223978878,-1.2028626260285327,0
4026.999999966938,-1055.6200403887171,-6695.4318397758097,0,7.5749882552537056,-1.1942933031529155,0
4027.9999998863786,-1048.0443781577169,-6696.6218477801158,0,7.5763345906166792,-1.1857224515933971,0
4029.0000001201406,-1040.4673744400284,-6697.8032841730919,0,7.577671228344502,-1.1771500823205847,0
4030.0000000395812,-1032.8890389341429,-6698.9761474425086,0,7.5789981667262918,-1.1685762063070289,0
4030.9999999590218,-1025.3093813402572,-6700.1404360871165,0,7.5803154040635787,-1.1600008345272077,0
4031.9999998784624,-1017.7284113602594,-6701.2961486166341,0,7.5816229386703125,-1.1514239779575148,0
4033.0000001122244,-1010.1461386977181,-6702.4432835517609,0,7.5829207688728628,-1.1428456475762432,0
4034.000000031665,-1002.5625730578691,-6703.581839424176,0,7.5842088930100173,-1.1342658543635735,0
4034.9999999511056,-994.97772414760323,-6704.7118147765377,0,7.58548730943299,-1.1256846093015576,0
4035.9999998705462,-987.39160167545378,-6705.8332081624903,0,7.5867560165054195,-1.1171019233741071,0
4037.0000001043081,-979.80421535158416,-6706.9460181466611,0,7.5880150126033747,-1.1085178075669768,0
4038.0000000237487,-972.2155748877758,-6708.0502433046613,0,7.5892642961153509,-1.0999322728677521,0
4038.9999999431893,-964.62568999741529,-6709.1458822230952,0,7.5905038654422805,-1.0913453302658342,0
4039.9999998626299,-957.03457039548186,-6710.2329334995538,0,7.5917337189975234,-1.0827569907524273,0
4041.0000000963919,-949.44222579853567,-6711.3113957426258,0,7.5929538552068809,-1.0741672653205225,0
4042.0000000158325,-941.84866592470428,-6712.3812675718882,0,7.5941642725085901,-1.0655761649648858,0
4042.9999999352731,-934.25390049367104,-6713.442547617914,0,7.5953649693533274,-1.0569837006820426,0
4043.9999998547137,-926.65793922666251,-6714.4952345222737,0,7.596555944204213,-1.0483898834702645,0
4045.0000000884756,-919.06079184643568,-6715.5393269375436,0,7.5977371955368112,-1.0397947243295542,0
4046.0000000079162,-911.46246807726573,-6716.5748235272922,0,7.5989087218391322,-1.031198234261633,0
4046.9999999273568,-903.86297764493406,-6717.6017229660929,0,7.6000705216116318,-1.0226004242699249,0
4047.9999998467974,-896.26233027671503,-6718.6200239395257,0,7.6012225933672175,-1.014001305359544,0
4049.0000000805594,-888.66053570136353,-6719.6297251441747,0,7.6023649356312495,-1.0054008885372789,0
4050,-881.05760364910361,-6720.6308252876324,0,7.6034975469415409,-0.99679918481158025,0
4050.9999999194406,-873.45354385161488,-6721.6233230884991,0,7.6046204258483598,-0.98819620519254614,0
4052.0000001532026,-865.84836604202064,-6722.6072172763888,0,7.605733570914432,-0.97959196069190724,0
4053.0000000726432,-858.24207995487461,-6723.5825065919262,0,7.6068369807149416,-0.97098646232301344,0
4053.9999999920838,-850.63469532614999,-6724.5491897867505,0,7.6079306538375384,-0.96237972110081982,0
4054.9999999115244,-843.02622189322551,-6725.507265623517,0,7.6090145888823288,-0.95377174804187181,0
4056.0000001452863,-835.41666939487391,-6726.456732875894,0,7.6100887844618867,-0.94516255416429218,0
4057.0000000647269,-827.80604757124877,-6727.3975903285782,0,7.6111532392012524,-0.93655215048776552,0
4057.9999999841675,-820.19436616387247,-6728.3298367772786,0,7.6122079517379317,-0.92794054803352577,0
4058.9999999036081,-812.58163491562391,-6729.2534710287282,0,7.613252920721906,-0.91932775782434084,0
4060.0000001373701,-804.96786357072551,-6730.1684919006839,0,7.6142881448156228,-0.91071379088449922,0
4061.0000000568107,-797.35306187473111,-6731.0748982219293,0,7.6153136226940052,-0.90209865823979529,0
4061.9999999762513,-789.73723957451364,-6731.972688832273,0,7.6163293530444509,-0.8934823709175157,0
4062.9999998956919,-782.12040641825195,-6732.8618625825493,0,7.6173353345668371,-0.88486493994642501,0
4064.0000001294538,-774.50257215541876,-6733.7424183346266,0,7.6183315659735182,-0.87624637635675162,0
4065.0000000488944,-766.88374653676851,-6734.6143549614017,0,7.6193180459893251,-0.86762669118017399,0
4065.999999968335,-759.2639393143246,-6735.4776713468036,0,7.6202947733515742,-0.85900589544980599,0
4066.9999998877756,-751.64316024136667,-6736.3323663857964,0,7.6212617468100632,-0.85038400020018268,0
4068.0000001215376,-744.02141907241844,-6737.178438984376,0,7.6222189651270744,-0.84176101646724688,0
4069.0000000409782,-736.39872556323496,-6738.0158880595809,0,7.6231664270773782,-0.83313695528833465,0
4069.9999999604188,-728.77508947079036,-6738.8447125394841,0,7.6241041314482345,-0.82451182770216092,0
4070.9999998798594,-721.15052055326521,-6739.6649113631975,0,7.6250320770393873,-0.81588564474880576,0
4072.0000001136214,-713.52502857003412,-6740.476483480873,0,7.6259502626630784,-0.80725841746970028,0
4073.000000033062,-705.89862328165327,-6741.2794278537094,0,7.6268586871440363,-0.79863015690761185,0
4073.9999999525025,-698.27131444984798,-6742.0737434539424,0,7.627757349319487,-0.79000087410663078,0
4074.9999998719431,-690.64311183749976,-6742.8594292648577,0,7.6286462480391544,-0.78137058011215577,0
4076.0000001057051,-683.01402520863451,-6743.6364842807843,0,7.6295253821652533,-0.77273928597087982,0
4077.0000000251457,-675.38406432840907,-6744.4049075070989,0,7.6303947505725045,-0.76410700273077625,0
4077.9999999445863,-667.75323896310022,-6745.1646979602292,0,7.6312543521481206,-0.75547374144108459,0
4078.9999998640269,-660.12155888009033,-6745.9158546676481,0,7.632104185791821,-0.74683951315229524,0
4080.0000000977889,-652.48903384785672,-6746.6583766678832,0,7.6329442504158287,-0.73820432891613763,0
4081.0000000172295,-644.85567363595749,-6747.3922630105153,0,7.6337745449448668,-0.72956819978556398,0
4081.9999999366701,-637.22148801501987,-6748.1175127561746,0,7.6345950683161687,-0.72093113681473631,0
4082.9999998561107,-629.58648675672782,-6748.8341249765499,0,7.6354058194794696,-0.7122931510590117,0
4084.0000000898726,-621.95067963380939,-6749.542098754383,0,7.6362067973970174,-0.70365425357492883,0
4085.0000000093132,-614.31407642002409,-6750.2414331834752,0,7.636998001043569,-0.69501445542019269,0
4085.9999999287538,-606.67668689015034,-6750.9321273686846,0,7.6377794294063905,-0.68637376765366198,0
4086.9999998481944,-599.03852081997275,-6751.6141804259314,0,7.6385510814852609,-0.67773220133533318,0
4088.0000000819564,-591.39958798627038,-6752.2875914821916,0,7.6393129562924731,-0.66908976752632809,0
4089.000000001397,-583.75989816680362,-6752.9523596755071,0,7.6400650528528331,-0.66044647728887873,0
4089.9999999208376,-576.11946114030161,-6753.6084841549809,0,7.6408073702036674,-0.65180234168631301,0
4091.0000001545995,-568.47828668644979,-6754.2559640807794,0,7.6415399073948134,-0.64315737178304089,0
4092.0000000740401,-560.83638458587791,-6754.8947986241355,0,7.6422626634886353,-0.63451157864454066,0
4092.9999999934807,-553.19376462014668,-6755.5249869673462,0,7.6429756375600082,-0.62586497333734392,0
4093.9999999129213,-545.5504365717361,-6756.1465283037778,0,7.643678828696336,-0.61721756692902197,0
4095.0000001466833,-537.90641022403224,-6756.7594218378608,0,7.6443722359975386,-0.6085693704881715,0
4096.0000000661239,-530.26169536131522,-6757.3636667850997,0,7.6450558585760611,-0.59992039508440087,0
4096.9999999855645,-522.61630176874587,-6757.9592623720664,0,7.6457296955568728,-0.59127065178831495,0
4097.9999999050051,-514.97023923235486,-6758.5462078364035,0,7.6463937460774698,-0.58262015167150161,0
4099.0000001387671,-507.32351753902799,-6759.1245024268255,0,7.6470480092878734,-0.57396890580651749,0
4100.0000000582077,-499.67614647649515,-6759.694145403123,0,7.6476924843506344,-0.5653169252668736,0
4100.9999999776483,-492.02813583331761,-6760.2551360361585,0,7.6483271704408287,-0.55666422112702174,0
4101.9999998970889,-484.37949539887524,-6760.8074736078688,0,7.6489520667460633,-0.54801080446233952,0
4103.0000001308508,-476.73023496335395,-6761.3511574112672,0,7.6495671724664804,-0.53935668634911704,0
4104.0000000502914,-469.0803643177332,-6761.8861867504438,0,7.650172486814748,-0.53070187786454182,0
4104.999999969732,-461.42989325377363,-6762.4125609405655,0,7.6507680090160726,-0.52204639008668507,0
4105.9999998891726,-453.77883156400429,-6762.9302793078778,0,7.6513537383081891,-0.51339023409448781,0
4107.0000001229346,-446.12718904171032,-6763.4393411897081,0,7.6519296739413694,-0.50473342096774609,0
4108.0000000423752,-438.47497548092048,-6763.9397459344609,0,7.6524958151784226,-0.49607596178709729,0
4108.9999999618158,-430.82220067639395,-6764.4314929016236,0,7.6530521612946929,-0.48741786763400524,0
4109.9999998812564,-423.16887442360888,-6764.9145814617641,0,7.6535987115780619,-0.47875914959074711,0
4111.0000001150183,-415.51500651874886,-6765.389010996535,0,7.6541354653289533,-0.47009981874039852,0
4112.0000000344589,-407.86060675869084,-6765.8547808986705,0,7.6546624218603245,-0.46143988616681914,0
4112.9999999538995,-400.20568494099297,-6766.3118905719894,0,7.655179580497677,-0.45277936295463928,0
4113.9999998733401,-392.55025086388099,-6766.7603394313946,0,7.6556869405790522,-0.44411826018924488,0
4115.0000001071021,-384.89431432623672,-6767.2001269028788,0,7.6561845014550363,-0.43545658895676409,0
4116.0000000265427,-377.23788512758512,-6767.6312524235163,0,7.6566722624887547,-0.42679436034405238,0
4116.9999999459833,-369.58097306808156,-6768.0537154414715,0,7.6571502230558774,-0.4181315854386789,0
4117.9999998654239,-361.92358794849963,-6768.4675154159931,0,7.6576183825446194,-0.40946827532891172,0
4119.0000000991859,-354.26573957021839,-6768.8726518174244,0,7.6580767403557433,-0.40080444110370433,0
4120.0000000186265,-346.60743773520983,-6769.2691241271923,0,7.6585252959025532,-0.39214009385268073,0
4120.999999938067,-338.94869224602633,-6769.656931837817,0,7.6589640486109047,-0.38347524466612187,0
4121.9999998575076,-331.28951290578817,-6770.0360744529089,0,7.6593929979191957,-0.37480990463495106,0
4123.0000000912696,-323.62990951817125,-6770.4065514871672,0,7.6598121432783763,-0.36614408485071998,0
4124.0000000107102,-315.9698918873936,-6770.7683624663869,0,7.6602214841519451,-0.35747779640559418,0
4124.9999999301508,-308.30946981820409,-6771.1215069274558,0,7.6606210200159479,-0.34881105039233928,0
4125.9999998495914,-300.64865311586885,-6771.4659844183489,0,7.6610107503589857,-0.34014385790430657,0
4127.0000000833534,-292.98745158615941,-6771.8017944981384,0,7.661390674682206,-0.33147623003541876,0
4128.000000002794,-285.32587503533989,-6772.1289367369918,0,7.661760792499309,-0.32280817788015598,0
4128.9999999222346,-277.66393327015425,-6772.4474107161686,0,7.6621211033365482,-0.31413971253354123,0
4130.0000001559965,-270.00163609781401,-6772.757216028027,0,7.662471606732729,-0.30547084509112638,0
4131.0000000754371,-262.33899332598554,-6773.0583522760171,0,7.6628123022392103,-0.29680158664897827,0
4131.9999999948777,-254.6760147627777,-6773.3508190746907,0,7.6631431894199036,-0.28813194830366384,0
4132.9999999143183,-247.01271021672903,-6773.6346160496905,0,7.6634642678512783,-0.2794619411522366,0
4134.0000001480803,-239.34908949679541,-6773.9097428377609,0,7.6637755371223557,-0.270791576292222,0
4135.0000000675209,-231.68516241233738,-6774.1761990867381,0,7.6640769968347158,-0.26212086482160341,0
4135.9999999869615,-224.02093877310764,-6774.4339844555652,0,7.6643686466024921,-0.25344981783880788,0
4136.9999999064021,-216.35642838923849,-6774.6830986142786,0,7.6646504860523761,-0.2447784464426917,0
4138.000000140164,-208.69164107122921,-6774.9235412440148,0,7.6649225148236146,-0.23610676173252662,0
4139.0000000596046,-201.02658662993366,-6775.1553120370072,0,7.6651847325680151,-0.22743477480798535,0
4139.9999999790452,-193.36127487654747,-6775.3784106965923,0,7.6654371389499421,-0.21876249676912751,0
4140.9999998984858,-185.69571562259571,-6775.5928369372086,0,7.6656797336463161,-0.21008993871638529,0
4142.0000001322478,-178.02991867992031,-6775.798590484389,0,7.6659125163466184,-0.20141711175054927,0
4143.0000000516884,-170.3638938606673,-6775.9956710747729,0,7.6661354867528928,-0.19274402697275425,0
4143.999999971129,-162.69765097727446,-6776.1840784560973,0,7.6663486445797338,-0.18407069548446506,0
4144.9999998905696,-155.0311998424587,-6776.3638123872061,0,7.6665519895543044,-0.1753971283874623,0
4146.0000001243316,-147.36455026920353,-6776.5348726380389,0,7.6667455214163249,-0.16672333678382806,0
4147.0000000437722,-139.69771207074632,-6776.6972589896395,0,7.6669292399180762,-0.15804933177593197,0
4147.9999999632128,-132.03069506056599,-6776.8509712341565,0,7.6671031448243996,-0.14937512446641665,0
4148.9999998826534,-124.36350905237033,-6776.996009174838,0,7.6672672359127008,-0.14070072595818381,0
4150.0000001164153,-116.69616386008343,-6777.1323726260389,0,7.6674215129729415,-0.1320261473543797,0
4151.0000000358559,-109.02866929783312,-6777.2600614132143,0,7.6675659758076522,-0.12335139975838129,0
4151.9999999552965,-101.36103517993844,-6777.3790753729263,0,7.6677006242319194,-0.11467649427378178,0
4152.9999998747371,-93.693271320897054,-6777.4894143528363,0,7.6678254580733958,-0.1060014420043764,0
4154.0000001084991,-86.025387535372673,-6777.5910782117107,0,7.6679404771722934,-0.097326254054148381,0
4155.0000000279397,-78.357393638182529,-6777.68406681942,0,7.6680456813813906,-0.088650941527254556,0
4155.9999999473803,-70.689299444284828,-6777.7683800569412,0,7.6681410705660253,-0.079975515528011243,0
4156.9999998668209,-63.021114768766132,-6777.8440178163537,0,7.6682266446041014,-0.071299987160879985,0
4158.0000001005828,-55.35284942682879,-6777.9109800008418,0,7.668302403386086,-0.06262436753045332,0
4159.0000000200234,-47.684513233778453,-6777.9692665246939,0,7.6683683468150061,-0.053948667741440665,0
4159.999999939464,-40.016116005011412,-6778.018877313305,0,7.6684244748064563,-0.045272898898654004,0
4160.9999998589046,-32.347667556002122,-6778.0598123031759,0,7.6684707872885935,-0.036597072106993721,0
4162.0000000926666,-24.679177702290566,-6778.0920714419062,0,7.6685072842021382,-0.027921198471434382,0
4163.0000000121072,-17.010656259469748,-6778.1156546882057,0,7.6685339655003739,-0.019245289097010489,0
4163.9999999315478,-9.3421130431731072,-6778.1305620118883,0,7.6685508311491484,-0.010569355088802307,0
4164.9999998509884,-1.6735578690619404,-6778.1367933938736,0,7.6685578811268762,-0.0018934075519216266,0
4166.0000000847504,5.9949994471871468,-6778.1343488261837,0,7.6685551154245308,0.006782542408502441,0
4167.000000004191,13.663549089894806,-6778.1232283119489,0,7.6685425340456534,0.015458483687337687,0
4167.9999999236315,21.332081243391507,-6778.1034318654038,0,7.6685201370063476,0.024134405179463022,0
4168.9999998430721,29.000586092030108,-6778.0749595118878,0,7.6684879243352819,0.032810295779782665,0
4170.0000000768341,36.669053820198421,-6778.0378112878443,0,7.6684458960736874,0.04148614438324038,0
4170.9999999962747,44.337474612331768,-6777.9919872408236,0,7.6683940522753611,0.050161939884833688,0
4171.9999999157153,52.005838652925547,-6777.9374874294781,0,7.6683323930066631,0.058837671179628091,0
4173.0000001494773,59.674136126547808,-6777.8743119235687,0,7.6682609183465136,0.067513327162771281,0
4174.0000000689179,67.34235721785177,-6777.8024608039586,0,7.6681796283864037,0.076188896729507322,0
4174.9999999883585,75.010492111588476,-6777.721934162616,0,7.6680885232303799,0.084864368775190921,0
4175.9999999077991,82.678530992619272,-6777.6327321026147,0,7.6679876029950584,0.093539732195301581,0
4177.000000141561,90.346464045928414,-6777.5348547381345,0,7.6678768678096132,0.10221497588545786,0
4178.0000000610016,98.014281456635558,-6777.4283021944557,0,7.6677563178157877,0.11089008874143157,0
4178.9999999804422,105.68197341000848,-6777.3130746079642,0,7.6676259531678834,0.11956505965916198,0
4179.9999998998828,113.34953009147546,-6777.1891721261509,0,7.667485774032766,0.12823987753477001,0
4181.0000001336448,121.01694168663796,-6777.0565949076099,0,7.6673357805898625,0.13691453126457256,0
4182.0000000530854,128.68419838128312,-6776.9153431220384,0,7.6671759730311644,0.14558900974509653,0
4182.999999972526,136.35129036139639,-6776.7654169502384,0,7.6670063515612235,0.15426330187309326,0
4183.9999998919666,144.01820781317403,-6776.6068165841125,0,7.6668269163971514,0.1629373965455525,0
4185.0000001257285,151.68494092303573,-6776.439542226668,0,7.6666376677686268,0.17161128265971681,0
4186.0000000451691,159.35147987763708,-6776.2635940920136,0,7.6664386059178851,0.18028494911309564,0
4186.9999999646097,167.01781486388228,-6776.0789724053629,0,7.6662297310997216,0.18895838480347971,0
4187.9999998840503,174.68393606893642,-6775.8856774030291,0,7.6660110435814968,0.19763157862895503,0
4189.0000001178123,182.34983368023839,-6775.6837093324284,0,7.6657825436431262,0.2063045194879172,0
4190.0000000372529,190.0154978855133,-6775.4730684520764,0,7.6655442315770905,0.21497719627908565,0
4190.9999999566935,197.68091887278484,-6775.2537550315919,0,7.6652961076884241,0.22364959790151778,0
4191.9999998761341,205.34608683038829,-6775.0257693516951,0,7.6650381722947243,0.23232171325462322,0
4193.0000001098961,213.01099194698253,-6774.7891117042045,0,7.6647704257261449,0.24099353123817804,0
4194.0000000293367,220.67562441156306,-6774.5437823920402,0,7.6644928683254001,0.24966504075233889,0
4194.9999999487773,228.33997441347427,-6774.2897817292223,0,7.6642055004477614,0.25833623069765732,0
4195.9999998682179,236.00403214242212,-6774.0271100408681,0,7.6639083224610545,0.26700708997509393,0
4197.0000001019798,243.66778778848669,-6773.7557676631941,0,7.6636013347456649,0.27567760748603243,0
4198.0000000214204,251.33123154213476,-6773.4757549435171,0,7.663284537694536,0.28434777213229406,0
4198.999999940861,258.99435359423222,-6773.18707224025,0,7.6629579317131622,0.29301757281615193,0
4199.9999998603016,266.65714413605684,-6772.8897199229059,0,7.6626215172195993,0.30168699844034474,0
4201.0000000940636,274.31959335931077,-6772.5836983720892,0,7.6622752946444512,0.31035603790809135,0
4202.0000000135042,281.98169145613281,-6772.2690079795057,0,7.6619192644308818,0.31902468012310492,0
4202.9999999329448,289.64342861911143,-6771.9456491479596,0,7.6615534270346055,0.32769291398960709,0
4203.9999998523854,297.30479504129704,-6771.6136222913419,0,7.6611777829238896,0.33636072841234227,0
4205.0000000861473,304.9657809162145,-6771.2729278346478,0,7.6607923325795566,0.34502811229659158,0
4206.0000000055879,312.62637643787593,-6770.9235662139608,0,7.660397076494978,0.35369505454818712,0
4206.9999999250285,320.28657180079296,-6770.5655378764604,0,7.6599920151760799,0.36236154407352672,0
4207.9999998444691,327.94635719998934,-6770.1988432804201,0,7.6595771491413336,0.3710275697795874,0
4209.0000000782311,335.60572283101379,-6769.8234828952045,0,7.659152478921766,0.37969312057393984,0
4209.9999999976717,343.26465888995227,-6769.4394572012725,0,7.6587180050609502,0.38835818536476274,0
4210.9999999171123,350.92315557344045,-6769.0467666901723,0,7.6582737281150095,0.39702275306085671,0
4212.0000001508743,358.58120307867659,-6768.6454118645452,0,7.6578196486526133,0.40568681257165873,0
4213.0000000703149,366.23879160343375,-6768.2353932381211,0,7.6573557672549777,0.41435035280725635,0
4213.9999999897555,373.89591134607258,-6767.8167113357185,0,7.6568820845158685,0.42301336267840151,0
4214.999999909196,381.55255250555371,-6767.3893666932481,0,7.6563986010415945,0.43167583109652535,0
4216.000000142958,389.20870528145019,-6766.9533598577054,0,7.6559053174510092,0.44033774697375183,0
4217.0000000623986,396.86435987396055,-6766.5086913871755,0,7.6554022343755106,0.44899909922291226,0
4217.9999999818392,404.51950648392074,-6766.0553618508302,0,7.6548893524590413,0.45765987675755937,0
4218.9999999012798,412.17413531281704,-6765.593371828927,0,7.6543666723580834,0.46632006849198149,0
4220.0000001350418,419.82823656279834,-6765.1227219128077,0,7.6538341947416644,0.47497966334121683,0
4221.0000000544824,427.4818004366889,-6764.6434127049015,0,7.6532919202913492,0.4836386502210675,0
4221.999999973923,435.13481713800093,-6764.1554448187171,0,7.652739849701244,0.49229701804811393,0
4222.9999998933636,442.78727687094687,-6763.6588188788492,0,7.6521779836779942,0.5009547557397287,0
4224.0000001271255,450.43916984045211,-6763.1535355209753,0,7.6516063229407827,0.50961185221409111,0
4225.0000000465661,458.09048625216758,-6762.6395953918536,0,7.6510248682213327,0.51826829639020155,0
4225.9999999660067,465.74121631248204,-6762.1169991493216,0,7.6504336202638967,0.52692407718789458,0
4226.9999998854473,473.3913502285348,-6761.5857474622981,0,7.6498325798252669,0.53557918352785483,0
4228.0000001192093,481.04087820822838,-6761.0458410107785,0,7.6492217476747681,0.54423360433162948,0
4229.0000000386499,488.68979046024083,-6760.497280485838,0,7.6486011245942631,0.55288732852164346,0
4229.9999999580905,496.33807719403814,-6759.940066589631,0,7.6479707113781403,0.56154034502121331,0
4230.9999998775311,503.98572861988731,-6759.374200035385,0,7.6473305088333232,0.57019264275456139,0
4232.000000111293,511.63273494886835,-6758.7996815474025,0,7.6466805177792674,0.57884421064683012,0
4233.0000000307336,519.27908639288682,-6758.2165118610628,0,7.6460207390479527,0.58749503762409616,0
4233.9999999501742,526.9247731646866,-6757.6246917228164,0,7.6453511734838902,0.59614511261338454,0
4234.9999998696148,534.56978547786241,-6757.0242218901885,0,7.6446718219441161,0.60479442454268262,0
4236.0000001033768,542.21411354687234,-6756.4151031317742,0,7.643982685298198,0.61344296234095452,0
4237.0000000228174,549.85774758705054,-6755.7973362272396,0,7.6432837644282197,0.6220907149381556,0
4237.999999942258,557.50067781461871,-6755.1709219673203,0,7.6425750602287961,0.63073767126524583,0
4238.9999998616986,565.14289444670032,-6754.5358611538222,0,7.6418565736070594,0.63938382025420482,0
4240.0000000954606,572.78438770133175,-6753.8921545996145,0,7.6411283054826651,0.64802915083804513,0
4241.0000000149012,580.42514779747546,-6753.2398031286366,0,7.6403902567877919,0.65667365195082683,0
4241.9999999343418,588.06516495503172,-6752.5788075758919,0,7.6396424284671332,0.66531731252767223,0
4242.9999998537824,595.70442939485315,-6751.9091687874497,0,7.6388848214779017,0.67396012150477891,0
4244.0000000875443,603.3429313387544,-6751.2308876204379,0,7.6381174367898286,0.68260206781943522,0
4245.0000000069849,610.98066100952701,-6750.5439649430518,0,7.6373402753851583,0.69124314041003299,0
4245.9999999264255,618.6176086309506,-6749.8484016345456,0,7.6365533382586497,0.6998833282160829,0
4246.9999998458661,626.25376442780612,-6749.1441985852325,0,7.6357566264175745,0.70852262017822776,0
4248.0000000796281,633.88911862588736,-6748.4313566964893,0,7.6349501408817169,0.71716100523825732,0
4248.9999999990687,641.52366145201518,-6747.7098768807427,0,7.6341338826833711,0.72579847233912209,0
4249.9999999185093,649.15738313404825,-6746.9797600614811,0,7.6333078528673397,0.73443501042494752,0
4251.0000001522712,656.79027390089641,-6746.2410071732493,0,7.6324720524909306,0.74307060844104844,0
4252.0000000717118,664.42232398253327,-6745.4936191616416,0,7.6316264826239619,0.7517052553339425,0
4252.9999999911524,672.05352361000814,-6744.7375969833083,0,7.6307711443487554,0.76033894005136493,0
4253.999999910593,679.68386301545945,-6743.972941605949,0,7.6299060387601338,0.76897165154228275,0
4255.000000144355,687.31333243212623,-6743.1996540083173,0,7.6290311669654258,0.77760337875690855,0
4256.0000000637956,694.94192209436142,-6742.4177351802118,0,7.6281465300844573,0.78623411064671478,0
4256.9999999832362,702.56962223764356,-6741.6271861224814,0,7.6272521292495563,0.794863836164448,0
4257.9999999026768,710.19642309859046,-6740.8280078470207,0,7.6263479656055475,0.80349254426414296,0
4259.0000001364388,717.82231491497055,-6740.020201376773,0,7.6254340403097487,0.81212022390113636,0
4260.0000000558794,725.44728792571573,-6739.2037677457201,0,7.6245103545319797,0.82074686403208175,0
4260.99999997532,733.07133237093433,-6738.3787079988906,0,7.623576909454548,0.8293724536149627,0
4261.9999998947605,740.69443849192305,-6737.5450231923533,0,7.6226337062722527,0.83799698160910807,0
4263.0000001285225,748.31659653117958,-6736.7027143932146,0,7.6216807461923848,0.84662043697520517,0
4264.0000000479631,755.93779673241522,-6735.8517826796242,0,7.6207180304347251,0.85524280867531433,0
4264.9999999674037,763.55802934056703,-6734.9922291407647,0,7.619745560231542,0.8638640856728832,0
4265.9999998868443,771.17728460181115,-6734.1240548768565,0,7.6187633368275867,0.87248425693276022,0
4267.0000001206063,778.79555276357405,-6733.2472609991555,0,7.617771361480095,0.88110331142120946,0
4268.0000000400469,786.41282407454628,-6732.3618486299483,0,7.6167696354587866,0.88972123810592429,0
4268.9999999594875,794.02908878469407,-6731.4678189025544,0,7.6157581600458606,0.89833802595604173,0
4269.9999998789281,801.64433714527217,-6730.5651729613237,0,7.6147369365359951,0.9069536639421566,0
4271.00000011269,809.25855940883605,-6729.6539119616336,0,7.6137059662363464,0.91556814103633544,0
4272.0000000321306,816.87174582925456,-6728.7340370698894,0,7.6126652504665477,0.92418144621213072,0
4272.9999999515712,824.48388666172275,-6727.8055494635237,0,7.6116147905587033,0.93279356844459482,0
4273.9999998710118,832.09497216277384,-6726.8684503309896,0,7.6105545878573944,0.94140449671029436,0
4275.0000001047738,839.70499259029179,-6725.922740871767,0,7.6094846437196679,0.95001421998732449,0
4276.0000000242144,847.31393820352412,-6724.9684222963515,0,7.6084049595150445,0.95862272725532227,0
4276.999999943655,854.92179926309348,-6724.0054958262645,0,7.6073155366255074,0.96723000749548171,0
4277.9999998630956,862.52856603101145,-6723.0339626940413,0,7.6062163764455075,0.97583604969056692,0
4279.0000000968575,870.13422877069002,-6722.0538241432359,0,7.6051074803819603,0.98444084282492728,0
4280.0000000162981,877.73877774695404,-6721.0650814284172,0,7.6039888498542414,0.99304437588451067,0
4280.9999999357387,885.34220322605415,-6720.0677358151634,0,7.6028604862941869,1.0016466378568776,0
4281.9999998551793,892.94449547567956,-6719.0617885800693,0,7.6017223911460921,1.0102476177312156,0
4283.0000000889413,900.54564476496921,-6718.0472410107377,0,7.6005745658667081,1.0188473044983537,0
4284.0000000083819,908.14564136452532,-6717.0240944057787,0,7.5994170119252384,1.0274456871507756,0
4284.9999999278225,915.74447554642586,-6715.9923500748118,0,7.5982497308033405,1.0360427546826347,0
4285.9999998472631,923.3421375842363,-6714.9520093384572,0,7.5970727239951259,1.0446384960897677,0
4287.0000000810251,930.93861775302275,-6713.9030735283413,0,7.5958859930071503,1.0532329003697083,0
4288.0000000004657,938.53390632936373,-6712.8455439870941,0,7.5946895393584182,1.0618259565217023,0
4288.9999999199063,946.12799359136307,-6711.7794220683427,0,7.5934833645803783,1.0704176535467207,0
4290.0000001536682,953.72086981866244,-6710.7047091367094,0,7.5922674702169219,1.0790079804474737,0
4291.0000000731088,961.31252529245364,-6709.6214065678205,0,7.5910418578243846,1.087596926228426,0
4291.9999999925494,968.902950295491,-6708.5295157482897,0,7.5898065289715353,1.0961844798958102,0
4292.99999991199,976.4921351121036,-6707.4290380757311,0,7.588561485239584,1.1047706304576406,0
4294.000000145752,984.0800700282083,-6706.3199749587402,0,7.5873067282221758,1.1133553669237266,0
4295.0000000651926,991.66674533132141,-6705.2023278169108,0,7.586042259525386,1.1219386783056893,0
4295.9999999846332,999.25215131057189,-6704.0760980808182,0,7.5847680807677227,1.1305205536169722,0
4296.9999999040738,1006.8362782567133,-6702.9412871920276,0,7.5834841935801256,1.1391009818728581,0
4298.0000001378357,1014.4191164621365,-6701.7978966030842,0,7.582190599605954,1.1476799520904815,0
4299.0000000572763,1022.0006562208816,-6700.6459277775193,0,7.5808873005009989,1.1562574532888437,0
4299.9999999767169,1029.5808878286507,-6699.4853821898396,0,7.5795742979334664,1.1648334744888253,0
4300.9999998961575,1037.1598015828208,-6698.3162613255336,0,7.5782515935839889,1.1734080047132025,0
4302.0000001299195,1044.7373877824557,-6697.1385666810629,0,7.5769191891456158,1.1819810329866596,0
4303.0000000493601,1052.3136367283173,-6695.9522997638669,0,7.5755770863238121,1.1905525483358024,0
4303.9999999688007,1059.8885387228811,-6694.757462092356,0,7.5742252868364552,1.1991225397891745,0
4304.9999998882413,1067.4620840703451,-6693.5540551959102,0,7.5728637924138358,1.2076909963772693,0
4306.0000001220033,1075.0342630766447,-6692.3420806148797,0,7.5714926047986539,1.2162579071325452,0
4307.0000000414439,1082.6050660494634,-6691.1215399005787,0,7.5701117257460169,1.224823261089439,0
4307.9999999608845,1090.1744832982467,-6689.892434615288,0,7.568721157023437,1.2333870472843804,0
4308.999999880325,1097.7425051342136,-6688.6547663322499,0,7.5673209004108299,1.2419492547558058,0
4310.000000114087,1105.3091218703692,-6687.4085366356703,0,7.565910957700507,1.2505098725441721,0
4311.0000000335276,1112.8743238215166,-6686.1537471207075,0,7.5644913306971846,1.2590688896919717,0
4311.9999999529682,1120.4381013042712,-6684.8903993934828,0,7.56306202121797,1.2676262952437443,0
4312.9999998724088,1128.0004446370704,-6683.6184950710685,0,7.5616230310923651,1.276182078246094,0
4314.0000001061708,1135.5613441401874,-6682.3380357814904,0,7.5601743621622637,1.284736227747701,0
4315.0000000256114,1143.1207901357445,-6681.0490231637223,0,7.5587160162819487,1.2932887327993368,0
4315.999999945052,1150.6787729477237,-6679.7514588676904,0,7.5572479953180878,1.3018395824538773,0
4316.9999998644926,1158.2352829019796,-6678.445344554264,0,7.5557703011497344,1.3103887657663171,0
4318.0000000982545,1165.790310326252,-6677.1306818952544,0,7.554282935668323,1.3189362717937845,0
4319.0000000176951,1173.3438455501798,-6675.8074725734186,0,7.5527859007776676,1.3274820895955541,0
4319.9999999371357,1180.8958789053097,-6674.4757182824515,0,7.5512791983939564,1.3360262082330616,0
4320.9999998565763,1188.4464007251127,-6673.135420726986,0,7.5497628304457534,1.344568616769918,0
4322.0000000903383,1195.9954013449931,-6671.7865816225894,0,7.548236798874,1.3531093042719224,0
4323.0000000097789,1203.5428711023035,-6670.4292026957646,0,7.5467011056319953,1.3616482598070774,0
4323.9999999292195,1211.088800336355,-6669.0632856839411,0,7.5451557526854156,1.3701854724456017,0
4324.9999998486601,1218.6331793884315,-6667.6888323354824,0,7.5436007420122975,1.3787209312599464,0
4326.000000082422,1226.1759986018005,-6666.3058444096723,0,7.5420360756030389,1.3872546253248064,0
4327.0000000018626,1233.7172483217262,-6664.9143236767241,0,7.5404617554603988,1.3957865437171355,0
4327.9999999213032,1241.2569188954819,-6663.5142719177702,0,7.5388777835994896,1.4043166755161605,0
4329.0000001550652,1248.7950006723618,-6662.1056909248618,0,7.537284162047782,1.4128450098033949,0
4330.0000000745058,1256.3314840036937,-6660.6885825009722,0,7.5356808928450967,1.4213715356626535,0
4330.9999999939464,1263.8663592428522,-6659.2629484599847,0,7.5340679780436002,1.4298962421800652,0
4331.999999913387,1271.3996167452692,-6657.8287906266969,0,7.532445419707809,1.4384191184440878,0
4333.000000147149,1278.9312468684486,-6656.3861108368174,0,7.5308132199145845,1.4469401535455224,0
4334.0000000665896,1286.4612399719761,-6654.9349109369614,0,7.5291713807531231,1.4554593365775264,0
4334.9999999860302,1293.9895864175328,-6653.4751927846519,0,7.5275199043249641,1.4639766566356271,0
4335.9999999054708,1301.5162765689086,-6652.0069582483147,0,7.5258587927439837,1.4724921028177373,0
4337.0000001392327,1309.0413007920117,-6650.5302092072743,0,7.5241880481363861,1.4810056642241685,0
4338.0000000586733,1316.5646494548848,-6649.044947551758,0,7.5225076726407094,1.4895173299576436,0
4338.9999999781139,1324.0863129277138,-6647.5511751828817,0,7.5208176684078181,1.4980270891233129,0
4339.9999998975545,1331.606281582842,-6646.0488940126652,0,7.5191180376009008,1.5065349308287672,0
4341.0000001313165,1339.1245457947825,-6644.5381059640085,0,7.5174087823954698,1.5150408441840506,0
4342.0000000507571,1346.6410959402297,-6643.0188129707094,0,7.5156899049793529,1.5235448183016764,0
4342.9999999701977,1354.1559223980714,-6641.4910169774466,0,7.5139614075526975,1.5320468422966398,0
4343.9999998896383,1361.6690155494023,-6639.9547199397857,0,7.5122232923279659,1.540546905286432,0
4345.0000001234002,1369.1803657775361,-6638.4099238241706,0,7.5104755615299243,1.5490449963910551,0
4346.0000000428408,1376.6899634680165,-6636.8566306079238,0,7.5087182173956544,1.5575411047330332,0
4346.9999999622814,1384.1977990086311,-6635.2948422792488,0,7.5069512621745389,1.5660352194374307,0
4347.999999881722,1391.7038627894233,-6633.7245608372186,0,7.5051746981282648,1.574527329631862,0
4349.000000115484,1399.2081452027039,-6632.1457882917784,0,7.5033885275308156,1.5830174244465087,0
4350.0000000349246,1406.7106366430633,-6630.5585266637408,0,7.5015927526684738,1.591505493014131,0
4350.9999999543652,1414.2113275073852,-6628.962777984786,0,7.4997873758398121,1.5999915244700835,0
4351.9999998738058,1421.7102081948578,-6627.3585442974581,0,7.4979723993556959,1.6084755079523274,0
4353.0000001075678,1429.2072691069861,-6625.7458276551597,0,7.4961478255392775,1.6169574326014458,0
4354.0000000270084,1436.7025006476042,-6624.1246301221527,0,7.4943136567259918,1.6254372875606571,0
4354.999999946449,1444.1958932228886,-6622.4949537735538,0,7.4924698952635609,1.6339150619758291,0
4355.9999998658895,1451.6874372413683,-6620.8568006953328,0,7.4906165435119805,1.6423907449954918,0
4357.0000000996515,1459.1771231139398,-6619.2101729843098,0,7.4887536038435227,1.6508643257708528,0
4358.0000000190921,1466.6649412538777,-6617.5550727481532,0,7.4868810786427309,1.6593357934558111,0
4358.9999999385327,1474.1508820768468,-6615.8915021053763,0,7.4849989703064219,1.6678051372069691,0
4359.9999998579733,1481.6349360009151,-6614.2194631853308,0,7.4831072812436732,1.6762723461836491,0
4361.0000000917353,1489.1170934465661,-6612.5389581282125,0,7.4812060138758305,1.6847374095479051,0
4362.0000000111759,1496.5973448367099,-6610.8499890850517,0,7.4792951706364983,1.6932003164645377,0
4362.9999999306165,1504.0756805966973,-6609.1525582177092,0,7.4773747539715378,1.7016610561011074,0
4363.9999998500571,1511.5520911543306,-6607.4466676988841,0,7.4754447663390637,1.7101196176279494,0
4365.000000083819,1519.0265669398764,-6605.7323197120986,0,7.4735052102094386,1.7185759902181865,0
4366.0000000032596,1526.4990983860778,-6604.0095164517006,0,7.4715560880652765,1.727030163047744,0
4366.9999999227002,1533.9696759281667,-6602.2782601228619,0,7.4695974024014369,1.7354821252953612,0
4368.0000001564622,1541.4382900038761,-6600.5385529415753,0,7.4676291557250174,1.7439318661426091,0
4369.0000000759028,1548.9049310534522,-6598.7903971346477,0,7.4656513505553539,1.7523793747739003,0
4369.9999999953434,1556.3695895196659,-6597.0337949397026,0,7.4636639894240195,1.7608246403765055,0
4370.999999914784,1563.8322558478269,-6595.2687486051746,0,7.4616670748748168,1.7692676521405666,0
4372.000000148546,1571.2929204857944,-6593.4952603903057,0,7.4596606094637767,1.7777083992591094,0
4373.0000000679865,1578.75157388399,-6591.7133325651403,0,7.4576445957591568,1.786146870928059,0
4373.9999999874271,1586.2082064954079,-6589.92296741053,0,7.4556190363414361,1.7945830563462537,0
4374.9999999068677,1593.6628087756319,-6588.1241672181295,0,7.4535839338033067,1.8030169447154569,0
4376.0000001406297,1601.1153711828424,-6586.3169342903811,0,7.4515392907496842,1.8114485252403734,0
4377.0000000600703,1608.5658841778318,-6584.5012709405282,0,7.4494851097976911,1.8198777871286616,0
4377.9999999795109,1616.0143382240144,-6582.6771794925999,0,7.4474213935766569,1.8283047195909474,0
4378.9999998989515,1623.460723787442,-6580.8446622814163,0,7.4453481447281193,1.8367293118408388,0
4380.0000001327135,1630.9050313368125,-6579.0037216525825,0,7.4432653659058179,1.8451515530949387,0
4381.0000000521541,1638.3472513434847,-6577.1543599624838,0,7.4411730597756902,1.8535714325728601,0
4381.9999999715947,1645.7873742814875,-6575.2965795782866,0,7.439071229015866,1.8619889394972382,0
4382.9999998910353,1653.2253906275362,-6573.4303828779321,0,7.4369598763166698,1.8704040630937446,0
4384.0000001247972,1660.6612908610418,-6571.5557722501317,0,7.4348390043806143,1.8788167925911035,0
4385.0000000442378,1668.0950654641238,-6569.6727500943716,0,7.4327086159223921,1.8872271172211013,0
4385.9999999636784,1675.5267049216216,-6567.7813188209011,0,7.4305687136688814,1.8956350262186048,0
4386.999999883119,1682.9561997211092,-6565.8814808507341,0,7.4284193003591357,1.9040405088215711,0
4388.000000116881,1690.3835403529047,-6563.9732386156438,0,7.4262603787443817,1.9124435542710638,0
4389.0000000363216,1697.8087173100839,-6562.0565945581629,0,7.4240919515880215,1.9208441518112651,0
4389.9999999557622,1705.2317210884919,-6560.1315511315752,0,7.4219140216656196,1.9292422906894922,0
4390.9999998752028,1712.6525421867557,-6558.1981107999218,0,7.4197265917649036,1.9376379601562077,0
4392.0000001089647,1720.0711711062957,-6556.2562760379851,0,7.4175296646857642,1.946031149465036,0
4393.0000000284053,1727.4875983513384,-6554.3060493312933,0,7.4153232432402474,1.954421847872776,0
4393.9999999478459,1734.9018144289289,-6552.3474331761199,0,7.4131073302525508,1.9628100446394139,0
4394.9999998672865,1742.3138098489421,-6550.3804300794736,0,7.4108819285590215,1.9711957290281394,0
4396.0000001010485,1749.7235751240949,-6548.4050425590995,0,7.4086470410081535,1.9795788903053579,0
4397.0000000204891,1757.1311007699592,-6546.4212731434754,0,7.4064026704605794,1.9879595177407035,0
4397.9999999399297,1764.5363773049744,-6544.4291243718062,0,7.4041488197890732,1.9963376006070537,0
4398.9999998593703,1771.9393952504574,-6542.4285987940248,0,7.4018854918785406,2.0047131281805433,0
4400.0000000931323,1779.3401451306174,-6540.4196989707843,0,7.3996126896260197,2.013086089740578,0
4401.0000000125729,1786.7386174725652,-6538.4024274734556,0,7.3973304159406759,2.0214564745698476,0
4401.9999999320135,1794.134802806328,-6536.376786884126,0,7.3950386737437981,2.0298242719543405,0
4402.999999851454,1801.5286916648602,-6534.3427797955992,0,7.3927374659687928,2.0381894711833572,0
4404.000000085216,1808.9202745840548,-6532.3004088113812,0,7.3904267955611838,2.0465520615495238,0
4405.0000000046566,1816.3095421027572,-6530.2496765456872,0,7.3881066654786087,2.0549120323488035,0
4405.9999999240972,1823.6964847627764,-6528.1905856234371,0,7.3857770786908112,2.0632693728805154,0
4406.9999998435378,1831.0810931088974,-6526.1231386802456,0,7.383438038179639,2.071624072447344,0
4408.0000000772998,1838.4633576888928,-6524.0473383624276,0,7.381089546939041,2.0799761203553553,0
4408.9999999967404,1845.8432690535349,-6521.9631873269846,0,7.3787316079750642,2.0883255059140087,0
4409.999999916181,1853.2208177566083,-6519.87068824161,0,7.3763642243058483,2.0966722184361695,0
4411.0000001499429,1860.5959943549219,-6517.7698437846839,0,7.3739873989616207,2.1050162472381277,0
4412.0000000693835,1867.9687894083206,-6515.6606566452683,0,7.3716011349846946,2.1133575816396082,0
4412.9999999888241,1875.3391934796982,-6513.5431295230992,0,7.3692054354294649,2.1216962109637811,0
4413.9999999082647,1882.7071971350085,-6511.4172651285908,0,7.3668003033624041,2.1300321245372826,0
4415.0000001420267,1890.0727909432781,-6509.283066182832,0,7.3643857418620575,2.1383653116902237,0
4416.0000000614673,1897.4359654766179,-6507.1405354175749,0,7.361961754019041,2.1466957617562046,0
4416.9999999809079,1904.7967113102361,-6504.9896755752379,0,7.3595283429360361,2.1550234640723298,0
4417.9999999003485,1912.1550190224482,-6502.8304894089006,0,7.357085511727786,2.1633484079792211,0
4419.0000001341105,1919.5108791946918,-6500.6629796823008,0,7.3546332635210909,2.1716705828210299,0
4420.000000053551,1926.864282411537,-6498.4871491698295,0,7.3521716014548035,2.1799899779454535,0
4420.9999999729916,1934.2152192606984,-6496.3030006565305,0,7.3497005286798283,2.1883065827037465,0
4421.9999998924322,1941.5636803330478,-6494.1105369380912,0,7.3472200483591141,2.1966203864507339,0
4423.0000001261942,1948.9096562226262,-6491.9097608208458,0,7.3447301636676521,2.2049313785448286,0
4424.0000000456348,1956.2531375266549,-6489.7006751217659,0,7.3422308777924705,2.21323954834804,0
4424.9999999650754,1963.5941148455493,-6487.4832826684578,0,7.3397221939326327,2.2215448852259918,0
4425.999999884516,1970.9325787829289,-6485.2575862991644,0,7.3372041152992278,2.2298473785479325,0
4427.000000118278,1978.2685199456309,-6483.0235888627567,0,7.3346766451153727,2.2381470176867513,0
4428.0000000377186,1985.6019289437218,-6480.7812932187262,0,7.3321397866162048,2.2464437920189892,0
4428.9999999571592,1992.932796390508,-6478.5307022371926,0,7.3295935430488779,2.2547376909248555,0
4429.9999998765998,2000.2611129025502,-6476.2718187988912,0,7.32703791767256,2.2630287037882399,0
4431.0000001103617,2007.586869099674,-6474.0046457951685,0,7.3244729137584281,2.2713168199967253,0
4432.0000000298023,2014.9100556049821,-6471.7291861279855,0,7.3218985345896614,2.2796020289416044,0
4432.9999999492429,2022.2306630448668,-6469.4454427099072,0,7.3193147834614409,2.2878843200178878,0
4433.9999998686835,2029.5486820490207,-6467.153418464105,0,7.3167216636809407,2.2961636826243241,0
4435.0000001024455,2036.8641032504511,-6464.853116324347,0,7.3141191785673314,2.3044401061634092,0
4436.0000000218861,2044.1769172854886,-6462.5445392349984,0,7.3115073314517689,2.3127135800414007,0
4436.9999999413267,2051.4871147938011,-6460.2276901510149,0,7.3088861256773896,2.3209840936683319,0
4437.9999998607673,2058.7946864184078,-6457.9025720379404,0,7.3062555645993132,2.3292516364580242,0
4439.0000000945292,2066.0996228056874,-6455.5691878719044,0,7.303615651584634,2.3375161978281036,0
4440.0000000139698,2073.4019146053915,-6453.2275406396166,0,7.3009663900124151,2.3457777672000111,0
4440.9999999334104,2080.7015524706567,-6450.8776333383621,0,7.2983077832736836,2.354036333999018,0
4441.999999852851,2087.9985270580169,-6448.5194689759992,0,7.295639834771432,2.362291887654238,0
4443.000000086613,2095.2928290274158,-6446.153050570957,0,7.2929625479206077,2.3705444175986421,0
4444.0000000060536,2102.5844490422169,-6443.7783811522268,0,7.2902759261481123,2.3787939132690719,0
4444.9999999254942,2109.8733777692169,-6441.3954637593642,0,7.2875799728927957,2.3870403641062525,0
4445.9999998449348,2117.1596058786577,-6439.0043014424782,0,7.2848746916054523,2.3952837595548062,0
4447.0000000786968,2124.4431240442377,-6436.6048972622339,0,7.282160085748818,2.4035240890632665,0
4447.9999999981374,2131.7239229431243,-6434.1972542898466,0,7.2794361587975587,2.411761342084092,0
4448.999999917578,2139.001993255964,-6431.7813756070746,0,7.2767029142382764,2.419995508073677,0
4450.0000001513399,2146.2773256668979,-6429.3572643062207,0,7.2739603555694989,2.4282265764923689,0
4451.0000000707805,2153.5499108635699,-6426.9249234901245,0,7.2712084863016715,2.4364545368044799,0
4451.9999999902211,2160.8197395371426,-6424.484356272158,0,7.2684473099571623,2.4446793784782996,0
4452.9999999096617,2168.0868023823041,-6422.035565776222,0,7.265676830070249,2.4529010909861109,0
4454.0000001434237,2175.3510900972838,-6419.5785551367471,0,7.2628970501871226,2.4611196638042006,0
4455.0000000628643,2182.6125933838644,-6417.1133274986823,0,7.2601079738658711,2.4693350864128747,0
4455.9999999823049,2189.8713029473925,-6414.6398860174959,0,7.2573096046764869,2.4775473482964721,0
4456.9999999017455,2197.127209496789,-6412.158233859167,0,7.2545019462008558,2.4857564389433771,0
4458.0000001355074,2204.3803037445628,-6409.6683742001896,0,7.2516850020327528,2.4939623478460318,0
4459.000000054948,2211.6305764068243,-6407.1703102275578,0,7.2488587757778387,2.5021650645009528,0
4459.9999999743886,2218.8780182032947,-6404.6640451387702,0,7.2460232710536578,2.5103645784087418,0
4460.9999998938292,2226.1226198573177,-6402.1495821418202,0,7.2431784914896262,2.5185608790740996,0
4462.0000001275912,2233.3643720958739,-6399.6269244551986,0,7.2403244407270364,2.526753956005841,0
4463.0000000470318,2240.60326564959,-6397.0960753078825,0,7.2374611224190426,2.5349437987169061,0
4463.9999999664724,2247.8392912527515,-6394.557037939333,0,7.2345885402306678,2.5431303967243766,0
4464.999999885913,2255.0724396433156,-6392.0098155994938,0,7.2317066978387894,2.5513137395494851,0
4466.000000119675,2262.3027015629236,-6389.4544115487852,0,7.2288155989321368,2.559493816717632,0
4467.0000000391155,2269.5300677569089,-6386.8908290581012,0,7.2259152472112884,2.567670617758397,0
4467.9999999585561,2276.7545289743121,-6384.3190714087996,0,7.2230056463886658,2.5758441322055541,0
4468.9999998779967,2283.9760759678934,-6381.7391418927091,0,7.2200868001885334,2.5840143495970831,0
4470.0000001117587,2291.1946994941418,-6379.1510438121104,0,7.2171587123469818,2.5921812594751854,0
4471.0000000311993,2298.4103903132891,-6376.5547804797461,0,7.2142213866119373,2.6003448513862946,0
4471.9999999506399,2305.6231391893207,-6373.950355218808,0,7.2112748267431499,2.6085051148810923,0
4472.9999998700805,2312.8329368899881,-6371.3377713629361,0,7.2083190365121865,2.616662039514519,0
4474.0000001038425,2320.0397741868192,-6368.7170322562115,0,7.2053540197024288,2.6248156148457915,0
4475.0000000232831,2327.243641855132,-6366.0881412531562,0,7.2023797801090712,2.6329658304384118,0
4475.9999999427237,2334.4445306740445,-6363.4511017187251,0,7.199396321539111,2.6411126758601817,0
4476.9999998621643,2341.64243142649,-6360.8059170283032,0,7.1964036478113451,2.6492561406832182,0
4478.0000000959262,2348.8373348992245,-6358.1525905676999,0,7.1934017627563698,2.6573962144839638,0
4479.0000000153668,2356.029231882841,-6355.4911257331478,0,7.1903906702165683,2.6655328868432044,0
4479.9999999348074,2363.2181131717812,-6352.8215259312974,0,7.1873703740461092,2.6736661473460783,0
4480.999999854248,2370.4039695643455,-6350.1437945792113,0,7.1843408781109428,2.6817959855820885,0
4482.00000008801,2377.5867918627077,-6347.4579351043567,0,7.1813021862887938,2.6899223911451213,0
4483.0000000074506,2384.7665708729246,-6344.7639509446108,0,7.178254302469159,2.6980453536334559,0
4483.9999999268912,2391.9432974049478,-6342.0618455482463,0,7.1751972305533007,2.706164862649779,0
4484.9999998463318,2399.1169622726361,-6339.3516223739325,0,7.172130974454241,2.7142809078011974,0
4486.0000000800937,2406.2875562937697,-6336.6332848907286,0,7.1690555380967602,2.7223934786992521,0
4486.9999999995343,2413.455070290056,-6333.9068365780804,0,7.1659709254173842,2.730502564959929,0
4487.9999999189749,2420.6194950871468,-6331.1722809258154,0,7.1628771403643867,2.7386081562036777,0
4489.0000001527369,2427.7808215146474,-6328.4296214341375,0,7.1597741868977867,2.7467102420554186,0
4490.0000000721775,2434.9390404061287,-6325.6788616136255,0,7.1566620689893314,2.7548088121445611,0
4490.9999999916181,2442.0941425991405,-6322.9200049852243,0,7.153540790622503,2.7629038561050123,0
4491.9999999110587,2449.2461189352198,-6320.1530550802463,0,7.1504103557925065,2.7709953635751945,0
4493.0000001448207,2456.3949602599064,-6317.3780154403576,0,7.1472707685062691,2.7790833241980568,0
4494.0000000642613,2463.5406574227527,-6314.5948896175842,0,7.1441220327824322,2.7871677276210889,0
4494.9999999837019,2470.6832012773352,-6311.8036811742995,0,7.1409641526513488,2.7952485634963309,0
4495.9999999031425,2477.8225826812668,-6309.0043936832253,0,7.1377971321550726,2.8033258214803896,0
4497.0000001369044,2484.9587924962084,-6306.1970307274187,0,7.1346209753473611,2.8113994912344542,0
4498.000000056345,2492.0918215878796,-6303.3815959002777,0,7.1314356862936634,2.8194695624243051,0
4498.9999999757856,2499.2216608260724,-6300.5580928055342,0,7.1282412690711174,2.8275360247203296,0
4499.9999998952262,2506.3483010846612,-6297.7265250572436,0,7.1250377277685475,2.835598867797533,0
4501.0000001289882,2513.4717332416153,-6294.886896279786,0,7.1218250664864566,2.8436580813355543,0
4502.0000000484288,2520.5919481790106,-6292.0392101078578,0,7.1186032893370195,2.8517136550186786,0
4502.9999999678694,2527.7089367830417,-6289.1834701864709,0,7.1153724004440786,2.8597655785358485,0
4503.99999988731,2534.8226899440301,-6286.3196801709446,0,7.1121324039431411,2.8678138415806802,0
4505.0000001210719,2541.9331985564418,-6283.4478437269036,0,7.1088833039813721,2.8758584338514743,0
4506.0000000405125,2549.0404535188927,-6280.567964530268,0,7.1056251047175882,2.8838993450512307,0
4506.9999999599531,2556.1444457341649,-6277.6800462672572,0,7.1023578103222533,2.89193656488766,0
4507.9999998793937,2563.24516610922,-6274.7840926343788,0,7.099081424977471,2.8999700830731983,0
4509.0000001131557,2570.3426055552022,-6271.8801073384238,0,7.0957959528769834,2.9079998893250201,0
4510.0000000325963,2577.4367549874578,-6268.9680940964672,0,7.0925013982261653,2.9160259733650511,0
4510.9999999520369,2584.5276053255438,-6266.0480566358547,0,7.0891977652420124,2.9240483249199816,0
4511.9999998714775,2591.6151474932403,-6263.1199986942102,0,7.0858850581531438,2.9320669337212784,0
4513.0000001052395,2598.6993724185618,-6260.1839240194186,0,7.0825632811997918,2.9400817895051996,0
4514.00000002468,2605.7802710337692,-6257.2398363696257,0,7.0792324386338006,2.9480928820128076,0
4514.9999999441206,2612.857834275379,-6254.2877395132364,0,7.0758925347186139,2.9561002009899808,0
4515.9999998635612,2619.9320530841806,-6251.3276372289056,0,7.0725435737292797,2.9641037361874294,0
4517.0000000973232,2627.0029184052419,-6248.3595333055364,0,7.0691855599524338,2.9721034773607049,0
4518.0000000167638,2634.0704211879229,-6245.383431542271,0,7.065818497686303,2.9800994142702151,0
4518.9999999362044,2641.1345523858872,-6242.3993357484951,0,7.0624423912406922,2.9880915366812384,0
4519.999999855645,2648.1953029571173,-6239.4072497438201,0,7.0590572449369855,2.9960798343639348,0
4521.000000089407,2655.2526638639192,-6236.4071773580863,0,7.0556630631081392,3.0040642970933615,0
4522.0000000088476,2662.3066260729397,-6233.3991224313577,0,7.0522598500986717,3.0120449146494828,0
4522.9999999282882,2669.3571805551746,-6230.3830888139164,0,7.0488476102646622,3.0200216768171853,0
4523.9999998477288,2676.4043182859832,-6227.3590803662564,0,7.0454263479737467,3.0279945733862892,0
4525.0000000814907,2683.4480302450961,-6224.3271009590781,0,7.0419960676051074,3.0359635941515655,0
4526.0000000009313,2690.4883074166301,-6221.287154473288,0,7.0385567735494705,3.0439287289127437,0
4526.9999999203719,2697.5251407890996,-6218.2392447999855,0,7.0351084702090976,3.0518899674745281,0
4528.0000001541339,2704.5585213554241,-6215.1833758404673,0,7.0316511619977842,3.0598472996466102,0
4529.0000000735745,2711.5884401129456,-6212.1195515062154,0,7.0281848533408517,3.0678007152436826,0
4529.9999999930151,2718.614888063436,-6209.0477757188974,0,7.0247095486751414,3.0757502040854492,0
4530.9999999124557,2725.6378562131094,-6205.9680524103533,0,7.0212252524490131,3.0836957559966418,0
4532.0000001462176,2732.6573355726346,-6202.8803855226015,0,7.0177319691223268,3.0916373608070296,0
4533.0000000656582,2739.673317157145,-6199.7847790078267,0,7.0142297031664551,3.0995750083514357,0
4533.9999999850988,2746.6857919862523,-6196.6812368283745,0,7.0107184590642619,3.1075086884697476,0
4534.9999999045394,2753.6947510840569,-6193.5697629567476,0,7.0071982413101095,3.115438391006931,0
4536.0000001383014,2760.7001854791579,-6190.4503613756015,0,7.0036690544098406,3.1233641058130432,0
4537.000000057742,2767.7020862046675,-6187.3230360777434,0,7.0001309028807794,3.131285822743247,0
4537.9999999771826,2774.7004442982202,-6184.1877910661196,0,6.9965837912517275,3.1392035316578197,0
4538.9999998966232,2781.6952508019849,-6181.044630353812,0,6.9930277240629515,3.1471172224221724,0
4540.0000001303852,2788.6864967626766,-6177.8935579640356,0,6.9894627058661838,3.1550268849068552,0
4541.0000000498258,2795.6741732315681,-6174.7345779301331,0,6.9858887412246151,3.1629325089875771,0
4541.9999999692664,2802.6582712645022,-6171.5676942955679,0,6.982305834712883,3.1708340845452159,0
4542.999999888707,2809.6387819218994,-6168.3929111139214,0,6.9787139909170746,3.1787316014658304,0
4544.0000001224689,2816.6156962687742,-6165.2102324488851,0,6.9751132144347165,3.1866250496406754,0
4545.0000000419095,2823.5890053747426,-6162.0196623742568,0,6.9715035098747657,3.194514418966214,0
4545.9999999613501,2830.5587003140372,-6158.8212049739359,0,6.9678848818576098,3.2023996993441286,0
4546.9999998807907,2837.5247721655155,-6155.6148643419156,0,6.9642573350150583,3.2102808806813377,0
4548.0000001145527,2844.4872120126729,-6152.4006445822815,0,6.9606208739903348,3.2181579528900039,0
4549.0000000339933,2851.4460109436536,-6149.1785498092058,0,6.956975503438076,3.2260309058875523,0
4549.9999999534339,2858.4011600512617,-6145.9485841469368,0,6.9533212280243202,3.2338997295966778,0
4550.9999998728745,2865.3526504329739,-6142.7107517298,0,6.9496580524265053,3.2417644139453632,0
4552.0000001066364,2872.3004731909487,-6139.465056702189,0,6.945985981333461,3.249624948866888,0
4553.000000026077,2879.2446194320423,-6136.2115032185629,0,6.942305019445401,3.2574813242998419,0
4553.9999999455176,2886.1850802678127,-6132.9500954434361,0,6.9386151714739235,3.2653335301881423,0
4554.9999998649582,2893.1218468145366,-6129.680837551382,0,6.9349164421419971,3.2731815564810405,0
4556.0000000987202,2900.0549101932211,-6126.4037337270211,0,6.9312088361839583,3.2810253931331381,0
4557.0000000181608,2906.9842615296116,-6123.1187881650112,0,6.9274923583455088,3.2888650301044011,0
4557.9999999376014,2913.9098919542048,-6119.8260050700519,0,6.9237670133837019,3.2967004573601679,0
4558.999999857042,2920.8317926022605,-6116.5253886568735,0,6.9200328060669474,3.3045316648711696,0
4560.000000090804,2927.7499546138138,-6113.2169431502325,0,6.9162897411749906,3.312358642613535,0
4561.0000000102445,2934.6643691336826,-6109.9006727849082,0,6.9125378234989192,3.3201813805688078,0
4561.9999999296851,2941.5750273114836,-6106.5765818056943,0,6.9087770578411529,3.3279998687239596,0
4562.9999998491257,2948.4819203016414,-6103.2446744673962,0,6.9050074490154341,3.3358140970714008,0
4564.0000000828877,2955.3850392634004,-6099.9049550348218,0,6.9012290018468274,3.3436240556089944,0
4565.0000000023283,2962.2843753608336,-6096.55742778278,0,6.8974417211717087,3.3514297343400683,0
4565.9999999217689,2969.1799197628575,-6093.2020969960731,0,6.8936456118377594,3.35923112327343,0
4567.0000001555309,2976.0716636432421,-6089.8389669694934,0,6.8898406787039637,3.3670282124233766,0
4568.0000000749715,2982.9595981806219,-6086.4680420078139,0,6.8860269266405991,3.3748209918097092,0
4568.9999999944121,2989.8437145585071,-6083.0893264257875,0,6.882204360529232,3.3826094514577458,0
4569.9999999138527,2996.7240039652947,-6079.7028245481342,0,6.8783729852627085,3.3903935813983321,0
4571.0000001476146,3003.6004575942816,-6076.3085407095459,0,6.8745328057451518,3.398173371667859,0
4572.0000000670552,3010.4730666436731,-6072.9064792546742,0,6.8706838268919563,3.4059488123082682,0
4572.9999999864958,3017.3418223165959,-6069.4966445381233,0,6.8668260536297758,3.4137198933670718,0
4573.9999999059364,3024.2067158211089,-6066.0790409244482,0,6.8629594908965252,3.42148660489736,0
4575.0000001396984,3031.0677383702146,-6062.6536727881503,0,6.8590841436413674,3.4292489369578179,0
4576.000000059139,3037.9248811818711,-6059.2205445136678,0,6.8552000168247069,3.4370068796127353,0
4576.9999999785796,3044.778135479,-6055.7796604953701,0,6.8513071154181908,3.4447604229320192,0
4577.9999998980202,3051.6274924895038,-6052.3310251375569,0,6.8474054444046946,3.4525095569912105,0
4579.0000001317821,3058.4729434462715,-6048.8746428544482,0,6.8434950087783193,3.4602542718714928,0
4580.0000000512227,3065.3144795871908,-6045.4105180701781,0,6.8395758135443847,3.4679945576597042,0
4580.9999999706633,3072.1520921551623,-6041.9386552187962,0,6.8356478637194238,3.4757304044483548,0
4581.9999998901039,3078.9857723981081,-6038.4590587442499,0,6.8317111643311739,3.4834618023356336,0
4583.0000001238659,3085.8155115689833,-6034.9717331003912,0,6.8277657204185713,3.4911887414254283,0
4584.0000000433065,3092.6413009257867,-6031.4766827509629,0,6.823811537031748,3.49891121182733,0
4584.9999999627471,3099.4631317315748,-6027.9739121695939,0,6.8198486192320198,3.5066292036566522,0
4585.9999998821877,3106.2809952544703,-6024.4634258398,0,6.8158769720918828,3.5143427070344382,0
4587.0000001159497,3113.094882767673,-6020.9452282549682,0,6.8118966006950066,3.522051712087479,0
4588.0000000353903,3119.9047855494732,-6017.419323918356,0,6.8079075101362303,3.5297562089483225,0
4588.9999999548309,3126.7106948832602,-6013.8857173430879,0,6.8039097055215487,3.537456187755287,0
4589.9999998742715,3133.5126020575367,-6010.3444130521484,0,6.7999031919681157,3.5451516386524742,0
4591.0000001080334,3140.3104983659259,-6006.79541557837,0,6.7958879746042271,3.5528425517897815,0
4592.000000027474,3147.1043751071875,-6003.2387294644377,0,6.791864058569324,3.5605289173229142,0
4592.9999999469146,3153.8942235852237,-5999.6743592628727,0,6.7878314490139813,3.5682107254133979,0
4593.9999998663552,3160.6800351090951,-5996.102309536036,0,6.7837901510998977,3.575887966228593,0
4595.0000001001172,3167.4618009930273,-5992.5225848561176,0,6.7797401699998971,3.5835606299417058,0
4596.0000000195578,3174.2395125564262,-5988.9351898051291,0,6.7756815108979156,3.5912287067317994,0
4596.9999999389984,3181.0131611238867,-5985.3401289749017,0,6.7716141789889965,3.5988921867838104,0
4597.999999858439,3187.7827380252033,-5981.7374069670777,0,6.7675381794792875,3.6065510602885591,0
4599.0000000922009,3194.5482345953833,-5978.127028393109,0,6.7634535175860293,3.6142053174427589,0
4600.0000000116415,3201.3096421746563,-5974.5089978742444,0,6.7593601985375482,3.621854948449037,0
4600.9999999310821,3208.0669521084856,-5970.8833200415265,0,6.7552582275732522,3.6294999435159383,0
4601.9999998505227,3214.8201557475804,-5967.2499995357875,0,6.7511476099436258,3.6371402928579437,0
4603.0000000842847,3221.569244447905,-5963.6090410076449,0,6.7470283509102202,3.6447759866954792,0
4604.0000000037253,3228.3142095706912,-5959.9604491174896,0,6.7429004557456453,3.6524070152549304,0
4604.9999999231659,3235.0550424824473,-5956.3042285354841,0,6.7387639297335697,3.6600333687686541,0
4606.0000001569279,3241.7917345549731,-5952.6403839415543,0,6.7346187781687048,3.6676550374749919,0
4607.0000000763685,3248.5242771653675,-5948.9689200253879,0,6.7304650063568054,3.675272011618282,0
4607.999999995809,3255.2526616960431,-5945.2898414864221,0,6.7263026196146605,3.6828842814488696,0
4608.9999999152496,3261.9768795347304,-5941.6031530338423,0,6.7221316232700836,3.6904918372231239,0
4610.0000001490116,3268.6969220744959,-5937.9088593865736,0,6.71795202266191,3.6980946692034466,0
4611.0000000684522,3275.4127807137497,-5934.2069652732762,0,6.7137638231399874,3.7056927676582858,0
4611.9999999878928,3282.1244468562577,-5930.4974754323393,0,6.7095670300651715,3.7132861228621499,0
4612.9999999073334,3288.8319119111529,-5926.7803946118738,0,6.7053616488093164,3.7208747250956167,0
4614.0000001410954,3295.5351672929432,-5923.0557275697083,0,6.7011476847552682,3.7284585646453481,0
4615.000000060536,3302.2342044215284,-5919.3234790733804,0,6.6969251432968653,3.7360376318041042,0
4615.9999999799766,3308.9290147222036,-5915.5836539001311,0,6.692694029838913,3.7436119168707505,0
4616.9999998994172,3315.6195896256781,-5911.8362568369002,0,6.6884543497972002,3.7511814101502758,0
4618.0000001331791,3322.3059205680793,-5908.0812926803219,0,6.6842061085984747,3.7587461019538022,0
4619.0000000526197,3328.9879989909678,-5904.3187662367118,0,6.6799493116804456,3.7663059825985972,0
4619.9999999720603,3335.6658163413495,-5900.548682322069,0,6.675683964491772,3.7738610424080861,0
4620.9999998915009,3342.3393640716808,-5896.7710457620651,0,6.6714100724920558,3.7814112717118653,0
4622.0000001252629,3349.0086336398872,-5892.985861392036,0,6.667127641151839,3.7889566608457139,0
4623.0000000447035,3355.6736165093657,-5889.1931340569827,0,6.6628366759525921,3.7964972001516073,0
4623.9999999641441,3362.3343041490034,-5885.3928686115587,0,6.6585371823867083,3.8040328799777274,0
4624.9999998835847,3368.9906880331841,-5881.5850699200691,0,6.6542291659574984,3.8115636906784776,0
4626.0000001173466,3375.6427596418011,-5877.7697428564579,0,6.6499126321791806,3.8190896226144915,0
4627.0000000367872,3382.2905104602673,-5873.9468923043059,0,6.6455875865768776,3.8266106661526504,0
4627.9999999562278,3388.9339319795254,-5870.1165231568275,0,6.6412540346866065,3.8341268116660907,0
4628.9999998756684,3395.5730156960603,-5866.2786403168575,0,6.6369119820552713,3.8416380495342182,0
4630.0000001094304,3402.207753111908,-5862.4332486968478,0,6.6325614342406576,3.8491443701427213,0
4631.000000028871,3408.8381357346698,-5858.580353218862,0,6.6282023968114228,3.8566457638835812,0
4631.9999999483116,3415.4641550775191,-5854.7199588145695,0,6.6238348753470957,3.8641422211550873,0
4632.9999998677522,3422.0858026592159,-5850.8520704252387,0,6.6194588754380614,3.8716337323618464,0
4634.0000001015142,3428.7030700041146,-5846.9766930017295,0,6.615074402685555,3.8791202879147968,0
4635.0000000209548,3435.3159486421769,-5843.0938315044868,0,6.6106814627016615,3.8866018782312191,0
4635.9999999403954,3441.9244301089821,-5839.2034909035374,0,6.6062800611092998,3.8940784937347495,0
4636.999999859836,3448.5285059457374,-5835.3056761784774,0,6.6018702035422248,3.9015501248553934,0
4638.0000000935979,3455.1281676992899,-5831.4003923184746,0,6.5974518956450074,3.9090167620295349,0
4639.0000000130385,3461.7234069221358,-5827.487644322252,0,6.5930251430730413,3.9164783956999494,0
4639.9999999324791,3468.3142151724333,-5823.5674371980922,0,6.5885899514925264,3.9239350163158186,0
4640.9999998519197,3474.9005840140103,-5819.6397759638194,0,6.5841463265804654,3.9313866143327401,0
4642.0000000856817,3481.4825050163795,-5815.7046656468037,0,6.5796942740246562,3.938833180212741,0
4643.0000000051223,3488.059969754745,-5811.7621112839497,0,6.5752337995236827,3.9462747044242876,0
4643.9999999245629,3494.6329698100149,-5807.812117921686,0,6.5707649087869084,3.9537111774423019,0
4644.9999998440035,3501.2014967688128,-5803.854690615969,0,6.5662876075344707,3.9611425897481696,0
4646.0000000777654,3507.7655422234889,-5799.8898344322652,0,6.5618019014972715,3.9685689318297546,0
4646.999999997206,3514.3250977721273,-5795.917554445552,0,6.5573077964169739,3.9759901941814109,0
4647.9999999166466,3520.8801550185594,-5791.9378557403124,0,6.5528052980459863,3.9834063673039943,0
4649.0000001504086,3527.4307055723762,-5787.950743410519,0,6.5482944121474631,3.9908174417048747,0
4650.0000000698492,3533.9767410489358,-5783.9562225596383,0,6.5437751444952958,3.9982234078979486,0
4650.9999999892898,3540.5182530693764,-5779.9542983006204,0,6.5392475008741027,4.0056242564036504,0
4651.9999999087304,3547.0552332606258,-5775.9449757558859,0,6.5347114870792247,4.0130199777489652,0
4653.0000001424924,3553.5876732554125,-5771.9282600573324,0,6.5301671089167153,4.0204105624674424,0
4654.000000061933,3560.1155646922762,-5767.9041563463134,0,6.525614372203334,4.0277960010992038,0
4654.9999999813735,3566.6388992155785,-5763.8726697736456,0,6.5210532827665419,4.0351762841909586,0
4655.9999999008141,3573.1576684755137,-5759.8338054995929,0,6.5164838464444861,4.0425514022960174,0
4657.0000001345761,3579.6718641281218,-5755.7875686938623,0,6.5119060690860042,4.0499213459742975,0
4658.0000000540167,3586.1814778352941,-5751.7339645355969,0,6.5073199565506048,4.0572861057923442,0
4658.9999999734573,3592.6865012647877,-5747.6729982133729,0,6.5027255147084677,4.0646456723233371,0
4659.9999998928979,3599.1869260902354,-5743.6046749251864,0,6.4981227494404363,4.0720000361471023,0
4661.0000001266599,3605.6827439911576,-5739.5289998784529,0,6.4935116666380042,4.0793491878501209,0
4662.0000000461005,3612.1739466529675,-5735.4459782899976,0,6.4888922722033131,4.0866931180255532,0
4662.9999999655411,3618.6605257669908,-5731.3556153860463,0,6.4842645720491436,4.0940318172732377,0
4663.9999998849817,3625.142473030467,-5727.2579164022254,0,6.4796285720989077,4.1013652761997115,0
4665.0000001187436,3631.6197801465669,-5723.1528865835498,0,6.47498427828664,4.1086934854182182,0
4666.0000000381842,3638.0924388244007,-5719.0405311844179,0,6.4703316965569897,4.116016435548719,0
4666.9999999576248,3644.5604407790265,-5714.9208554686038,0,6.4656708328652197,4.1233341172179108,0
4667.9999998770654,3651.0237777314651,-5710.793864709256,0,6.4610016931771908,4.1306465210592282,0
4669.0000001108274,3657.4824414087075,-5706.6595641888807,0,6.4563242834693524,4.1379536377128678,0
4670.000000030268,3663.9364235437265,-5702.5179591993447,0,6.4516386097287466,4.1452554578257903,0
4670.9999999497086,3670.3857158754872,-5698.3690550418596,0,6.4469446779529909,4.1525519720517368,0
4671.9999998691492,3676.8303101489578,-5694.2128570269833,0,6.4422424941502729,4.1598431710512394,0
4673.0000001029111,3683.2701981151185,-5690.0493704746104,0,6.4375320643393419,4.1671290454916328,0
4674.0000000223517,3689.7053715309762,-5685.8786007139634,0,6.4328133945495027,4.1744095860470676,0
4674.9999999417923,3696.135822159571,-5681.7005530835868,0,6.4280864908206077,4.1816847833985218,0
4675.9999998612329,3702.5615417699883,-5677.5152329313396,0,6.4233513592030462,4.1889546282338141,0
4677.0000000949949,3708.9825221373685,-5673.322645614393,0,6.4186080057577417,4.1962191112476157,0
4678.0000000144355,3715.3987550429192,-5669.1227964992186,0,6.4138564365561415,4.2034782231414551,0
4678.9999999338761,3721.8102322739232,-5664.9156909615822,0,6.4090966576802071,4.2107319546237401,0
4679.9999998533167,3728.2169456237525,-5660.7013343865374,0,6.4043286752224109,4.2179802964097632,0
4681.0000000870787,3734.6188868918757,-5656.47973216842,0,6.3995524952857235,4.2252232392217195,0
4682.0000000065193,3741.0160478838689,-5652.250889710841,0,6.3947681239836109,4.232460773788711,0
4682.9999999259599,3747.4084204114283,-5648.014812426678,0,6.38997556744002,4.2396928908467624,0
4683.9999998454005,3753.7959962923792,-5643.7715057380674,0,6.3851748317893771,4.2469195811388341,0
4685.0000000791624,3760.1787673506865,-5639.5209750764052,0,6.3803659231765808,4.2541408354148329,0
4685.999999998603,3766.556725416463,-5635.2632258823251,0,6.3755488477569839,4.2613566444316229,0
4686.9999999180436,3772.9298623259861,-5630.9982636057075,0,6.3707236116963974,4.2685669989530384,0
4688.0000001518056,3779.2981699217007,-5626.7260937056617,0,6.3658902211710764,4.275771889749894,0
4689.0000000712462,3785.6616400522353,-5622.4467216505236,0,6.3610486823677155,4.2829713075999996,0
4689.9999999906868,3792.0202645724089,-5618.1601529178488,0,6.3561990014834375,4.2901652432881692,0
4690.9999999101274,3798.3740353432445,-5613.866392994405,0,6.3513411847257863,4.297353687606237,0
4692.0000001438893,3804.7229442319754,-5609.5654473761615,0,6.3464752383127205,4.304536631353062,0
4693.0000000633299,3811.0669831120608,-5605.2573215682878,0,6.3416011684726055,4.3117140653345452,0
4693.9999999827705,3817.4061438631911,-5600.9420210851431,0,6.3367189814442035,4.3188859803636408,0
4694.9999999022111,3823.740418371302,-5596.6195514502706,0,6.3318286834766644,4.3260523672603659,0
4696.0000001359731,3830.0697985285838,-5592.2899181963903,0,6.326930280829524,4.3332132168518163,0
4697.0000000554137,3836.3942762334914,-5587.9531268653909,0,6.3220237797726915,4.3403685199721709,0
4697.9999999748543,3842.7138433907535,-5583.6091830083233,0,6.3171091865864408,4.3475182674627133,0
4698.9999998942949,3849.0284919113856,-5579.2580921853933,0,6.3121865075614014,4.3546624501718352,0
4700.0000001280569,3855.3382137126978,-5574.8998599659544,0,6.307255748998557,4.3618010589550495,0
4701.0000000474975,3861.6430007183071,-5570.5344919285026,0,6.3023169172092315,4.3689340846750104,0
4701.999999966938,3867.9428448581475,-5566.1619936606685,0,6.2973700185150792,4.3760615182015101,0
4702.9999998863786,3874.2377380684793,-5561.7823707592061,0,6.2924150592480839,4.3831833504115041,0
4704.0000001201406,3880.5276722918993,-5557.3956288299905,0,6.2874520457505483,4.3902995721891145,0
4705.0000000395812,3886.8126394773535,-5553.0017734880075,0,6.2824809843750797,4.3974101744256471,0
4705.9999999590218,3893.0926315801444,-5548.6008103573522,0,6.2775018814845875,4.4045151480196001,0
4706.9999998784624,3899.3676405619431,-5544.1927450712137,0,6.2725147434522759,4.411614483876674,0
4708.0000001122244,3905.6376583907972,-5539.7775832718717,0,6.2675195766616358,4.418708172909791,0
4709.000000031665,3911.9026770411451,-5535.3553306106942,0,6.2625163875064294,4.4257962060390952,0
4709.9999999511056,3918.1626884938237,-5530.9259927481189,0,6.2575051823906911,4.4328785741919718,0
4710.9999998705462,3924.4176847360773,-5526.4895753536557,0,6.2524859677287159,4.4399552683030592,0
4712.0000001043081,3930.6676577615726,-5522.0460841058775,0,6.2474587499450491,4.4470262793142563,0
4713.0000000237487,3936.9125995704044,-5517.5955246924104,0,6.242423535474483,4.4540915981747391,0
4713.9999999431893,3943.1525021691073,-5513.1379028099273,0,6.2373803307620426,4.4611512158409647,0
4714.9999998626299,3949.3873575706657,-5508.6732241641412,0,6.232329142262981,4.4682051232766931,0
4716.0000000963919,3955.6171577945252,-5504.2014944697949,0,6.2272699764427717,4.4752533114529909,0
4717.0000000158325,3961.8418948666022,-5499.7227194506622,0,6.222202839777097,4.4822957713482436,0
4717.9999999352731,3968.0615608192929,-5495.2369048395312,0,6.2171277387518424,4.4893324939481705,0
4718.9999998547137,3974.2761476914848,-5490.744056378202,0,6.2120446798630891,4.4963634702458366,0
4720.0000000884756,3980.4856475285665,-5486.2441798174759,0,6.2069536696171026,4.5033886912416587,0
4721.0000000079162,3986.6900523824388,-5481.7372809171502,0,6.2018547145303273,4.5104081479434202,0
4721.9999999273568,3992.8893543115223,-5477.2233654460142,0,6.1967478211293781,4.5174218313662875,0
4722.9999998467974,3999.0835453807713,-5472.7024391818359,0,6.1916329959510268,4.5244297325328118,0
4724.0000000805594,4005.2726176616798,-5468.1745079113571,0,6.1865102455422019,4.5314318424729478,0
4725,4011.456563232297,-5463.6395774302864,0,6.1813795764599746,4.5384281522240624,0
4725.9999999194406,4017.6353741772318,-5459.0976535432919,0,6.1762409952715505,4.5454186528309455,0
4727.0000001532026,4023.809042587664,-5454.5487420639884,0,6.1710945085542628,4.5524033353458249,0
4728.0000000726432,4029.977560561359,-5449.9928488149426,0,6.1659401228955684,4.5593821908283756,0
4728.9999999920838,4036.140920202673,-5445.4299796276528,0,6.1607778448930297,4.5663552103457263,0
4729.9999999115244,4042.299113622566,-5440.8601403425473,0,6.1556076811543115,4.5733223849724833,0
4731.0000001452863,4048.4521329386089,-5436.2833368089778,0,6.1504296382971733,4.5802837057907269,0
4732.0000000647269,4054.5999702749964,-5431.6995748852059,0,6.145243722949461,4.5872391638900343,0
4732.9999999841675,4060.7426177625557,-5427.1088604384049,0,6.1400499417490977,4.5941887503674899,0
4733.9999999036081,4066.8800675387583,-5422.5111993446435,0,6.1348483013440713,4.6011324563276847,0
4735.0000001373701,4073.0123117477274,-5417.9065974888836,0,6.1296388083924302,4.6080702728827454,0
4736.0000000568107,4079.1393425402503,-5413.2950607649727,0,6.1244214695622796,4.6150021911523353,0
4736.9999999762513,4085.2611520737851,-5408.6765950756317,0,6.1191962915317575,4.6219282022636623,0
4737.9999998956919,4091.3777325124761,-5404.0512063324522,0,6.1139632809890445,4.6288482973515013,0
4739.0000001294538,4097.4890760271583,-5399.4189004558866,0,6.1087224446323427,4.6357624675581963,0
4740.0000000488944,4103.5951747953723,-5394.7796833752445,0,6.1034737891698718,4.6426707040336757,0
4740.999999968335,4109.6960210013694,-5390.1335610286769,0,6.0982173213198614,4.649572997935465,0
4741.9999998877756,4115.7916068361264,-5385.480539363175,0,6.0929530478105391,4.6564693404286936,0
4743.0000001215376,4121.8819244973502,-5380.820624334563,0,6.0876809753801231,4.6633597226861099,0
4744.0000000409782,4127.9669661894959,-5376.1538219074882,0,6.0824011107768161,4.6702441358880922,0
4744.9999999604188,4134.0467241237666,-5371.48013805541,0,6.0771134607587936,4.6771225712226556,0
4745.9999998798594,4140.1211905181299,-5366.7995787605987,0,6.071818032094197,4.6839950198854714,0
4747.0000001136214,4146.190357597332,-5362.1121500141262,0,6.0665148315611228,4.6908614730798703,0
4748.000000033062,4152.2542175928929,-5357.4178578158562,0,6.0612038659476166,4.6977219220168589,0
4748.9999999525025,4158.3127627431331,-5352.7167081744383,0,6.0558851420516637,4.704576357915129,0
4749.9999998719431,4164.3659852931723,-5348.0087071072976,0,6.0505586666811801,4.7114247720010685,0
4751.0000001057051,4170.4138774949433,-5343.2938606406306,0,6.0452244466540019,4.7182671555087756,0
4752.0000000251457,4176.4564316072037,-5338.5721748093947,0,6.0398824887978808,4.7251034996800616,0
4752.9999999445863,4182.4936398955415,-5333.8436556573006,0,6.0345327999504681,4.7319337957644745,0
4753.9999998640269,4188.5254946323903,-5329.108309236809,0,6.0291753869593165,4.7387580350193002,0
4755.0000000977889,4194.5519880970323,-5324.3661416091172,0,6.0238102566818634,4.7455762087095783,0
4756.0000000172295,4200.5731125756129,-5319.617158844153,0,6.0184374159854217,4.752388308108114,0
4756.9999999366701,4206.5888603611529,-5314.8613670205696,0,6.0130568717471764,4.7591943244954846,0
4757.9999998561107,4212.5992237535547,-5310.098772225735,0,6.0076686308541714,4.7659942491600535,0
4759.0000000898726,4218.60419505961,-5305.329380555725,0,6.0022727002033047,4.7727880733979857,0
4760.0000000093132,4224.6037665930126,-5300.5531981153135,0,5.9968690867013139,4.7795757885132488,0
4760.9999999287538,4230.5979306743684,-5295.7702310179684,0,5.9914577972647756,4.7863573858176345,0
4761.9999998481944,4236.5866796312057,-5290.9804853858423,0,5.9860388388200834,4.7931328566307636,0
4763.0000000819564,4242.5700057979839,-5286.1839673497625,0,5.9806122183034542,4.799902192280098,0
4764.000000001397,4248.5479015161045,-5281.3806830492258,0,5.9751779426609097,4.806665384100957,0
4764.9999999208376,4254.5203591339159,-5276.5706386323891,0,5.9697360188482689,4.8134224234365153,0
4766.0000001545995,4260.4873710067313,-5271.7538402560631,0,5.9642864538311438,4.8201733016378308,0
4767.0000000740401,4266.4489294968353,-5266.9302940857042,0,5.9588292545849226,4.826918010063844,0
4767.9999999934807,4272.4050269734862,-5262.1000062954054,0,5.95336442809477,4.8336565400813924,0
4768.9999999129213,4278.3556558129394,-5257.2629830678861,0,5.9478919813556095,4.8403888830652235,0
4770.0000001466833,4284.3008083984487,-5252.4192305944907,0,5.9424119213721234,4.8471150303980028,0
4771.0000000661239,4290.2404771202755,-5247.5687550751763,0,5.9369242551587318,4.8538349734703266,0
4771.9999999855645,4296.1746543756999,-5242.711562718504,0,5.9314289897395964,4.8605487036807329,0
4772.9999999050051,4302.1033325690314,-5237.8476597416338,0,5.9259261321486045,4.8672562124357119,0
4774.0000001387671,4308.026504111619,-5232.9770523703128,0,5.9204156894293591,4.8739574911497163,0
4775.0000000582077,4313.944161421864,-5228.0997468388723,0,5.9148976686351737,4.8806525312451736,0
4775.9999999776483,4319.8562969252189,-5223.2157493902187,0,5.9093720768290616,4.8873413241525006,0
4776.9999998970889,4325.7629030542084,-5218.3250662758182,0,5.903838921083727,4.8940238613101048,0
4778.0000001308508,4331.6639722484342,-5213.4277037556994,0,5.8982982084815569,4.900700134164401,0
4779.0000000502914,4337.5594969545846,-5208.5236680984399,0,5.8927499461146091,4.9073701341698275,0
4779.999999969732,4343.4494696264428,-5203.6129655811546,0,5.8871941410846071,4.9140338527888465,0
4780.9999998891726,4349.3338827249027,-5198.6956024894998,0,5.8816308005029265,4.9206912814919628,0
4782.0000001229346,4355.212728717971,-5193.7715851176499,0,5.8760599314905901,4.9273424117577331,0
4783.0000000423752,4361.0860000807843,-5188.8409197683022,0,5.8704815411782558,4.9339872350727738,0
4783.9999999618158,4366.9536892956085,-5183.903612752656,0,5.8648956367062075,4.9406257429317755,0
4784.9999998812564,4372.8157888518599,-5178.9596703904226,0,5.8593022252243516,4.9472579268375139,0
4786.0000001150183,4378.6722912461073,-5174.0090990097942,0,5.8537013138922003,4.953883778300856,0
4787.0000000344589,4384.5231889820843,-5169.0519049474615,0,5.8480929098788685,4.9605032888407754,0
4787.9999999538995,4390.3684745706969,-5164.0880945485787,0,5.8424770203630549,4.9671164499843634,0
4788.9999998733401,4396.2081405300396,-5159.1176741667778,0,5.8368536525330468,4.9737232532668365,0
4790.0000001071021,4402.042179385392,-5154.1406501641513,0,5.8312228135866997,4.9803236902315522,0
4791.0000000265427,4407.8705836692434,-5149.1570289112387,0,5.8255845107314315,4.9869177524300126,0
4791.9999999459833,4413.6933459212914,-5144.1668167870284,0,5.8199387511842202,4.9935054314218821,0
4792.9999998654239,4419.5104586884581,-5139.1700201789427,0,5.8142855421715796,5.0000867187749973,0
4794.0000000991859,4425.3219145248922,-5134.1666454828319,0,5.8086248909295639,5.0066616060653706,0
4795.0000000186265,4431.1277059919885,-5129.1566991029695,0,5.8029568047037499,5.0132300848772138,0
4795.999999938067,4436.9278256583893,-5124.1401874520398,0,5.7972812907492361,5.0197921468029341,0
4796.9999998575076,4442.7222660999987,-5119.1171169511254,0,5.7915983563306259,5.0263477834431569,0
4798.0000000912696,4448.5110198999873,-5114.0874940297117,0,5.7859080087220187,5.0328969864067306,0
4799.0000000107102,4454.2940796488056,-5109.0513251256652,0,5.7802102552070034,5.0394397473107375,0
4799.9999999301508,4460.071437944197,-5104.0086166852352,0,5.7745051030786518,5.045976057780508,0
4800.9999998495914,4465.8430873911948,-5098.9593751630382,0,5.7687925596395031,5.0525059094496267,0
4802.0000000833534,4471.6090206021436,-5093.9036070220573,0,5.7630726322015562,5.0590292939599495,0
4803.000000002794,4477.3692301967048,-5088.8413187336228,0,5.7573453280862656,5.0655462029616025,0
4803.9999999222346,4483.1237088018661,-5083.772516777417,0,5.7516106546245229,5.0720566281130086,0
4805.0000001559965,4488.8724490519498,-5078.6972076414577,0,5.7458686191566546,5.0785605610808844,0
4806.0000000754371,4494.6154435886274,-5073.6153978220918,0,5.7401192290324143,5.0850579935402607,0
4806.9999999948777,4500.3526850609178,-5068.5270938239864,0,5.7343624916109626,5.0915489171744852,0
4807.9999999143183,4506.0841661252089,-5063.4323021601213,0,5.728598414260869,5.0980333236752386,0
4809.0000001480803,4511.8098794452571,-5058.3310293517816,0,5.7228270043600968,5.1045112047425434,0
4810.0000000675209,4517.5298176922079,-5053.2232819285455,0,5.7170482692959963,5.1109825520847734,0
4810.9999999869615,4523.2439735445932,-5048.109066428281,0,5.7112622164652889,5.1174473574186665,0
4811.9999999064021,4528.9523396883505,-5042.9883893971355,0,5.7054688532740707,5.1239056124693354,0
4813.000000140164,4534.6549088168267,-5037.8612573895243,0,5.6996681871377852,5.1303573089702752,0
4814.0000000596046,4540.3516736307865,-5032.7276769681284,0,5.6938602254812345,5.136802438663377,0
4814.9999999790452,4546.0426268384272,-5027.5876547038824,0,5.6880449757385518,5.1432409932989378,0
4815.9999998984858,4551.7277611553827,-5022.4411971759637,0,5.6822224453532,5.149672964635668,0
4817.0000001322478,4557.4070693047361,-5017.2883109717895,0,5.6763926417779622,5.1560983444407089,0
4818.0000000516884,4563.0805440170279,-5012.1290026870029,0,5.6705555724749299,5.1625171244896331,0
4818.999999971129,4568.7481780302651,-5006.9632789254674,0,5.6647112449154955,5.1689292965664659,0
4819.9999998905696,4574.4099640899312,-5001.7911462992615,0,5.6588596665803435,5.1753348524636875,0
4821.0000001243316,4580.0658949489953,-4996.6126114286662,0,5.653000844959438,5.1817337839822502,0
4822.0000000437722,4585.7159633679203,-4991.4276809421535,0,5.6471347875520115,5.1881260829315838,0
4822.9999999632128,4591.3601621146727,-4986.2363614763844,0,5.6412615018665626,5.1945117411296051,0
4823.9999998826534,4596.9984839647323,-4981.0386596762,0,5.6353809954208396,5.200890750402734,0
4825.0000001164153,4602.630921701103,-4975.8345821946077,0,5.6294932757418348,5.2072631025859017,0
4826.0000000358559,4608.2574681143169,-4970.6241356927767,0,5.6235983503657705,5.2136287895225575,0
4826.9999999552965,4613.878116002451,-4965.407326840028,0,5.6176962268380954,5.2199878030646847,0
4827.9999998747371,4619.4928581711283,-4960.1841623138253,0,5.6117869127134723,5.2263401350728067,0
4829.0000001084991,4625.1016874335328,-4954.9546487997704,0,5.6058704155557653,5.2326857774159992,0
4830.0000000279397,4630.7045966104188,-4949.7187929915899,0,5.599946742938033,5.2390247219719015,0
4830.9999999473803,4636.3015785301159,-4944.4766015911282,0,5.5940159024425196,5.2453569606267232,0
4831.9999998668209,4641.8926260285425,-4939.2280813083389,0,5.5880779016606432,5.2516824852752633,0
4833.0000001005828,4647.4777319492086,-4933.9732388612774,0,5.5821327481929881,5.2580012878209113,0
4834.0000000200234,4653.0568891432349,-4928.7120809760945,0,5.5761804496492928,5.2643133601756604,0
4834.999999939464,4658.6300904693544,-4923.4446143870182,0,5.5702210136484425,5.2706186942601194,0
4835.9999998589046,4664.1973287939218,-4918.1708458363546,0,5.5642544478184579,5.2769172820035193,0
4837.0000000926666,4669.7585969909251,-4912.890782074478,0,5.5582807597964852,5.2832091153437322,0
4838.0000000121072,4675.3138879419985,-4907.604429859819,0,5.5522999572287883,5.2894941862272695,0
4838.9999999315478,4680.8631945364186,-4902.3117959588581,0,5.5463120477707344,5.2957724866093026,0
4839.9999998509884,4686.4065096711292,-4897.0128871461129,0,5.5403170390867924,5.3020440084536657,0
4841.0000000847504,4691.943826250741,-4891.7077102041376,0,5.534314938850514,5.3083087437328729,0
4842.000000004191,4697.4751371875409,-4886.3962719235078,0,5.5283057547445305,5.3145666844281214,0
4842.9999999236315,4703.0004354015045,-4881.0785791028129,0,5.522289494460539,5.3208178225293095,0
4843.9999998430721,4708.519713820303,-4875.7546385486467,0,5.516266165699296,5.3270621500350419,0
4845.0000000768341,4714.0329653793133,-4870.4244570756046,0,5.5102357761706022,5.3332996589526385,0
4845.9999999962747,4719.5401830216269,-4865.0880415062657,0,5.5041983335932994,5.3395303412981479,0
4846.9999999157153,4725.0413596980588,-4859.7453986711907,0,5.4981538456952546,5.3457541890963558,0
4848.0000001494773,4730.5364883671555,-4854.3965354089114,0,5.4921023202133537,5.3519711943808002,0
4849.0000000689179,4736.025561995205,-4849.0414585659182,0,5.4860437648934921,5.3581813491937691,0
4849.9999999883585,4741.5085735562461,-4843.6801749966626,0,5.4799781874905635,5.3643846455863287,0
4850.9999999077991,4746.9855160320776,-4838.3126915635321,0,5.4739055957684464,5.3705810756183183,0
4852.000000141561,4752.456382412267,-4832.9390151368571,0,5.4678259974999994,5.3767706313583661,0
4853.0000000610016,4757.921165694157,-4827.5591525948885,0,5.4617394004670485,5.3829533048839018,0
4853.9999999804422,4763.3798588828759,-4822.1731108237973,0,5.4556458124603822,5.3891290882811624,0
4854.9999998998828,4768.8324549913523,-4816.7808967176697,0,5.4495452412797336,5.3952979736452056,0
4856.0000001336448,4774.2789470403131,-4811.3825171784829,0,5.443437694733773,5.4014599530799163,0
4857.0000000530854,4779.7193280583024,-4805.9779791161136,0,5.4373231806401039,5.4076150186980225,0
4857.999999972526,4785.1535910816856,-4800.5672894483187,0,5.4312017068252434,5.4137631626210974,0
4858.9999998919666,4790.5817291546582,-4795.1504551007265,0,5.425073281124619,5.4199043769795772,0
4860.0000001257285,4796.0037353292537,-4789.7274830068345,0,5.4189379113825558,5.4260386539127667,0
4861.0000000451691,4801.4196026653599,-4784.2983801079945,0,5.4127956054522688,5.4321659855688509,0
4861.9999999646097,4806.8293242307154,-4778.8631533534044,0,5.4066463711958512,5.4382863641049024,0
4862.9999998840503,4812.2328931009315,-4773.4218097001021,0,5.4004902164842621,5.4443997816868972,0
4864.0000001178123,4817.6303023594919,-4767.9743561129562,0,5.3943271491973199,5.4505062304897205,0
4865.0000000372529,4823.021545097763,-4762.5207995646533,0,5.3881571772236931,5.4566057026971766,0
4865.9999999566935,4828.4066144150092,-4757.0611470356944,0,5.3819803084608839,5.4626981905019987,0
4866.9999998761341,4833.7855034183922,-4751.595405514382,0,5.3757965508152257,5.4687836861058621,0
4868.0000001098961,4839.1582052229851,-4746.1235819968124,0,5.3696059122018696,5.4748621817193914,0
4869.0000000293367,4844.524712951782,-4740.6456834868659,0,5.3634084005447713,5.4809336695621704,0
4869.9999999487773,4849.8850197357051,-4735.1617169962028,0,5.3572040237766885,5.4869981418627525,0
4870.9999998682179,4855.2391187136136,-4729.6716895442432,0,5.3509927898391609,5.4930555908586749,0
4872.0000001019798,4860.5870030323103,-4724.1756081581725,0,5.3447747066825109,5.4991060087964581,0
4873.0000000214204,4865.9286658465571,-4718.6734798729194,0,5.3385497822658223,5.5051493879316267,0
4873.999999940861,4871.2641003190774,-4713.1653117311553,0,5.3323180245569404,5.5111857205287125,0
4874.9999998603016,4876.5932996205674,-4707.6511107832839,0,5.3260794415324533,5.5172149988612693,0
4876.0000000940636,4881.9162569297014,-4702.1308840874281,0,5.3198340411776881,5.5232372152118794,0
4877.0000000135042,4887.2329654331434,-4696.6046387094239,0,5.3135818314866956,5.5292523618721621,0
4877.9999999329448,4892.5434183255611,-4691.0723817228136,0,5.3073228204622431,5.53526043114279,0
4878.9999998523854,4897.8476088096259,-4685.5341202088321,0,5.3010570161158066,5.5412614153334916,0
4880.0000000861473,4903.1455300960242,-4679.9898612563993,0,5.2947844264675537,5.5472553067630646,0
4881.0000000055879,4908.4371754034673,-4674.4396119621151,0,5.2885050595463392,5.5532420977593864,0
4881.9999999250285,4913.7225379587035,-4668.8833794302454,0,5.282218923389693,5.5592217806594233,0
4882.9999998444691,4919.0016109965172,-4663.3211707727132,0,5.275926026043809,5.5651943478092365,0
4884.0000000782311,4924.2743877597459,-4657.752993109093,0,5.2696263755635346,5.5711597915639999,0
4884.9999999976717,4929.5408614992875,-4652.1788535665964,0,5.2633199800123602,5.5771181042880009,0
4885.9999999171123,4934.8010254741048,-4646.5987592800693,0,5.2570068474624128,5.5830692783546576,0
4887.0000001508743,4940.0548729512393,-4641.0127173919782,0,5.2506869859944398,5.5890133061465255,0
4888.0000000703149,4945.3023972058172,-4635.420735052403,0,5.2443604036978027,5.5949501800553065,0
4888.9999999897555,4950.5435915210583,-4629.8228194190287,0,5.2380271086704679,5.6008798924818564,0
4889.999999909196,4955.7784491882821,-4624.2189776571304,0,5.2316871090189885,5.6068024358362045,0
4891.000000142958,4961.0069635069249,-4618.6092169395733,0,5.2253404128585057,5.6127178025375493,0
4892.0000000623986,4966.229127784537,-4612.9935444467956,0,5.2189870283127284,5.6186259850142815,0
4892.9999999818392,4971.4449353367991,-4607.3719673668056,0,5.2126269635139284,5.6245269757039829,0
4893.9999999012798,4976.654379487527,-4601.7444928951691,0,5.206260226602927,5.6304207670534412,0
4895.0000001350418,4981.857453568683,-4596.1111282349948,0,5.1998868257290853,5.6363073515186617,0
4896.0000000544824,4987.054150920384,-4590.4718805969387,0,5.1935067690502965,5.6421867215648724,0
4896.999999973923,4992.2444648909041,-4584.826757199181,0,5.1871200647329703,5.6480588696665377,0
4897.9999998933636,4997.4283888366936,-4579.175765267426,0,5.1807267209520242,5.6539237883073623,0
4899.0000001271255,5002.6059161223811,-4573.5189120348896,0,5.1743267458908786,5.6597814699803095,0
4900.0000000465661,5007.7770401207808,-4567.8562047422884,0,5.1679201477414409,5.6656319071876036,0
4900.9999999660067,5012.9417542129022,-4562.1876506378339,0,5.1615069347040947,5.6714750924407422,0
4901.9999998854473,5018.100051787962,-4556.5132569772177,0,5.1550871149876896,5.6773110182605011,0
4903.0000001192093,5023.2519262433898,-4550.8330310236124,0,5.1486606968095332,5.6831396771769516,0
4904.0000000386499,5028.3973709848342,-4545.1469800476516,0,5.1422276883953808,5.6889610617294686,0
4904.9999999580905,5033.5363794261793,-4539.4551113274247,0,5.1357880979794164,5.6947751644667353,0
4905.9999998775311,5038.6689449895403,-4533.7574321484708,0,5.1293419338042563,5.7005819779467579,0
4907.000000111293,5043.7950611052838,-4528.0539498037624,0,5.1228892041209289,5.7063814947368678,0
4908.0000000307336,5048.9147212120324,-4522.3446715937007,0,5.1164299171888672,5.7121737074137426,0
4908.9999999501742,5054.0279187566675,-4516.6296048261083,0,5.1099640812758924,5.7179586085634053,0
4909.9999998696148,5059.134647194348,-4510.9087568162158,0,5.1034917046582144,5.7237361907812359,0
4911.0000001033768,5064.2348999885107,-4505.1821348866551,0,5.0970127956204117,5.7295064466719872,0
4912.0000000228174,5069.3286706108811,-4499.4497463674443,0,5.0905273624554273,5.7352693688497878,0
4912.999999942258,5074.4159525414798,-4493.7115985959863,0,5.0840354134645516,5.7410249499381525,0
4913.9999998616986,5079.4967392686367,-4487.9676989170557,0,5.0775369569574185,5.7467731825699913,0
4915.0000000954606,5084.5710242889954,-4482.2180546827858,0,5.0710320012519876,5.7525140593876252,0
4916.0000000149012,5089.6388011075169,-4476.4626732526685,0,5.0645205546745391,5.7582475730427838,0
4916.9999999343418,5094.7000632374975,-4470.7015619935355,0,5.0580026255596611,5.7639737161966265,0
4917.9999998537824,5099.7548042005701,-4464.9347282795534,0,5.0514782222502435,5.7696924815197459,0
4919.0000000875443,5104.8030175267158,-4459.162179492213,0,5.0449473530974558,5.7754038616921779,0
4920.0000000069849,5109.8446967542704,-4453.383923020323,0,5.0384100264607499,5.7811078494034094,0
4920.9999999264255,5114.8798354299333,-4447.5999662599952,0,5.0318662507078393,5.7868044373523926,0
4921.9999998458661,5119.908427108775,-4441.8103166146375,0,5.0253160342146961,5.7924936182475477,0
4923.0000000796281,5124.930465354244,-4436.0149814949464,0,5.0187593853655335,5.7981753848067807,0
4923.9999999990687,5129.945943738182,-4430.2139683188943,0,5.0121963125527964,5.8038497297574851,0
4924.9999999185093,5134.9548558408269,-4424.4072845117216,0,5.0056268241771544,5.8095166458365517,0
4926.0000001522712,5139.9571952508186,-4418.5949375059299,0,4.9990509286474918,5.8151761257903853,0
4927.0000000717118,5144.9529555652098,-4412.776934741265,0,4.9924686343808915,5.8208281623749061,0
4927.9999999911524,5149.942130389476,-4406.9532836647159,0,4.9858799498026265,5.8264727483555587,0
4928.999999910593,5154.924713337522,-4401.1239917304974,0,4.979284883346148,5.8321098765073316,0
4930.000000144355,5159.900698031689,-4395.2890664000479,0,4.9726834434530778,5.837739539614752,0
4931.0000000637956,5164.8700781027637,-4389.4485151420167,0,4.9660756385731943,5.8433617304719068,0
4931.9999999832362,5169.8328471899895,-4383.602345432254,0,4.9594614771644272,5.8489764418824448,0
4932.9999999026768,5174.7889989410714,-4377.7505647537973,0,4.9528409676928371,5.8545836666595914,0
4934.0000001364388,5179.7385270121795,-4371.8931805968714,0,4.9462141186326116,5.8601833976261517,0
4935.0000000558794,5184.6814250679663,-4366.0302004588721,0,4.9395809384660545,5.8657756276145259,0
4935.99999997532,5189.6176867815693,-4360.1616318443557,0,4.9329414356835741,5.8713603494667117,0
4936.9999998947605,5194.5473058346242,-4354.2874822650338,0,4.9262956187836648,5.876937556034318,0
4938.0000001285225,5199.4702759172669,-4348.4077592397625,0,4.9196434962729132,5.8825072401785761,0
4939.0000000479631,5204.3865907281397,-4342.5224702945297,0,4.9129850766659695,5.8880693947703451,0
4939.9999999674037,5209.2962439744069,-4336.6316229624463,0,4.9063203684855461,5.8936240126901192,0
4940.9999998868443,5214.1992293717622,-4330.7352247837416,0,4.8996493802624075,5.8991710868280416,0
4942.0000001206063,5219.09554064443,-4324.8332833057493,0,4.8929721205353518,5.9047106100839084,0
4943.0000000400469,5223.9851715251816,-4318.925806082897,0,4.8862885978512081,5.9102425753671861,0
4943.9999999594875,5228.8681157553328,-4313.012800676699,0,4.8795988207648202,5.9157669755970126,0
4944.9999998789281,5233.7443670847642,-4307.0942746557457,0,4.8729027978390391,5.9212838037022077,0
4946.00000011269,5238.613919271922,-4301.1702355956904,0,4.8662005376447093,5.9267930526212869,0
4947.0000000321306,5243.4767660838252,-4295.2406910792488,0,4.859492048760659,5.9322947153024623,0
4947.9999999515712,5248.3329012960767,-4289.3056486961787,0,4.8527773397736897,5.9377887847036606,0
4948.9999998710118,5253.1823186928686,-4283.3651160432792,0,4.8460564192785629,5.9432752537925255,0
4950.0000001047738,5258.0250120669971,-4277.4191007243717,0,4.8393292958779925,5.9487541155464285,0
4951.0000000242144,5262.8609752198599,-4271.4676103503007,0,4.8325959781826331,5.9542253629524797,0
4951.999999943655,5267.690201961469,-4265.5106525389165,0,4.8258564748110642,5.9596889890075344,0
4952.9999998630956,5272.5126861104636,-4259.548234915067,0,4.8191107943897871,5.9651449867182054,0
4954.0000000968575,5277.3284214941104,-4253.5803651105898,0,4.8123589455532052,5.9705933491008691,0
4955.0000000162981,5282.1374019483137,-4247.6070507642999,0,4.8056009369436223,5.9760340691816731,0
4955.9999999357387,5286.9396213176242,-4241.6282995219817,0,4.7988367772112239,5.981467139996548,0
4956.9999998551793,5291.7350734552465,-4235.6441190363794,0,4.7920664750140656,5.9868925545912157,0
4958.0000000889413,5296.52375222305,-4229.6545169671881,0,4.7852900390180722,5.9923103060211984,0
4959.0000000083819,5301.3056514915725,-4223.659500981038,0,4.7785074778970165,5.9977203873518263,0
4959.9999999278225,5306.080765140031,-4217.6590787514924,0,4.7717188003325095,6.0031227916582468,0
4960.9999998472631,5310.849087056321,-4211.6532579590357,0,4.7649240150139951,6.0085175120254357,0
4962.0000000810251,5315.61061113704,-4205.6420462910564,0,4.7581231306387322,6.013904541548202,0
4963.0000000004657,5320.3653312874803,-4199.6254514418515,0,4.7513161559117858,6.0192838733312009,0
4963.9999999199063,5325.113241421649,-4193.6034811126019,0,4.7445030995460193,6.0246555004889384,0
4965.0000001536682,5329.8543354622661,-4187.5761430113716,0,4.7376839702620774,6.0300194161457847,0
4966.0000000731088,5334.5886073407773,-4181.5434448530987,0,4.7308587767883834,6.0353756134359786,0
4966.9999999925494,5339.3160509973595,-4175.505394359574,0,4.7240275278611144,6.0407240855036388,0
4967.99999991199,5344.0366603809307,-4169.4619992594471,0,4.7171902322242056,6.0460648255027749,0
4969.000000145752,5348.7504294491546,-4163.4132672882042,0,4.7103468986293286,6.0513978265972899,0
4970.0000000651926,5353.4573521684542,-4157.3592061881627,0,4.7034975358358855,6.0567230819609934,0
4970.9999999846332,5358.1574225140157,-4151.2998237084657,0,4.6966421526109929,6.0620405847776109,0
4971.9999999040738,5362.8506344697907,-4145.2351276050604,0,4.6897807577294772,6.0673503282407903,0
4973.0000001378357,5367.5369820285159,-4139.1651256407013,0,4.6829133599738562,6.0726523055541106,0
4974.0000000572763,5372.2164591917108,-4133.0898255849297,0,4.676039968134333,6.0779465099310919,0
4974.9999999767169,5376.8890599696897,-4127.0092352140755,0,4.669160591008783,6.0832329345952036,0
4975.9999998961575,5381.5547783815691,-4120.9233623112332,0,4.6622752374027421,6.0885115727798746,0
4977.0000001299195,5386.2136084552731,-4114.8322146662613,0,4.6553839161293986,6.0937824177284972,0
4978.0000000493601,5390.8655442275449,-4108.7358000757695,0,4.6484866360095749,6.0990454626944395,0
4978.9999999688007,5395.5105797439537,-4102.6341263431104,0,4.6415834058717236,6.1043007009410584,0
4979.9999998882413,5400.1487090588971,-4096.5272012783689,0,4.6346742345519116,6.1095481257416964,0
4981.0000001220033,5404.779926235612,-4090.4150326983481,0,4.6277591308938115,6.1147877303797014,0
4982.0000000414439,5409.4042253461894,-4084.2976284265656,0,4.6208381037486905,6.1200195081484301,0
4982.9999999608845,5414.0216004715676,-4078.1749962932395,0,4.6139111619753974,6.1252434523512607,0
4983.999999880325,5418.6320457015536,-4072.0471441352797,0,4.60697831444035,6.1304595563015898,0
4985.000000114087,5423.2355551348201,-4065.9140797962791,0,4.6000395700175263,6.1356678133228577,0
4986.0000000335276,5427.8321228789209,-4059.7758111264998,0,4.5930949375884511,6.1408682167485447,0
4986.9999999529682,5432.4217430502931,-4053.6323459828664,0,4.5861444260421873,6.1460607599221841,0
4987.9999998724088,5437.0044097742648,-4047.4836922289546,0,4.5791880442753232,6.1512454361973736,0
4989.0000001061708,5441.5801171850699,-4041.3298577349829,0,4.5722258011919603,6.1564222389377745,0
4990.0000000256114,5446.1488594258471,-4035.1708503778,0,4.5652577057037007,6.1615911615171317,0
4990.999999945052,5450.7106306486503,-4029.0066780408752,0,4.5582837667296427,6.1667521973192727,0
4991.9999998644926,5455.2654250144551,-4022.8373486142891,0,4.5513039931963588,6.1719053397381209,0
4993.0000000982545,5459.8132366931695,-4016.6628699947246,0,4.5443183940378926,6.1770505821777046,0
4994.0000000176951,5464.3540598636373,-4010.4832500854554,0,4.5373269781957424,6.1821879180521631,0
4994.9999999371357,5468.8878887136507,-4004.2984967963343,0,4.5303297546188537,6.1873173407857553,0
4995.9999998565763,5473.4147174399504,-3998.1086180437865,0,4.5233267322636062,6.1924388438128712,0
4997.0000000903383,5477.9345402482404,-3991.9136217507962,0,4.5163179200938002,6.1975524205780346,0
4998.0000000097789,5482.4473513531902,-3985.7135158468991,0,4.5093033270806453,6.2026580645359175,0
4998.9999999292195,5486.9531449784472,-3979.5083082681717,0,4.5022829622027558,6.207755769151345,0
4999.9999998486601,5491.4519153566362,-3973.2980069572181,0,4.4952568344461294,6.2128455278993027,0
5001.000000082422,5495.943656729376,-3967.0826198631657,0,4.488224952804142,6.2179273342649504,0
5002.0000000018626,5500.4283633472824,-3960.8621549416503,0,4.481187326277535,6.2230011817436255,0
5002.9999999213032,5504.906029469973,-3954.6366201548058,0,4.4741439638744023,6.2280670638408502,0
5004.0000001550652,5509.3766493660769,-3948.4060234712579,0,4.4670948746101793,6.2331249740723464,0
5005.0000000745058,5513.8402173132463,-3942.1703728661082,0,4.4600400675076326,6.2381749059640379,0
5005.9999999939464,5518.2967275981555,-3935.9296763209313,0,4.4529795515968473,6.2432168530520595,0
5006.999999913387,5522.7461745165147,-3929.6839418237573,0,4.4459133359152148,6.2482508088827666,0
5008.000000147149,5527.1885523730753,-3923.433177369066,0,4.4388414295074234,6.2532767670127463,0
5009.0000000665896,5531.6238554816373,-3917.1773909577764,0,4.4317638414254441,6.25829472100882,0
5009.9999999860302,5536.0520781650539,-3910.9165905972341,0,4.4246805807285252,6.2633046644480537,0
5010.9999999054708,5540.4732147552431,-3904.6507843012037,0,4.4175916564831681,6.268306590917768,0
5012.0000001392327,5544.8872595931934,-3898.3799800898564,0,4.4104970777631287,6.2733004940155483,0
5013.0000000586733,5549.29420702897,-3892.1041859897614,0,4.403396853649399,6.2782863673492457,0
5013.9999999781139,5553.6940514217231,-3885.8234100338736,0,4.3962909932301972,6.2832642045369891,0
5014.9999998975545,5558.0867871396949,-3879.5376602615274,0,4.389179505600957,6.2882339992071952,0
5016.0000001313165,5562.4724085602247,-3873.2469447184199,0,4.3820623998643127,6.2931957449985765,0
5017.0000000507571,5566.8509100697593,-3866.9512714566072,0,4.3749396851300908,6.2981494355601439,0
5017.9999999701977,5571.2222860638585,-3860.6506485344903,0,4.367811370515299,6.3030950645512238,0
5018.9999998896383,5575.5865309472047,-3854.3450840168052,0,4.3606774651441116,6.3080326256414558,0
5020.0000001234002,5579.9436391336058,-3848.0345859746144,0,4.3535379781478554,6.312962112510812,0
5021.0000000428408,5584.2936050460048,-3841.7191624852935,0,4.346392918665007,6.3178835188495963,0
5021.9999999622814,5588.6364231164889,-3835.3988216325242,0,4.3392422958411752,6.3227968383584576,0
5022.999999881722,5592.9720877862928,-3829.073571506282,0,4.3320861188290847,6.3277020647483893,0
5024.000000115484,5597.3005935058054,-3822.7434202028262,0,4.3249243967885755,6.332599191740754,0
5025.0000000349246,5601.6219347345832,-3816.4083758246888,0,4.3177571388865816,6.3374882130672745,0
5025.9999999543652,5605.9361059413495,-3810.0684464806664,0,4.3105843542971254,6.3423691224700507,0
5026.9999998738058,5610.2431016040091,-3803.7236402858061,0,4.3034060522012991,6.3472419137015645,0
5028.0000001075678,5614.5429162096461,-3797.3739653613998,0,4.2962222417872624,6.3521065805246906,0
5029.0000000270084,5618.8355442545426,-3791.0194298349688,0,4.2890329322502216,6.356963116712703,0
5029.999999946449,5623.1209802441726,-3784.6600418402581,0,4.2818381327924264,6.3618115160492827,0
5030.9999998658895,5627.3992186932237,-3778.295809517223,0,4.2746378526231483,6.3666517723285265,0
5032.0000000996515,5631.6702541255872,-3771.9267410120192,0,4.2674321009586755,6.3714838793549502,0
5033.0000000190921,5635.9340810743815,-3765.552844476993,0,4.2602208870223031,6.3763078309435048,0
5033.9999999385327,5640.1906940819508,-3759.1741280706701,0,4.2530042200443141,6.3811236209195812,0
5034.9999998579733,5644.4400876998698,-3752.7905999577461,0,4.2457821092619712,6.3859312431190105,0
5036.0000000917353,5648.6822564889562,-3746.4022683090757,0,4.238554563919509,6.390730691388085,0
5037.0000000111759,5652.9171950192731,-3740.0091413016617,0,4.2313215932681141,6.3955219595835562,0
5037.9999999306165,5657.144897870141,-3733.6112271186448,0,4.2240832065659228,6.4003050415726479,0
5038.9999998500571,5661.3653596301438,-3727.2085339492933,0,4.2168394130779951,6.405079931233062,0
5040.000000083819,5665.5785748971266,-3720.8010699889928,0,4.2095902220763195,6.4098466224529851,0
5041.0000000032596,5669.784538278217,-3714.3888434392356,0,4.2023356428397891,6.4146051091310987,0
5041.9999999227002,5673.9832443898222,-3707.9718625076093,0,4.1950756846541974,6.4193553851765843,0
5043.0000001564622,5678.1746878576378,-3701.5501354077865,0,4.1878103568122187,6.4240974445091359,0
5044.0000000759028,5682.3588633166592,-3695.1236703595182,0,4.1805396686134042,6.4288312810589634,0
5044.9999999953434,5686.5357654111795,-3688.6924755886166,0,4.173263629364163,6.4335568887668,0
5045.999999914784,5690.7053887948068,-3682.2565593269487,0,4.1659822483777571,6.4382742615839135,0
5047.000000148546,5694.8677281304626,-3675.8159298124256,0,4.1586955349742825,6.4429833934721144,0
5048.0000000679865,5699.0227780903915,-3669.3705952889904,0,4.1514034984806614,6.4476842784037594,0
5048.9999999874271,5703.1705333561731,-3662.9205640066093,0,4.1441061482306294,6.4523769103617585,0
5049.9999999068677,5707.3109886187167,-3656.4658442212608,0,4.1368034935647273,6.4570612833395904,0
5051.0000001406297,5711.4441385782802,-3650.006444194923,0,4.1294955438302807,6.461737391341301,0
5052.0000000600703,5715.5699779444712,-3643.5423721955649,0,4.1221823083813955,6.4664052283815181,0
5052.9999999795109,5719.6885014362579,-3637.0736364971381,0,4.1148637965789421,6.4710647884854566,0
5053.9999998989515,5723.7997037819669,-3630.60024537956,0,4.107540017790547,6.475716065688923,0
5055.0000001327135,5727.903579719301,-3624.1222071287107,0,4.1002109813905712,6.4803590540383276,0
5056.0000000521541,5732.0001239953381,-3617.6395300364165,0,4.0928766967601149,6.4849937475906918,0
5056.9999999715947,5736.0893313665401,-3611.1522224004398,0,4.0855371732869914,6.4896201404136509,0
5057.9999998910353,5740.1711965987624,-3604.6602925244729,0,4.0781924203657187,6.4942382265854661,0
5059.0000001247972,5744.2457144672571,-3598.1637487181229,0,4.0708424473975091,6.4988480001950331,0
5060.0000000442378,5748.3128797566778,-3591.6625992969034,0,4.0634872637902584,6.5034494553418849,0
5060.9999999636784,5752.372687261096,-3585.1568525822231,0,4.0561268789585299,6.508042586136205,0
5061.999999883119,5756.4251317839944,-3578.646516901375,0,4.0487613023235456,6.5126273866988305,0
5063.000000116881,5760.4702081382839,-3572.1316005875256,0,4.0413905433131712,6.5172038511612582,0
5064.0000000363216,5764.5079111463074,-3565.6121119797058,0,4.0340146113619104,6.5217719736656594,0
5064.9999999557622,5768.5382356398422,-3559.0880594227965,0,4.0266335159108824,6.5263317483648811,0
5065.9999998752028,5772.5611764601108,-3552.5594512675225,0,4.0192472664078167,6.5308831694224549,0
5067.0000001089647,5776.5767284577905,-3546.0262958704402,0,4.0118558723070432,6.5354262310126083,0
5068.0000000284053,5780.5848864930122,-3539.4886015939246,0,4.0044593430694748,6.5399609273202648,0
5068.9999999478459,5784.5856454353734,-3532.9463768061619,0,3.9970576881625988,6.5444872525410567,0
5069.9999998672865,5788.5790001639398,-3526.3996298811362,0,3.9896509170604606,6.5490052008813313,0
5071.0000001010485,5792.5649455672556,-3519.8483691986198,0,3.9822390392436566,6.553514766558159,0
5072.0000000204891,5796.5434765433502,-3513.2926031441643,0,3.9748220641993175,6.5580159437993393,0
5072.9999999399297,5800.5145879997417,-3506.7323401090866,0,3.9674000014211011,6.5625087268434097,0
5073.9999998593703,5804.4782748534462,-3500.1675884904603,0,3.9599728604091755,6.5669931099396486,0
5075.0000000931323,5808.4345320309822,-3493.5983566911036,0,3.9525406506702092,6.5714690873480901,0
5076.0000000125729,5812.3833544683803,-3487.0246531195703,0,3.9451033817173595,6.5759366533395287,0
5076.9999999320135,5816.3247371111856,-3480.4464861901365,0,3.9376610630702591,6.5803958021955191,0
5077.999999851454,5820.2586749144648,-3473.8638643227932,0,3.9302137042550043,6.5848465282083959,0
5079.000000085216,5824.1851628428185,-3467.2767959432331,0,3.9227613148041405,6.5892888256812725,0
5080.0000000046566,5828.1041958703763,-3460.6852894828389,0,3.9153039042566564,6.5937226889280511,0
5080.9999999240972,5832.0157689808157,-3454.0893533786766,0,3.9078414821579646,6.5981481122734298,0
5081.9999998435378,5835.91987716736,-3447.4889960734804,0,3.9003740580598931,6.6025650900529085,0
5083.0000000772998,5839.8165154327889,-3440.8842260156443,0,3.8929016415206741,6.6069736166127981,0
5083.9999999967404,5843.7056787894435,-3434.2750516592091,0,3.8854242421049272,6.6113736863102286,0
5084.999999916181,5847.5873622592308,-3427.6614814638551,0,3.8779418693836516,6.615765293513153,0
5086.0000001499429,5851.461560873634,-3421.043523894888,0,3.8704545329342124,6.6201484326003559,0
5087.0000000693835,5855.3282696737178,-3414.4211874232296,0,3.8629622423403278,6.624523097961462,0
5087.9999999888241,5859.1874837101304,-3407.7944805254069,0,3.8554650071920578,6.6288892839969416,0
5088.9999999082647,5863.039198043115,-3401.1634116835412,0,3.8479628370857912,6.6332469851181184,0
5090.0000001420267,5866.8834077425172,-3394.5279893853353,0,3.8404557416242326,6.637596195747177,0
5091.0000000614673,5870.7201078877824,-3387.888222124066,0,3.8329437304163929,6.6419369103171704,0
5091.9999999809079,5874.5492935679722,-3381.244118398572,0,3.8254268130775735,6.6462691232720248,0
5092.9999999003485,5878.3709598817677,-3374.5956867132422,0,3.8179049992293552,6.6505928290665501,0
5094.0000001341105,5882.1851019374726,-3367.9429355780039,0,3.8103782984995878,6.6549080221664436,0
5095.000000053551,5885.9917148530185,-3361.285873508315,0,3.8028467205223757,6.6592146970483013,0
5095.9999999729916,5889.7907937559803,-3354.6245090251509,0,3.7953102749380658,6.6635128481996206,0
5096.9999998924322,5893.5823337835745,-3347.958850654994,0,3.7877689713932354,6.6678024701188097,0
5098.0000001261942,5897.3663300826638,-3341.2889069298217,0,3.78022281954068,6.672083557315192,0
5099.0000000456348,5901.1427778097723,-3334.6146863870977,0,3.7726718290394023,6.6763561043090212,0
5099.9999999650754,5904.9116721310811,-3327.9361975697611,0,3.7651160095545966,6.6806201056314771,0
5100.999999884516,5908.673008222444,-3321.2534490262115,0,3.7575553707576383,6.684875555824676,0
5102.000000118278,5912.4267812693852,-3314.5664493103041,0,3.7499899223260735,6.6891224494416859,0
5103.0000000377186,5916.1729864671115,-3307.8752069813331,0,3.7424196739436022,6.6933607810465228,0
5103.9999999571592,5919.9116190205195,-3301.1797306040244,0,3.7348446353000693,6.6975905452141609,0
5104.9999998765998,5923.642674144191,-3294.4800287485232,0,3.7272648160914517,6.7018117365305461,0
5106.0000001103617,5927.3661470624156,-3287.7761099903819,0,3.719680226019844,6.7060243495925951,0
5107.0000000298023,5931.0820330091801,-3281.0679829105534,0,3.7120908747934487,6.7102283790082016,0
5107.9999999492429,5934.7903272281892,-3274.3556560953743,0,3.7044967721265629,6.7144238193962478,0
5108.9999998686835,5938.4910249728609,-3267.6391381365593,0,3.6968979277395633,6.7186106653866116,0
5110.0000001024455,5942.1841215063378,-3260.9184376311864,0,3.6892943513588978,6.7227889116201709,0
5111.0000000218861,5945.8696121014927,-3254.1935631816868,0,3.6816860527170707,6.72695855274881,0
5111.9999999413267,5949.5474920409324,-3247.4645233958363,0,3.6740730415526324,6.7311195834354303,0
5112.9999998607673,5953.2177566170067,-3240.7313268867392,0,3.6664553276101617,6.7352719983539515,0
5114.0000000945292,5956.8804011318107,-3233.9939822728224,0,3.6588329206402599,6.7394157921893223,0
5115.0000000139698,5960.5354208971967,-3227.2524981778229,0,3.6512058303995336,6.7435509596375267,0
5115.9999999334104,5964.1828112347739,-3220.5068832307738,0,3.643574066650586,6.747677495405588,0
5116.999999852851,5967.8225674759169,-3213.7571460659983,0,3.6359376391619991,6.7517953942115838,0
5118.000000086613,5971.4546849617755,-3207.0032953230957,0,3.6282965577083286,6.7559046507846432,0
5119.0000000060536,5975.0791590432727,-3200.2453396469277,0,3.6206508320700843,6.7600052598649558,0
5119.9999999254942,5978.6959850811172,-3193.483287687613,0,3.6130004720337201,6.7640972162037825,0
5120.9999998449348,5982.3051584458071,-3186.7171481005134,0,3.6053454873916242,6.7681805145634595,0
5122.0000000786968,5985.9066745176333,-3179.9469295462213,0,3.5976858879421028,6.7722551497174033,0
5122.9999999981374,5989.5005286866908,-3173.1726406905523,0,3.5900216834893688,6.77632111645012,0
5123.999999917578,5993.086716352881,-3166.3942902045292,0,3.5823528838435301,6.7803784095572111,0
5125.0000001513399,5996.6652329259196,-3159.6118867643763,0,3.5746794988205766,6.7844270238453808,0
5126.0000000707805,6000.2360738253383,-3152.8254390515044,0,3.5670015382423665,6.7884669541324421,0
5126.9999999902211,6003.7992344804943,-3146.0349557525019,0,3.5593190119366165,6.7924981952473233,0
5127.9999999096617,6007.3547103305791,-3139.2404455591209,0,3.5516319297368835,6.7965207420300757,0
5129.0000001434237,6010.9024968246167,-3132.4419171682694,0,3.5439403014825608,6.8005345893318756,0
5130.0000000628643,6014.4425894214764,-3125.6393792819977,0,3.5362441370188584,6.8045397320150398,0
5130.9999999823049,6017.974983589871,-3118.8328406074884,0,3.5285434461967919,6.8085361649530229,0
5131.9999999017455,6021.4996748083704,-3112.0223098570455,0,3.5208382388731714,6.8125238830304298,0
5133.0000001355074,6025.0166585654042,-3105.2077957480824,0,3.513128524910587,6.8165028811430206,0
5134.000000054948,6028.5259303592666,-3098.3893070031122,0,3.5054143141773992,6.8204731541977148,0
5134.9999999743886,6032.0274856981241,-3091.5668523497343,0,3.4976956165477229,6.8244346971126024,0
5135.9999998938292,6035.5213201000224,-3084.7404405206248,0,3.4899724419014171,6.8283875048169449,0
5137.0000001275912,6039.0074290928824,-3077.9100802535245,0,3.4822448001240693,6.8323315722511877,0
5138.0000000470318,6042.4858082145238,-3071.075780291229,0,3.4745127011069874,6.8362668943669629,0
5138.9999999664724,6045.9564530126499,-3064.2375493815757,0,3.4667761547471838,6.8401934661270962,0
5139.999999885913,6049.4193590448713,-3057.3953962774349,0,3.459035170947363,6.8441112825056125,0
5141.000000119675,6052.8745218786999,-3050.549329736697,0,3.4512897596159098,6.8480203384877463,0
5142.0000000391155,6056.3219370915631,-3043.6993585222599,0,3.4435399306668755,6.8519206290699435,0
5142.9999999585561,6059.761600270801,-3036.8454914020203,0,3.4357856940199665,6.8558121492598687,0
5143.9999998779967,6063.1935070136788,-3029.9877371488642,0,3.4280270596005309,6.859694894076414,0
5145.0000001117587,6066.617652927388,-3023.1261045406495,0,3.4202640373395452,6.8635688585497014,0
5146.0000000311993,6070.0340336290556,-3016.2606023601993,0,3.4124966371736036,6.8674340377210985,0
5146.9999999506399,6073.4426447457481,-3009.3912393952905,0,3.4047248690449039,6.8712904266432098,0
5147.9999998700805,6076.8434819144722,-3002.5180244386406,0,3.3969487429012331,6.8751380203798949,0
5149.0000001038425,6080.2365407821944,-2995.6409662879,0,3.3891682686959581,6.8789768140062719,0
5150.0000000232831,6083.6218170058291,-2988.760073745636,0,3.381383456388011,6.8828068026087221,0
5150.9999999427237,6086.9993062522553,-2981.8753556193251,0,3.373594315941876,6.886627981284895,0
5151.9999998621643,6090.3690041983218,-2974.986820721339,0,3.3658008573275779,6.8904403451437215,0
5153.0000000959262,6093.7309065308473,-2968.0944778689368,0,3.3580030905206684,6.894243889305411,0
5154.0000000153668,6097.0850089466276,-2961.1983358842499,0,3.3502010255022143,6.8980386089014658,0
5154.9999999348074,6100.4313071524439,-2954.2984035942741,0,3.3423946722587838,6.9018244990746807,0
5155.999999854248,6103.7697968650682,-2947.3946898308564,0,3.3345840407824325,6.9056015549791505,0
5157.00000008801,6107.1004738112651,-2940.4872034306841,0,3.3267691410706948,6.9093697717802822,0
5158.0000000074506,6110.4233337278001,-2933.5759532352718,0,3.3189499831265654,6.9131291446547936,0
5158.9999999268912,6113.7383723614448,-2926.6609480909533,0,3.3111265769584914,6.9168796687907257,0
5159.9999998463318,6117.0455854689808,-2919.7421968488698,0,3.3032989325803572,6.9206213393874414,0
5161.0000000800937,6120.3449688172086,-2912.8197083649552,0,3.2954670600114722,6.9243541516556393,0
5161.9999999995343,6123.6365181829497,-2905.8934914999277,0,3.2876309692765568,6.9280781008173555,0
5162.9999999189749,6126.9202293530507,-2898.9635551192782,0,3.2797906704057329,6.9317931821059728,0
5164.0000001527369,6130.1960981243938,-2892.0299080932596,0,3.2719461734345074,6.9354993907662195,0
5165.0000000721775,6133.4641203039,-2885.0925592968715,0,3.2640974884037606,6.939196722054187,0
5165.9999999916181,6136.7242917085305,-2878.1515176098533,0,3.256244625359733,6.942885171237327,0
5166.9999999110587,6139.9766081652979,-2871.206791916672,0,3.2483875943540133,6.9465647335944594,0
5168.0000001448207,6143.2210655112704,-2864.2583911065094,0,3.2405264054435259,6.9502354044157784,0
5169.0000000642613,6146.4576595935714,-2857.3063240732517,0,3.2326610686905166,6.9538971790028645,0
5169.9999999837019,6149.6863862693917,-2850.3505997154771,0,3.2247915941625402,6.9575500526686778,0
5170.9999999031425,6152.9072414059938,-2843.3912269364459,0,3.2169179919324487,6.9611940207375769,0
5172.0000001369044,6156.1202208807154,-2836.4282146440892,0,3.2090402720783771,6.9648290785453177,0
5173.000000056345,6159.3253205809715,-2829.4615717509937,0,3.2011584446837293,6.9684552214390623,0
5173.9999999757856,6162.5225364042653,-2822.4913071743958,0,3.1932725198371705,6.972072444777381,0
5174.9999998952262,6165.7118642581918,-2815.5174298361671,0,3.1853825076326068,6.9756807439302628,0
5176.0000001289882,6168.8933000604429,-2808.5399486628035,0,3.1774884181691778,6.9792801142791214,0
5177.0000000484288,6172.0668397388117,-2801.5588725854127,0,3.1695902615512423,6.9828705512167968,0
5177.9999999678694,6175.2324792311974,-2794.5742105397057,0,3.1616880478883647,6.9864520501475633,0
5178.99999988731,6178.390214485612,-2787.5859714659823,0,3.1537817872953013,6.9900246064871387,0
5180.0000001210719,6181.5400414601836,-2780.5941643091201,0,3.1458714898919902,6.9935882156626832,0
5181.0000000405125,6184.6819561231678,-2773.598798018565,0,3.1379571658035359,6.9971428731128125,0
5181.9999999599531,6187.8159544529399,-2766.5998815483194,0,3.1300388251601965,7.0006885742876008,0
5182.9999998793937,6190.9420324380153,-2759.5974238569274,0,3.1221164780973707,7.0042253146485836,0
5184.0000001131557,6194.0601860770421,-2752.5914339074693,0,3.1141901347555874,7.0077530896687668,0
5185.0000000325963,6197.1704113788137,-2745.5819206675419,0,3.1062598052804899,7.0112718948326336,0
5185.9999999520369,6200.2727043622745,-2738.5688931092573,0,3.0983254998228222,7.014781725636146,0
5186.9999998714775,6203.3670610565177,-2731.5523602092212,0,3.0903872285384186,7.0182825775867554,0
5188.0000001052395,6206.453477500796,-2724.5323309485279,0,3.0824450015881912,7.0217744462034055,0
5189.00000002468,6209.531949744528,-2717.5088143127482,0,3.0744988291381126,7.0252573270165355,0
5189.9999999441206,6212.602473847297,-2710.4818192919161,0,3.0665487213592075,7.0287312155680954,0
5190.9999998635612,6215.6650458788636,-2703.4513548805157,0,3.058594688427537,7.0321961074115391,0
5192.0000000973232,6218.7196619191636,-2696.4174300774739,0,3.0506367405241854,7.0356519981118391,0
5193.0000000167638,6221.7663180583177,-2689.3800538861469,0,3.0426748878352519,7.0390988832454884,0
5193.9999999362044,6224.8050103966361,-2682.339235314309,0,3.0347091405518283,7.0425367584005079,0
5194.999999855645,6227.8357350446222,-2675.2949833741386,0,3.0267395088699951,7.0459656191764495,0
5196.000000089407,6230.8584881229781,-2668.2473070822116,0,3.0187660029908048,7.0493854611844053,0
5197.0000000088476,6233.8732657626088,-2661.1962154594858,0,3.0107886331202671,7.0527962800470094,0
5197.9999999282882,6236.8800641046264,-2654.1417175312895,0,3.0028074094693387,7.0561980713984473,0
5198.9999998477288,6239.8788793003587,-2647.0838223273113,0,2.9948223422539084,7.059590830884459,0
5200.0000000814907,6242.8697075113532,-2640.0225388815898,0,2.9868334416947864,7.0629745541623459,0
5201.0000000009313,6245.8525449093759,-2632.9578762324991,0,2.978840718017687,7.0663492369009742,0
5201.9999999203719,6248.8273876764251,-2625.8898434227403,0,2.97084418145322,7.0697148747807814,0
5203.0000001541339,6251.7942320047305,-2618.8184494993266,0,2.9628438422368748,7.0730714634937852,0
5204.0000000735745,6254.7530740967613,-2611.7437035135745,0,2.9548397106090079,7.0764189987435842,0
5204.9999999930151,6257.7039101652263,-2604.66561452109,0,2.9468317968148314,7.0797574762453657,0
5205.9999999124557,6260.6467364330865,-2597.5841915817582,0,2.938820111104397,7.0830868917259098,0
5207.0000001462176,6263.5815491335497,-2590.499443759732,0,2.9308046637325855,7.0864072409235979,0
5208.0000000656582,6266.5083445100854,-2583.4113801234212,0,2.9227854649590927,7.0897185195884127,0
5208.9999999850988,6269.4271188164239,-2576.3200097454792,0,2.9147625250484142,7.0930207234819527,0
5209.9999999045394,6272.3378683165629,-2569.2253417027905,0,2.9067358542698365,7.0963138483774264,0
5211.0000001383014,6275.2405892847673,-2562.1273850764619,0,2.8987054628974218,7.0995978900596679,0
5212.000000057742,6278.1352780055859,-2555.0261489518102,0,2.8906713612099915,7.1028728443251339,0
5212.9999999771826,6281.0219307738425,-2547.9216424183483,0,2.8826335594911194,7.1061387069819144,0
5213.9999998966232,6283.9005438946515,-2540.8138745697765,0,2.8745920680291137,7.1093954738497374,0
5215.0000001303852,6286.7711136834168,-2533.7028545039684,0,2.8665468971170065,7.1126431407599719,0
5216.0000000498258,6289.6336364658364,-2526.5885913229622,0,2.8584980570525378,7.115881703555635,0
5216.9999999692664,6292.4881085779061,-2519.471094132944,0,2.8504455581381465,7.1191111580914015,0
5217.999999888707,6295.3345263659303,-2512.3503720442436,0,2.8423894106809531,7.1223315002335976,0
5219.0000001224689,6298.1728861865231,-2505.2264341713148,0,2.8343296249927472,7.1255427258602166,0
5220.0000000419095,6301.0031844066116,-2498.0992896327311,0,2.8262662113899784,7.1287448308609207,0
5220.9999999613501,6303.8254174034391,-2490.9689475511677,0,2.8181991801937376,7.1319378111370471,0
5221.9999998807907,6306.6395815645783,-2483.8354170533944,0,2.8101285417297466,7.1351216626016116,0
5223.0000001145527,6309.4456732879216,-2476.6987072702605,0,2.802054306328345,7.1382963811793134,0
5224.0000000339933,6312.2436889817,-2469.5588273366861,0,2.7939764843244763,7.1414619628065479,0
5224.9999999534339,6315.0336250644814,-2462.4157863916485,0,2.7858950860576748,7.1446184034313953,0
5225.9999998728745,6317.8154779651759,-2455.2695935781717,0,2.7778101218720521,7.1477656990136476,0
5227.0000001066364,6320.5892441230362,-2448.1202580433123,0,2.7697216021162854,7.1509038455247929,0
5228.000000026077,6323.3549199876688,-2440.9677889381514,0,2.7616295371436004,7.1540328389480354,0
5228.9999999455176,6326.1125020190366,-2433.8121954177805,0,2.753533937311762,7.1571526752782928,0
5229.9999998649582,6328.8619866874596,-2426.6534866412894,0,2.7454348129830604,7.1602633505222064,0
5231.0000000987202,6331.6033704736246,-2419.4916717717588,0,2.7373321745242967,7.1633648606981408,0
5232.0000000181608,6334.3366498685882,-2412.3267599762398,0,2.7292260323067703,7.1664572018361952,0
5232.9999999376014,6337.0618213737771,-2405.1587604257511,0,2.7211163967062646,7.1695403699781997,0
5233.999999857042,6339.778881500999,-2397.9876822952642,0,2.7130032781030349,7.1726143611777289,0
5235.000000090804,6342.4878267724444,-2390.8135347636889,0,2.7048866868817942,7.1756791715001054,0
5236.0000000102445,6345.1886537206874,-2383.636327013864,0,2.6967666334317015,7.1787347970223996,0
5236.9999999296851,6347.8813588886942,-2376.4560682325473,0,2.6886431281463472,7.1817812338334424,0
5237.9999998491257,6350.5659388298318,-2369.2727676104005,0,2.6805161814237399,7.184818478033824,0
5239.0000000828877,6353.2423901078637,-2362.0864343419789,0,2.672385803666292,7.1878465257358997,0
5240.0000000023283,6355.9107092969571,-2354.8970776257206,0,2.6642520052808076,7.190865373063799,0
5240.9999999217689,6358.5708929816883,-2347.7047066639316,0,2.6561147966784726,7.1938750161534264,0
5242.0000001555309,6361.2229377570484,-2340.5093306627778,0,2.6479741882748336,7.196875451152466,0
5243.0000000749715,6363.8668402284447,-2333.3109588322704,0,2.6398301904897914,7.1998666742203907,0
5243.9999999944121,6366.5025970117076,-2326.1096003862567,0,2.6316828137475841,7.202848681528466,0
5244.9999999138527,6369.1302047330955,-2318.9052645424058,0,2.6235320684767771,7.2058214692597486,0
5246.0000001476146,6371.7496600292952,-2311.6979605221986,0,2.6153779651102429,7.2087850336090993,0
5247.0000000670552,6374.360959547429,-2304.4876975509142,0,2.6072205140851574,7.2117393707831861,0
5247.9999999864958,6376.9640999450585,-2297.2744848576194,0,2.5990597258429782,7.2146844770004837,0
5248.9999999059364,6379.5590778901887,-2290.0583316751563,0,2.5908956108294361,7.2176203484912866,0
5250.0000001396984,6382.1458900612752,-2282.839247240131,0,2.5827281794945183,7.2205469814977068,0
5251.000000059139,6384.7245331472213,-2275.6172407929039,0,2.5745574422924591,7.223464372273682,0
5251.9999999785796,6387.2950038473891,-2268.3923215775726,0,2.5663834096817228,7.2263725170849797,0
5252.9999998980202,6389.8572988716023,-2261.164498841963,0,2.5582060921249927,7.2292714122092043,0
5254.0000001317821,6392.4114149401466,-2253.9337818376193,0,2.5500255000891565,7.2321610539357968,0
5255.0000000512227,6394.9573487837779,-2246.7001798197898,0,2.541841644045292,7.2350414385660438,0
5255.9999999706633,6397.4950971437265,-2239.4637020474152,0,2.5336545344686572,7.237912562413082,0
5256.9999998901039,6400.0246567716977,-2232.2243577831168,0,2.5254641818386725,7.2407744218018992,0
5258.0000001238659,6402.5460244298802,-2224.9821562931852,0,2.5172705966389097,7.2436270130693421,0
5259.0000000433065,6405.0591968909466,-2217.7371068475686,0,2.50907378935708,7.2464703325641224,0
5259.9999999627471,6407.5641709380625,-2210.4892187198611,0,2.5008737704850166,7.2493043766468173,0
5260.9999998821877,6410.060943364886,-2203.238501187288,0,2.4926705505186648,7.2521291416898821,0
5262.0000001159497,6412.5495109755702,-2195.9849635306991,0,2.4844641399580669,7.2549446240776394,0
5263.0000000353903,6415.0298705847727,-2188.7286150345531,0,2.4762545493073498,7.2577508202063035,0
5263.9999999548309,6417.5020190176574,-2181.4694649869039,0,2.4680417890747099,7.260547726483968,0
5264.9999998742715,6419.9659531098987,-2174.207522679395,0,2.4598258697724025,7.263335339330621,0
5266.0000001080334,6422.4216697076845,-2166.9427974072419,0,2.4516068019167228,7.2661136551781444,0
5267.000000027474,6424.8691656677202,-2159.6752984692239,0,2.443384596027999,7.2688826704703198,0
5267.9999999469146,6427.3084378572375,-2152.4050351676678,0,2.4351592626305765,7.2716423816628355,0
5268.9999998663552,6429.7394831539896,-2145.1320168084426,0,2.4269308122528015,7.274392785223287,0
5270.0000001001172,6432.162298446262,-2137.8562527009399,0,2.4186992554270104,7.2771338776311847,0
5271.0000000195578,6434.5768806328733,-2130.5777521580676,0,2.410464602689518,7.2798656553779555,0
5271.9999999389984,6436.9832266231824,-2123.2965244962365,0,2.4022268645805989,7.282588114966952,0
5272.999999858439,6439.3813333370917,-2116.0125790353491,0,2.3939860516444793,7.2853012529134524,0
5274.0000000922009,6441.7711977050458,-2108.7259250987831,0,2.3857421744293199,7.288005065744664,0
5275.0000000116415,6444.1528166680419,-2101.4365720133851,0,2.3774952434872034,7.2906995499997356,0
5275.9999999310821,6446.526187177632,-2094.1445291094583,0,2.3692452693741228,7.2933847022297522,0
5276.9999998505227,6448.8913061959211,-2086.8498057207471,0,2.3609922626499658,7.2960605189977432,0
5278.0000000842847,6451.2481706955823,-2079.5524111844261,0,2.3527362338785007,7.298726996878691,0
5279.0000000037253,6453.5967776598527,-2072.2523548410904,0,2.3444771936273634,7.3013841324595274,0
5279.9999999231659,6455.9371240825349,-2064.9496460347409,0,2.3362151524680468,7.3040319223391466,0
5281.0000001569279,6458.2692069680106,-2057.6442941127752,0,2.3279501209758835,7.3066703631284033,0
5282.0000000763685,6460.5930233312347,-2050.3363084259727,0,2.3196821097300346,7.3092994514501184,0
5282.999999995809,6462.9085701977447,-2043.0256983284858,0,2.3114111293134751,7.3119191839390822,0
5283.9999999152496,6465.2158446036656,-2035.7124731778235,0,2.3031371903129787,7.314529557242067,0
5285.0000001490116,6467.5148435957062,-2028.3966423348445,0,2.2948603033191084,7.3171305680178147,0
5286.0000000684522,6469.8055642311701,-2021.0782151637407,0,2.2865804789261999,7.3197222129370605,0
5286.9999999878928,6472.0880035779583,-2013.7572010320284,0,2.278297727732348,7.3223044886825219,0
5287.9999999073334,6474.362158714569,-2006.4336093105355,0,2.2700120603393943,7.3248773919489105,0
5289.0000001410954,6476.6280267301063,-1999.1074493733884,0,2.2617234873529131,7.3274409194429371,0
5290.000000060536,6478.8856047242807,-1991.7787305980009,0,2.2534320193821977,7.3299950678833108,0
5290.9999999799766,6481.1348898074139,-1984.4474623650626,0,2.2451376670402468,7.3325398340007446,0
5291.9999998994172,6483.375879100442,-1977.1136540585267,0,2.2368404409437526,7.3350752145379641,0
5293.0000001331791,6485.6085697349226,-1969.777315065596,0,2.2285403517130824,7.3376012062497047,0
5294.0000000526197,6487.8329588530323,-1962.4384547767136,0,2.2202374099722726,7.3401178059027217,0
5294.9999999720603,6490.0490436075734,-1955.0970825855507,0,2.2119316263490076,7.3426250102757944,0
5295.9999998915009,6492.25682116198,-1947.7532078889919,0,2.2036230114746092,7.3451228161597228,0
5297.0000001252629,6494.4562886903177,-1940.4068400871267,0,2.1953115759840256,7.34761122035734,0
5298.0000000447035,6496.6474433772892,-1933.0579885832346,0,2.1869973305158141,7.3500902196835147,0
5298.9999999641441,6498.8302824182383,-1925.7066627837748,0,2.1786802857121272,7.3525598109651487,0
5299.9999998835847,6501.004803019152,-1918.3528720983729,0,2.1703604522187034,7.3550199910411909,0
5301.0000001173466,6503.1710023966634,-1910.9966259398104,0,2.1620378406848486,7.3574707567626341,0
5302.0000000367872,6505.328877778059,-1903.6379337240116,0,2.1537124617634249,7.3599121049925218,0
5302.9999999562278,6507.4784264012806,-1896.2768048700309,0,2.1453843261108374,7.3623440326059519,0
5303.9999998756684,6509.6196455149257,-1888.9132488000428,0,2.1370534443870195,7.3647665364900803,0
5305.0000001094304,6511.7525323782538,-1881.547274939328,0,2.1287198272554191,7.3671796135441232,0
5306.000000028871,6513.8770842611912,-1874.1788927162611,0,2.1203834853829866,7.3695832606793692,0
5306.9999999483116,6515.9932984443303,-1866.8081115623013,0,2.1120444294401586,7.3719774748191718,0
5307.9999998677522,6518.1011722189396,-1859.4349409119768,0,2.1037026701008461,7.3743622528989592,0
5309.0000001015142,6520.2007028869593,-1852.0593902028747,0,2.0953582180424202,7.3767375918662399,0
5310.0000000209548,6522.2918877610109,-1844.6814688756288,0,2.0870110839456983,7.3791034886806024,0
5310.9999999403954,6524.3747241643996,-1837.3011863739073,0,2.0786612784949332,7.3814599403137207,0
5311.999999859836,6526.4492094311117,-1829.9185521444006,0,2.0703088123777946,7.3838069437493612,0
5313.0000000935979,6528.5153409058303,-1822.5335756368092,0,2.0619536962853582,7.3861444959833795,0
5314.0000000130385,6530.5731159439229,-1815.1462663038319,0,2.0535959409120919,7.3884725940237335,0
5314.9999999324791,6532.6225319114592,-1807.756633601153,0,2.0452355569558422,7.3907912348904787,0
5315.9999998519197,6534.6635861852064,-1800.3646869874317,0,2.0368725551178199,7.3931004156157787,0
5317.0000000856817,6536.6962761526347,-1792.9704359242876,0,2.0285069461025871,7.3954001332439026,0
5318.0000000051223,6538.7205992119225,-1785.5738898762907,0,2.0201387406180418,7.3976903848312379,0
5318.9999999245629,6540.7365527719539,-1778.175058310949,0,2.0117679493754062,7.3999711674462816,0
5319.9999998440035,6542.7441342523271,-1770.7739506986954,0,2.0033945830892126,7.4022424781696525,0
5321.0000000777654,6544.7433410833564,-1763.3705765128764,0,1.9950186524772899,7.4045043140940967,0
5321.999999997206,6546.7341707060796,-1755.9649452297388,0,1.9866401682607471,7.4067566723244864,0
5322.9999999166466,6548.7166205722524,-1748.5570663284198,0,1.9782591411639638,7.408999549977823,0
5324.0000001504086,6550.6906881443574,-1741.1469492909325,0,1.9698755819145737,7.4112329441832472,0
5325.0000000698492,6552.6563708956082,-1733.7346036021552,0,1.9614895012434519,7.4134568520820343,0
5325.9999999892898,6554.6136663099487,-1726.3200387498193,0,1.9531009098847003,7.4156712708276062,0
5326.9999999087304,6556.5625718820593,-1718.9032642244958,0,1.9447098185756353,7.4178761975855254,0
5328.0000001424924,6558.5030851173615,-1711.484289519585,0,1.9363162380567722,7.420071629533509,0
5329.000000061933,6560.435203532018,-1704.0631241313024,0,1.9279201790718132,7.4222575638614225,0
5329.9999999813735,6562.3589246529327,-1696.6397775586679,0,1.9195216523676331,7.4244339977712936,0
5330.9999999008141,6564.2742460177633,-1689.2142593034946,0,1.9111206686942646,7.4266009284773062,0
5332.0000001345761,6566.1811651749149,-1681.786578870373,0,1.9027172388048863,7.4287583532058115,0
5333.0000000540167,6568.079679683553,-1674.3567457666629,0,1.894311373455807,7.4309062691953258,0
5333.9999999734573,6569.9697871135932,-1666.9247695024787,0,1.8859030834064534,7.4330446736965374,0
5334.9999998928979,6571.8514850457186,-1659.4906595906784,0,1.8774923794193554,7.4351735639723078,0
5336.0000001266599,6573.7247710713746,-1652.0544255468506,0,1.8690792722601333,7.4372929372976797,0
5337.0000000461005,6575.5896427927728,-1644.6160768893039,0,1.8606637726974822,7.4394027909598757,0
5337.9999999655411,6577.4460978228935,-1637.1756231390523,0,1.8522458915031614,7.4415031222583039,0
5338.9999998849817,6579.2941337854936,-1629.7330738198043,0,1.8438256394519772,7.4435939285045585,0
5340.0000001187436,6581.1337483151055,-1622.288438457952,0,1.8354030273217703,7.445675207022429,0
5341.0000000381842,6582.9649390570394,-1614.8417265825565,0,1.8269780658934034,7.447746955147899,0
5341.9999999576248,6584.7877036673881,-1607.3929477253375,0,1.8185507659507461,7.4498091702291509,0
5342.9999998770654,6586.6020398130313,-1599.9421114206598,0,1.8101211382806608,7.4518618496265701,0
5344.0000001108274,6588.4079451716379,-1592.4892272055215,0,1.8016891936729893,7.4539049907127453,0
5345.000000030268,6590.2054174316636,-1585.0343046195433,0,1.7932549429205398,7.4559385908724769,0
5345.9999999497086,6591.9944542923631,-1577.5773532049532,0,1.7848183968190712,7.4579626475027734,0
5346.9999998691492,6593.7750534637853,-1570.1183825065777,0,1.7763795661672812,7.4599771580128653,0
5348.0000001029111,6595.547212666781,-1562.6574020718274,0,1.7679384617667919,7.4619821198241976,0
5349.0000000223517,6597.310929633004,-1555.1944214506848,0,1.7594950944221357,7.463977530370439,0
5349.9999999417923,6599.0662021049147,-1547.7294501956933,0,1.7510494749407413,7.4659633870974833,0
5350.9999998612329,6600.8130278357785,-1540.2624978619438,0,1.7426016141329193,7.4679396874634509,0
5352.0000000949949,6602.5514045896762,-1532.7935740070634,0,1.7341515228118505,7.4699064289386978,0
5353.0000000144355,6604.2813301415035,-1525.3226881912028,0,1.7256992117935706,7.4718636090058155,0
5353.9999999338761,6606.0028022769702,-1517.8498499770235,0,1.7172446918969555,7.47381122515963,0
5354.9999998533167,6607.7158187926098,-1510.375068929686,0,1.7087879739437097,7.4757492749072121,0
5356.0000000870787,6609.4203774957796,-1502.8983546168383,0,1.7003290687583503,7.4776777557678784,0
5357.0000000065193,6611.1164762046583,-1495.4197166086024,0,1.6918679871681941,7.4795966652731893,0
5357.9999999259599,6612.8041127482566,-1487.9391644775626,0,1.6834047400033438,7.4815060009669603,0
5358.9999998454005,6614.4832849664172,-1480.4567077987533,0,1.6749393380966742,7.4834057604052608,0
5360.0000000791624,6616.153990709814,-1472.9723561496476,0,1.6664717922838179,7.4852959411564175,0
5360.999999998603,6617.8162278399614,-1465.4861191101427,0,1.6580021134031522,7.4871765408010154,0
5361.9999999180436,6619.4699942292118,-1457.99800626255,0,1.6495303122957843,7.489047556931907,0
5363.0000001518056,6621.1152877607574,-1450.5080271915815,0,1.6410563998055374,7.4909089871542083,0
5364.0000000712462,6622.7521063286431,-1443.0161914843388,0,1.6325803867789381,7.4927608290853058,0
5364.9999999906868,6624.3804478377533,-1435.5225087302986,0,1.6241022840652011,7.4946030803548638,0
5365.9999999101274,6626.0003102038272,-1428.0269885213022,0,1.6156221025162161,7.4964357386048128,0
5367.0000001438893,6627.6116913534579,-1420.5296404515439,0,1.6071398529865337,7.4982588014893707,0
5368.0000000633299,6629.2145892240924,-1413.0304741175564,0,1.5986555463333514,7.5000722666750352,0
5368.9999999827705,6630.809001764037,-1405.5294991182004,0,1.590169193416499,7.5018761318405867,0
5369.9999999022111,6632.3949269324567,-1398.0267250546515,0,1.5816808050984277,7.5036703946770977,0
5371.0000001359731,6633.9723626993855,-1390.5221615303883,0,1.5731903922441914,7.5054550528879282,0
5372.0000000554137,6635.5413070457216,-1383.0158181511795,0,1.5646979657214377,7.5072301041887322,0
5372.9999999748543,6637.1017579632298,-1375.5077045250716,0,1.5562035364003897,7.5089955463074611,0
5373.9999998942949,6638.6537134545479,-1367.9978302623783,0,1.5477071151538357,7.5107513769843663,0
5375.0000001280569,6640.1971715331874,-1360.4862049756662,0,1.5392087128571121,7.5124975939720011,0
5376.0000000474975,6641.7321302235378,-1352.9728382797425,0,1.5307083403880928,7.5142341950352245,0
5376.999999966938,6643.2585875608665,-1345.4577397916451,0,1.5222060086271718,7.5159611779512039,0
5377.9999998863786,6644.7765415913218,-1337.9409191306261,0,1.5137017284572518,7.5176785405094178,0
5379.0000001201406,6646.2859903719391,-1330.4223859181445,0,1.5051955107637296,7.5193862805116609,0
5380.0000000395812,6647.7869319706369,-1322.9021497778499,0,1.4966873664344817,7.5210843957720428,0
5380.9999999590218,6649.2793644662261,-1315.3802203355719,0,1.4881773063598505,7.5227728841169892,0
5381.9999998784624,6650.7632859484056,-1307.8566072193078,0,1.4796653414326302,7.5244517433852529,0
5383.0000001122244,6652.2386945177732,-1300.3313200592099,0,1.4711514825480549,7.5261209714279094,0
5384.000000031665,6653.7055882858176,-1292.8043684875729,0,1.4626357406037809,7.5277805661083628,0
5384.9999999511056,6655.1639653749289,-1285.2757621388223,0,1.4541181264998759,7.5294305253023488,0
5385.9999998705462,6656.6138239183992,-1277.7455106495013,0,1.4455986511388041,7.5310708468979355,0
5387.0000001043081,6658.0551620604238,-1270.2136236582596,0,1.4370773254254114,7.5327015287955277,0
5388.0000000237487,6659.4879779561034,-1262.6801108058391,0,1.4285541602669127,7.5343225689078661,0
5388.9999999431893,6660.9122697714465,-1255.144981735064,0,1.420029166572877,7.5359339651600372,0
5389.9999998626299,6662.3280356833748,-1247.6082460908265,0,1.4115023552552139,7.5375357154894687,0
5391.0000000963919,6663.7352738797199,-1240.0699135200762,0,1.4029737372281599,7.5391278178459338,0
5392.0000000158325,6665.1339825592322,-1232.5299936718052,0,1.3944433234082636,7.5407102701915587,0
5392.9999999352731,6666.5241599315768,-1224.9884961970388,0,1.3859111247143721,7.5422830705008206,0
5393.9999998547137,6667.9058042173419,-1217.4454307488202,0,1.3773771520676179,7.5438462167605485,0
5395.0000000884756,6669.2789136480351,-1209.9008069822012,0,1.3688414163914031,7.5453997069699303,0
5396.0000000079162,6670.6434864660905,-1202.3546345542265,0,1.3603039286113872,7.5469435391405151,0
5396.9999999273568,6671.9995209248682,-1194.8069231239251,0,1.3517646996554717,7.5484777112962123,0
5397.9999998467974,6673.3470152886539,-1187.2576823522938,0,1.3432237404537881,7.5500022214732949,0
5399.0000000805594,6674.68596783267,-1179.7069219022881,0,1.3346810619386813,7.5515170677204058,0
5400,6676.0163768430721,-1172.1546514388087,0,1.3261366750446972,7.5530222480985545,0
5400.9999999194406,6677.3382406169476,-1164.6008806286889,0,1.3175905907085688,7.5545177606811267,0
5402.0000001532026,6678.6515574623218,-1157.0456191406827,0,1.3090428198692012,7.5560036035538802,0
5403.0000000726432,6679.9563256981655,-1149.4888766454515,0,1.3004933734676587,7.5574797748149498,0
5403.9999999920838,6681.2525436543856,-1141.930662815553,0,1.2919422624471506,7.5589462725748522,0
5404.9999999115244,6682.5402096718362,-1134.3709873254281,0,1.283389497753016,7.5604030949564827,0
5406.0000001452863,6683.8193221023166,-1126.8098598513882,0,1.274835090332711,7.561850240095124,0
5407.0000000647269,6685.0898793085771,-1119.2472900716029,0,1.2662790511357951,7.5632877061384445,0
5407.9999999841675,6686.3518796643148,-1111.6832876660894,0,1.2577213911139156,7.5647154912465,0
5408.9999999036081,6687.6053215541815,-1104.1178623166975,0,1.2491621212207951,7.56613359359174,0
5410.0000001373701,6688.850203373785,-1096.5510237070985,0,1.2406012524122156,7.5675420113590075,0
5411.0000000568107,6690.0865235296887,-1088.9827815227729,0,1.2320387956460075,7.568940742745542,0
5411.9999999762513,6691.314280439412,-1081.4131454509975,0,1.2234747618820327,7.5703297859609782,0
5412.9999998956919,6692.5334725314406,-1073.8421251808338,0,1.2149091620821713,7.571709139227357,0
5414.0000001294538,6693.7440982452199,-1066.2697304031144,0,1.2063420072103084,7.5730788007791183,0
5415.0000000488944,6694.9461560311593,-1058.6959708104314,0,1.1977733082323196,7.5744387688631098,0
5415.999999968335,6696.1396443506374,-1051.1208560971243,0,1.1892030761160575,7.5757890417385827,0
5416.9999998877756,6697.3245616760032,-1043.5443959592667,0,1.1806313218313356,7.5771296176772038,0
5418.0000001215376,6698.5009064905689,-1035.9666000946545,0,1.172058056349917,7.5784604949630463,0
5419.0000000409782,6699.6686772886287,-1028.3874782027931,0,1.163483290645499,7.5797816718926017,0
5419.9999999604188,6700.8278725754444,-1020.8070399848854,0,1.154907035693699,7.5810931467747773,0
5420.9999998798594,6701.9784908672591,-1013.2252951438192,0,1.1463293024720398,7.5823949179308947,0
5422.0000001136214,6703.1205306912907,-1005.6422533841546,0,1.1377501019599376,7.5836869836947018,0
5423.000000033062,6704.253990585742,-998.05792441211213,0,1.1291694451386864,7.5849693424123661,0
5423.9999999525025,6705.3788690997926,-990.4723179355592,0,1.1205873429914439,7.5862419924424813,0
5424.9999998719431,6706.4951647936105,-982.88544366399947,0,1.1120038065032181,7.587504932156067,0
5426.0000001057051,6707.6028762383467,-975.29731130855839,0,1.1034188466608528,7.5887581599365737,0
5427.0000000251457,6708.7020020161435,-967.70793058197228,0,1.0948324744530138,7.590001674179879,0
5427.9999999445863,6709.7925407201292,-960.11731119857495,0,1.0862447008701748,7.5912354732942999,0
5428.9999998640269,6710.874490954423,-952.52546287428629,0,1.0776555369046026,7.5924595557005849,0
5430.0000000977889,6711.947851334141,-944.93239532659891,0,1.0690649935503451,7.5936739198319199,0
5431.0000000172295,6713.0126204853941,-937.33811827456577,0,1.0604730818032142,7.5948785641339303,0
5431.9999999366701,6714.0687970452855,-929.74264143878838,0,1.0518798126607736,7.5960734870646833,0
5432.9999998561107,6715.1163796619185,-922.14597454140358,0,1.0432851971223254,7.5972586870946879,0
5434.0000000898726,6716.1553669943969,-914.54812730607182,0,1.0346892461888948,7.5984341627069014,0
5435.0000000093132,6717.1857577128312,-906.94910945796414,0,1.0260919708632157,7.5995999123967239,0
5435.9999999287538,6718.2075504983295,-899.34893072375007,0,1.0174933821497174,7.6007559346720095,0
5436.9999998481944,6719.2207440430047,-891.74760083158515,0,1.0088934910545109,7.6019022280530608,0
5438.0000000819564,6720.2253370499802,-884.14512951109805,0,1.0002923085853734,7.603038791072632,0
5439.000000001397,6721.2213282333869,-876.54152649337868,0,0.99168984575173569,7.604165622275934,0
5439.9999999208376,6722.208716318366,-868.93680151096567,0,0.9830861135646668,7.6052827202206332,0
5441.0000001545995,6723.187500041071,-861.33096429783348,0,0.97448112303686119,7.606390083476855,0
5442.0000000740401,6724.1576781486665,-853.72402458938063,0,0.96587488518262365,7.6074877106271872,0
5442.9999999934807,6725.1192493993349,-846.11599212241606,0,0.9572674110178554,7.6085756002666756,0
5443.9999999129213,6726.0722125622715,-838.5068766351485,0,0.94865871156004056,7.6096537510028321,0
5445.0000001466833,6727.0165664176966,-830.89668786717186,0,0.94004879782823114,7.6107221614556346,0
5446.0000000661239,6727.9523097568444,-823.28543555945453,0,0.93143768084303391,7.6117808302575281,0
5446.9999999855645,6728.8794413819733,-815.67312945432582,0,0.92282537162659528,7.6128297560534257,0
5447.9999999050051,6729.7979601063626,-808.0597792954643,0,0.91421188120258778,7.6138689375007145,0
5449.0000001387671,6730.7078647543167,-800.44539482788446,0,0.9055972205961963,7.6148983732692503,0
5450.0000000582077,6731.6091541611686,-792.82998579792479,0,0.89698140083410305,7.6159180620413673,0
5450.9999999776483,6732.5018271732761,-785.21356195323551,0,0.88836443294447431,7.6169280025118713,0
5451.9999998970889,6733.3858826480255,-777.5961330427657,0,0.87974632795694574,7.6179281933880505,0
5453.0000001308508,6734.2613194538335,-769.97770881675103,0,0.87112709690260859,7.6189186333896677,0
5454.0000000502914,6735.1281364701517,-762.35829902670071,0,0.86250675081399519,7.6198993212489698,0
5454.999999969732,6735.9863325874612,-754.73791342538573,0,0.85388530072506563,7.6208702557106882,0
5455.9999998891726,6736.8359067072788,-747.11656176682618,0,0.84526275767119263,7.6218314355320347,0
5457.0000001229346,6737.6768577421599,-739.49425380627861,0,0.83663913268914825,7.622782859482709,0
5458.0000000423752,6738.5091846156929,-731.87099930022373,0,0.82801443681708897,7.6237245263448949,0
5458.9999999618158,6739.3328862625094,-724.2468080063536,0,0.81938868109454266,7.6246564349132715,0
5459.9999998812564,6740.1479616282777,-716.62168968355945,0,0.81076187656239285,7.6255785839950034,0
5461.0000001150183,6740.9544096697127,-708.99565409191916,0,0.80213403426286656,7.6264909724097478,0
5462.0000000344589,6741.7522293545635,-701.3687109926849,0,0.79350516523951842,7.6273935989896584,0
5462.9999999538995,6742.5414196616321,-693.74087014827001,0,0.78487528053721778,7.6282864625793785,0
5463.9999998733401,6743.3219795807618,-686.11214132223733,0,0.7762443912021334,7.6291695620360542,0
5465.0000001071021,6744.0939081128408,-678.48253427928603,0,0.76761250828172045,7.6300428962293267,0
5466.0000000265427,6744.8572042698115,-670.85205878523948,0,0.75897964282470576,7.6309064640413364,0
5466.9999999459833,6745.6118670746609,-663.22072460703259,0,0.7503458058810738,7.6317602643667248,0
5467.9999998654239,6746.3578955614284,-655.58854151269952,0,0.74171100850205252,7.6326042961126346,0
5469.0000000991859,6747.0952887752037,-647.9555192713608,0,0.73307526174009929,7.6334385581987139,0
5470.0000000186265,6747.8240457721322,-640.32166765321131,0,0.72443857664888667,7.6342630495571155,0
5470.999999938067,6748.5441656194098,-632.68699642950776,0,0.71580096428328799,7.635077769132498,0
5471.9999998575076,6749.2556473952927,-625.05151537255517,0,0.70716243569936377,7.6358827158820288,0
5473.0000000912696,6749.9584901890876,-617.41523425569585,0,0.69852300195434736,7.6366778887753828,0
5474.0000000107102,6750.6526931011667,-609.77816285329584,0,0.6898826741066304,7.6374632867947483,0
5474.9999999301508,6751.3382552429539,-602.14031094073289,0,0.6812414632157493,7.638238908934821,0
5475.9999998495914,6752.0151757369367,-594.50168829438383,0,0.67259938034237043,7.6390047542028157,0
5477.0000000833534,6752.6834537166642,-586.86230469161171,0,0.66395643654827652,7.639760821618454,0
5478.000000002794,6753.3430883267474,-579.22216991075391,0,0.65531264289635238,7.6405071102139779,0
5478.9999999222346,6753.9940787228579,-571.58129373110899,0,0.6466680104505701,7.641243619034146,0
5480.0000001559965,6754.6364240717376,-563.93968593292493,0,0.6380225502759761,7.6419703471362332,0
5481.0000000754371,6755.2701235511886,-556.29735629738593,0,0.62937627343867575,7.6426872935900372,0
5481.9999999948777,6755.8951763500827,-548.65431460660022,0,0.62072919100582014,7.6433944574778714,0
5482.9999999143183,6756.5115816683583,-541.01057064358747,0,0.61208131404559118,7.6440918378945719,0
5484.0000001480803,6757.1193387170215,-533.36613419226592,0,0.60343265362718779,7.644779433947499,0
5485.0000000675209,6757.7184467181505,-525.72101503744045,0,0.59478322082081214,7.6454572447565363,0
5485.9999999869615,6758.3089049048931,-518.0752229647901,0,0.58613302669765444,7.6461252694540942,0
5486.9999999064021,6758.8907125214655,-510.42876776085461,0,0.57748208232987985,7.6467835071851047,0
5488.000000140164,6759.4638688231607,-502.78165921302303,0,0.56883039879061381,7.6474319571070328,0
5489.0000000596046,6760.0283730763458,-495.13390710952046,0,0.56017798715392753,7.6480706183898661,0
5489.9999999790452,6760.5842245584599,-487.48552123939572,0,0.55152485849482424,7.6486994902161269,0
5490.9999998984858,6761.1314225580199,-479.83651139250895,0,0.54287102388922548,7.6493185717808645,0
5492.0000001322478,6761.6699663746149,-472.18688735951878,0,0.5342164944139558,7.6499278622916593,0
5493.0000000516884,6762.1998553189169,-464.53665893187025,0,0.52556128114672929,7.6505273609686268,0
5493.999999971129,6762.7210887126712,-456.885835901782,0,0.51690539516613565,7.6511170670444137,0
5494.9999998905696,6763.2336658887034,-449.23442806223363,0,0.50824884755162547,7.6516969797642025,0
5496.0000001243316,6763.7375861909222,-441.58244520695325,0,0.49959164938349598,7.6522670983857104,0
5497.0000000437722,6764.2328489743131,-433.92989713040498,0,0.49093381174287726,7.6528274221791905,0
5497.9999999632128,6764.7194536049437,-426.27679362777673,0,0.48227534571171782,7.6533779504274326,0
5498.9999998826534,6765.1973994599666,-418.62314449496688,0,0.47361626237277066,7.6539186824257683,0
5500.0000001164153,6765.6666859276147,-410.96895952857261,0,0.46495657280957892,7.6544496174820642,0
5501.0000000358559,6766.1273124072059,-403.31424852587679,0,0.45629628810646172,7.6549707549167296,0
5501.9999999552965,6766.5792783091438,-395.65902128483549,0,0.44763541934849993,7.6554820940627142,0
5502.9999998747371,6767.0225830549152,-388.0032876040658,0,0.4389739776215219,7.6559836342655077,0
5504.0000001084991,6767.4572260770919,-380.34705728283296,0,0.43031197401208932,7.6564753748831427,0
5505.0000000279397,6767.8832068193396,-372.69034012103788,0,0.42164941960748331,7.6569573152861974,0
5505.9999999473803,6768.3005247364044,-365.03314591920451,0,0.41298632549568992,7.6574294548577919,0
5506.9999998668209,6768.7091792941228,-357.37548447846768,0,0.4043227027653859,7.6578917929935937,0
5508.0000001005828,6769.1091699694234,-349.71736560055996,0,0.39565856250592479,7.6583443291018121,0
5509.0000000200234,6769.5004962503217,-342.0587990877998,0,0.38699391580732251,7.6587870626032064,0
5509.999999939464,6769.8831576359216,-334.39979474307825,0,0.37832877376024321,7.6592199929310834,0
5510.9999998589046,6770.2571536364221,-326.74036236984699,0,0.36966314745598505,7.6596431195312924,0
5512.0000000926666,6770.6224837731115,-319.08051177210558,0,0.36099704798646615,7.6600564418622392,0
5513.0000000121072,6770.9791475783722,-311.4202527543888,0,0.35233048644421011,7.660459959394875,0
5513.9999999315478,6771.3271445956752,-303.75959512175422,0,0.34366347392233204,7.6608536716127,0
5514.9999998509884,6771.6664743795891,-296.09854867976981,0,0.33499602151452434,7.6612375780117663,0
5516.0000000847504,6771.9971364957746,-288.43712323450097,0,0.32632814031504248,7.6616116781006767,0
5517.000000004191,6772.3191305209866,-280.77532859249834,0,0.31765984141869058,7.6619759714005893,0
5517.9999999236315,6772.6324560430785,-273.11317456078496,0,0.30899113592080768,7.6623304574452105,0
5518.9999998430721,6772.9371126609931,-265.4506709468443,0,0.30032203491725318,7.662675135780801,0
5520.0000000768341,6773.2330999847763,-257.78782755860681,0,0.29165254950439262,7.6630100059661768,0
5520.9999999962747,6773.5204176355646,-250.12465420443829,0,0.28298269077908361,7.6633350675727065,0
5521.9999999157153,6773.7990652455946,-242.46116069312649,0,0.27431246983866164,7.663650320184316,0
5523.0000001494773,6774.0690424582035,-234.79735683386923,0,0.26564189778092595,7.6639557633974835,0
5524.0000000689179,6774.3303489278178,-227.13325243626144,0,0.25697098570412508,7.6642513968212462,0
5524.9999999883585,6774.5829843199708,-219.46885731028274,0,0.24829974470694274,7.6645372200771948,0
5525.9999999077991,6774.8269483112917,-211.80418126628504,0,0.23962818588848375,7.6648132327994789,0
5527.000000141561,6775.0622405895101,-204.13923411497956,0,0.23095632034825972,7.6650794346348023,0
5528.0000000610016,6775.2888608534495,-196.47402566742477,0,0.22228415918617475,7.6653358252424333,0
5528.9999999804422,6775.5068088130411,-188.80856573501347,0,0.21361171350251146,7.6655824042941925,0
5529.9999998998828,6775.7160841893137,-181.14286412946032,0,0.20493899439791671,7.6658191714744603,0
5531.0000001336448,6775.9166867143977,-173.47693066278947,0,0.19626601297338711,7.6660461264801771,0
5532.0000000530854,6776.1086161315216,-165.81077514732181,0,0.18759278033025525,7.6662632690208437,0
5532.999999972526,6776.2918721950191,-158.14440739566228,0,0.17891930757017518,7.6664705988185213,0
5533.9999998919666,6776.4664546703243,-150.47783722068766,0,0.17024560579510833,7.666668115607826,0
5535.0000001257285,6776.6323633339725,-142.81107443553384,0,0.16157168610730924,7.6668558191359422,0
5536.0000000451691,6776.7895979736013,-135.14412885358308,0,0.15289755960931137,7.6670337091626077,0
5536.9999999646097,6776.9381583879549,-127.47701028845182,0,0.14422323740391294,7.6672017854601258,0
5537.9999998840503,6777.0780443868762,-119.80972855397775,0,0.13554873059416261,7.6673600478133617,0
5539.0000001178123,6777.2092557913102,-112.14229346420751,0,0.12687405028334556,7.6675084960197406,0
5540.0000000372529,6777.3317924333096,-104.47471483338404,0,0.11819920757496863,7.6676471298892492,0
5540.9999999566935,6777.4456541560276,-96.807002475933942,0,0.10952421357274686,7.6677759492444402,0
5541.9999998761341,6777.550840813723,-89.139166206455045,0,0.10084907938058882,7.667894953920424,0
5543.0000001098961,6777.6473522717579,-81.47121583970376,0,0.092173816102582531,7.6680041437648754,0
5544.0000000293367,6777.7351884065993,-73.803161190582514,0,0.083498434842981292,7.6681035186380324,0
5544.9999999487773,6777.8143491058163,-66.135012074127303,0,0.074822946706189372,7.6681930784126973,0
5545.9999998682179,6777.8848342680858,-58.466778305494962,0,0.066147362796747822,7.6682728229742363,0
5547.0000001019798,6777.9466438031886,-50.798469699950708,0,0.05747169421932035,7.6683427522205729,0
5548.0000000214204,6777.9997776320051,-43.13009607285553,0,0.048795952078678984,7.6684028660622001,0
5548.999999940861,6778.044235686526,-35.461667239653664,0,0.040120147479689922,7.6684531644221732,0
5549.9999998603016,6778.0800179098451,-27.793193015860002,0,0.031444291527299321,7.6684936472361107,0
5551.0000000940636,6778.1071242561638,-20.124683217047529,0,0.022768395326519059,7.6685243144521937,0
5552.0000000135042,6778.1255546907851,-12.456147658834784,0,0.014092469982412531,7.6685451660311701,0
5552.9999999329448,6778.1353091901165,-4.7875961568732608,0,0.005416526600080445,7.6685562019463509,0
5553.9999998523854,6778.1363877416752,2.8809614731651361,0,-0.0032594237153534046,7.668557422183607,0
5555.0000000861473,6778.128790344078,10.549515415600654,0,-0.011935369858756357,7.6685488267413788,0
5556.0000000055879,6778.1125170070491,18.218055854758262,0,-0.020611300725001093,7.6685304156306673,0
5556.9999999250285,6778.0875677514205,25.886572974980211,0,-0.029287205208979837,7.6685021888750393,0
5557.9999998444691,6778.0539426091264,33.555056960638609,0,-0.037963072205618585,7.6684641465106269,0
5559.0000000782311,6778.0116416232058,41.223497996147955,0,-0.04663889060989132,7.6684162885861191,0
5559.9999999976717,6777.9606648478048,48.891886265977746,0,-0.05531464931683424,7.6683586151627772,0
5560.9999999171123,6777.901012348173,56.560211954665036,0,-0.063990337221559918,7.6682911263144211,0
5562.0000001508743,6777.8326842006654,64.228465246826929,0,-0.07266594321927157,7.668213822127437,0
5563.0000000703149,6777.7556804927408,71.896636327173226,0,-0.08134145620527726,7.6681267027007722,0
5563.9999999897555,6777.6700013229611,79.564715380518962,0,-0.090016865075004088,7.6680297681459413,0
5564.999999909196,6777.5756468009968,87.232692591796962,0,-0.098692158724012463,7.6679230185870182,0
5566.000000142958,6777.4726170476215,94.900558146070381,0,-0.10736732604801022,7.6678064541606412,0
5567.0000000623986,6777.3609121947111,102.56830222854533,0,-0.11604235594286695,7.6676800750160083,0
5567.9999999818392,6777.2405323852472,110.23591502458342,0,-0.12471723730462808,7.667543881314888,0
5568.9999999012798,6777.1114777733146,117.90338671971425,0,-0.13339195902952922,7.6673978732316055,0
5570.0000001350418,6776.9737485241012,125.57070749964805,0,-0.14206651001401027,7.6672420509530497,0
5571.0000000544824,6776.8273448139007,133.23786755028826,0,-0.15074087915472972,7.6670764146786725,0
5571.999999973923,6776.6722668301063,140.90485705774395,0,-0.1594150553485788,7.6669009646204849,0
5572.9999998933636,6776.5085147712171,148.57166620834263,0,-0.16808902749269566,7.6667157010030618,0
5574.0000001271255,6776.3360888468369,156.23828518864258,0,-0.17676278448447968,7.6665206240635397,0
5575.0000000465661,6776.1549892776675,163.9047041854455,0,-0.18543631522160567,7.666315734051615,0
5575.9999999660067,6775.9652162955126,171.57091338580901,0,-0.19410960860203796,7.6661010312295446,0
5576.9999998854473,6775.7667701432829,179.23690297705934,0,-0.20278265352404476,7.6658765158721467,0
5578.0000001192093,6775.5596510749856,186.90266314680386,0,-0.21145543888621229,7.6656421882667978,0
5579.0000000386499,6775.3438593557321,194.5681840829435,0,-0.22012795358745893,7.6653980487134357,0
5579.9999999580905,6775.1193952617323,202.23345597368547,0,-0.22880018652704967,7.6651440975245562,0
5580.9999998775311,6774.8862590802992,209.89846900755572,0,-0.23747212660460998,7.664880335025213,0
5582.000000111293,6774.6444511098443,217.56321337341154,0,-0.24614376272014024,7.6646067615530207,0
5583.0000000307336,6774.3939716598788,225.22767926045407,0,-0.25481508377403,7.6643233774581532,0
5583.9999999501742,6774.134821051015,232.89185685824106,0,-0.26348607866707202,7.6640301831033355,0
5584.9999998696148,6773.8669996149638,240.5557363566991,0,-0.27215673630047643,7.6637271788638559,0
5586.0000001033768,6773.5905076945319,248.21930794613638,0,-0.28082704557588511,7.663414365127557,0
5587.0000000228174,6773.3053456436292,255.88256181725524,0,-0.28949699539538598,7.6630917422948377,0
5587.999999942258,6773.0115138272577,263.54548816116466,0,-0.29816657466152702,7.6627593107786502,0
5588.9999998616986,6772.7090126215207,271.20807716939299,0,-0.30683577227733033,7.662417071004505,0
5590.0000000954606,6772.3978424136176,278.87031903390027,0,-0.31550457714630664,7.6620650234104648,0
5591.0000000149012,6772.0780036018423,286.53220394709069,0,-0.32417297817246943,7.6617031684471488,0
5591.9999999343418,6771.7494965955866,294.19372210182564,0,-0.33284096426034893,7.6613315065777261,0
5592.9999998537824,6771.4123218153327,301.85486369143587,0,-0.34150852431500678,7.660950038277921,0
5594.0000000875443,6771.0664796926649,309.51561890973403,0,-0.35017564724204964,7.6605587640360087,0
5595.0000000069849,6770.7119706702551,317.17597795102745,0,-0.35884232194764387,7.6601576843528161,0
5595.9999999264255,6770.3487952018722,324.83593101013025,0,-0.36750853733852945,7.6597467997417228,0
5596.9999998458661,6769.9769537523789,332.49546828237675,0,-0.37617428232203437,7.6593261107286557,0
5598.0000000796281,6769.5964467977274,340.15457996363295,0,-0.38483954580608876,7.6588956178520942,0
5598.9999999990687,6769.207274824963,347.81325625031008,0,-0.39350431669923891,7.6584553216630642,0
5599.9999999185093,6768.8094383322241,355.47148733937615,0,-0.40216858391066174,7.6580052227251407,0
5601.0000001522712,6768.4029378287332,363.12926342836931,0,-0.4108323363501788,7.6575453216144469,0
5602.0000000717118,6767.9877738348096,370.78657471541021,0,-0.41949556292827062,7.6570756189196496,0
5602.9999999911524,6767.5639468818599,378.4434113992142,0,-0.42815825255609086,7.6565961152419657,0
5603.999999910593,6767.1314575123779,386.09976367910429,0,-0.43682039414548041,7.656106811195154,0
5605.000000144355,6766.6903062799456,393.75562175502341,0,-0.44548197660898148,7.6556077074055198,0
5606.0000000637956,6766.2404937492311,401.41097582754725,0,-0.45414298885985227,7.6550988045119119,0
5606.9999999832362,6765.7820204959926,409.06581609789623,0,-0.46280341981208051,7.6545801031657188,0
5607.9999999026768,6765.3148871070689,416.72013276794894,0,-0.47146325838039838,7.6540516040308759,0
5609.0000001364388,6764.8390941803873,424.37391604025385,0,-0.48012249348029595,7.6535133077838529,0
5610.0000000558794,6764.3546423249581,432.02715611804217,0,-0.48878111402803598,7.6529652151136673,0
5610.99999997532,6763.861532160875,439.67984320524039,0,-0.49743910894066773,7.652407326721872,0
5611.9999998947605,6763.3597643193143,447.33196750648318,0,-0.50609646713604117,7.6518396433225586,0
5613.0000001285225,6762.849339442535,454.9835192271251,0,-0.51475317753282146,7.6512621656423558,0
5614.0000000479631,6762.3302581838743,462.63448857325375,0,-0.52340922905050291,7.6506748944204297,0
5614.9999999674037,6761.8025212077528,470.28486575170234,0,-0.53206461060942289,7.6500778304084811,0
5615.9999998868443,6761.2661291896675,477.93464097006193,0,-0.54071931113077676,7.6494709743707476,0
5617.0000001206063,6760.721082816196,485.58380443669404,0,-0.54937331953663138,7.6488543270839973,0
5618.0000000400469,6760.1673827849909,493.23234636074318,0,-0.55802662474993936,7.6482278893375346,0
5618.9999999594875,6759.605029804784,500.88025695214958,0,-0.56667921569455371,7.647591661933193,0
5619.9999998789281,6759.0340245953821,508.52752642166149,0,-0.57533108129524135,7.6469456456853369,0
5621.00000011269,6758.454367887668,516.17414498084781,0,-0.58398221047769794,7.646289841420864,0
5622.0000000321306,6757.866060423592,523.82010284211049,0,-0.59263259216856157,7.6456242499791944,0
5622.9999999515712,6757.2691029561847,531.46539021869739,0,-0.60128221529542714,7.6449488722122778,0
5623.9999998710118,6756.6634962495473,539.10999732471441,0,-0.60993106878686076,7.6442637089845924,0
5625.0000001047738,6756.0492410788474,546.75391437513849,0,-0.61857914157241334,7.6435687611731398,0
5626.0000000242144,6755.4263382303279,554.39713158582924,0,-0.62722642258263506,7.6428640296674484,0
5626.999999943655,6754.7947885012954,562.03963917354258,0,-0.63587290074908986,7.6421495153695673,0
5627.9999998630956,6754.1545927001307,569.68142735594256,0,-0.64451856500436888,7.6414252191940664,0
5629.0000000968575,6753.5057516462784,577.32248635161386,0,-0.65316340428210562,7.6406911420680386,0
5630.0000000162981,6752.8482661702465,584.96280638007499,0,-0.66180740751698919,7.639947284931095,0
5630.9999999357387,6752.182137113613,592.60237766178966,0,-0.67045056364477862,7.6391936487353655,0
5631.9999998551793,6751.5073653290137,600.24119041818074,0,-0.67909286160231752,7.6384302344454991,0
5633.0000000889413,6750.8239516801514,607.87923487164164,0,-0.6877342903275484,7.6376570430386579,0
5634.0000000083819,6750.1318970417888,615.51650124554908,0,-0.69637483875952544,7.6368740755045188,0
5634.9999999278225,6749.4312022997492,623.15297976427587,0,-0.70501449583843023,7.636081332845273,0
5635.9999998472631,6748.7218683509154,630.7886606532029,0,-0.71365325050558492,7.6352788160756244,0
5637.0000000810251,6748.0038961032287,638.42353413873252,0,-0.72229109170346717,7.6344665262227842,0
5638.0000000004657,6747.2772864756853,646.05759044830052,0,-0.73092800837572336,7.6336444643264771,0
5638.9999999199063,6746.5420403983389,653.69081981038835,0,-0.7395639894671836,7.6328126314389353,0
5640.0000001536682,6745.7981588122957,661.32321245453602,0,-0.74819902392387561,7.6319710286248954,0
5641.0000000731088,6745.0456426697183,668.95475861135469,0,-0.75683310069303844,7.6311196569616007,0
5641.9999999925494,6744.2844929338207,676.58544851253919,0,-0.76546620872313709,7.6302585175387989,0
5642.99999991199,6743.5147105788683,684.2152723908797,0,-0.77409833696387675,7.6293876114587409,0
5644.000000145752,6742.7362965901739,691.84422048027568,0,-0.78272947436621654,7.6285069398361784,0
5645.0000000651926,6741.9492519640999,699.47228301574705,0,-0.79135960988238419,7.6276165037983628,0
5645.9999999846332,6741.1535777080544,707.09945023344721,0,-0.79998873246588886,7.6267163044850417,0
5646.9999999040738,6740.3492748404942,714.72571237067586,0,-0.80861683107153748,7.6258063430484624,0
5648.0000001378357,6739.53634439092,722.35105966589128,0,-0.817243894655447,7.6248866206533688,0
5649.0000000572763,6738.7147873998729,729.97548235872216,0,-0.82586991217505923,7.6239571384769933,0
5649.9999999767169,6737.8846049189406,737.59897068998134,0,-0.83449487258915511,7.6230178977090661,0
5650.9999998961575,6737.045798010744,745.2215149016771,0,-0.84311876485786841,7.622068899551806,0
5652.0000001299195,6736.1983677489525,752.84310523702675,0,-0.85174157794270022,7.6211101452199221,0
5653.0000000493601,6735.3423152182668,760.46373194046771,0,-0.86036330080653334,7.6201416359406098,0
5653.9999999688007,6734.4776415144252,768.08338525767181,0,-0.86898392241364553,7.6191633729535519,0
5654.9999998882413,6733.6043477442026,775.70205543555608,0,-0.87760343172972433,7.6181753575109141,0
5656.0000001220033,6732.7224350254064,783.31973272229652,0,-0.88622181772188102,7.6171775908773487,0
5657.0000000414439,6731.8319044868767,790.93640736733948,0,-0.89483906935866464,7.6161700743299887,0
5657.9999999608845,6730.9327572684842,798.55206962141494,0,-0.90345517561007638,7.6151528091584426,0
5658.999999880325,6730.0249945211281,806.1667097365488,0,-0.91207012544758337,7.6141257966648004,0
5660.000000114087,6729.1086174067359,813.78031796607524,0,-0.92068390784413279,7.6130890381636283,0
5661.0000000335276,6728.1836270982631,821.39288456464919,0,-0.9292965117741665,7.6120425349819669,0
5661.9999999529682,6727.2500247796861,829.00439978825875,0,-0.93790792621363461,7.6109862884593324,0
5662.9999998724088,6726.3078116460074,836.61485389423797,0,-0.94651814014000968,7.6099202999477082,0
5664.0000001061708,6725.3569889032506,844.2242371412791,0,-0.95512714253230091,7.6088445708115504,0
5665.0000000256114,6724.3975577684596,851.83253978944492,0,-0.96373492237106861,7.6077591024277815,0
5665.999999945052,6723.4295194696979,859.43975210018164,0,-0.9723414686384374,7.6066638961857906,0
5666.9999998644926,6722.4528752460456,867.04586433633085,0,-0.98094677031811117,7.6055589534874306,0
5668.0000000982545,6721.4676263475958,874.65086676214241,0,-0.989550816395387,7.6044442757470181,0
5669.0000000176951,6720.4737740354603,882.25474964328646,0,-0.99815359585716878,7.6033198643913282,0
5669.9999999371357,6719.4713195817585,889.85750324686649,0,-1.0067550976919819,7.6021857208595982,0
5670.9999998565763,6718.4602642696227,897.45911784143095,0,-1.0153553108899869,7.601041846603521,0
5672.0000000903383,6717.4406093931948,905.05958369698681,0,-1.023954224442994,7.5998882430872436,0
5673.0000000097789,6716.4123562576224,912.65889108501096,0,-1.0325518273444765,7.5987249117873672,0
5673.9999999292195,6715.3755061790589,920.25703027846339,0,-1.041148108589586,7.5975518541929468,0
5674.9999998486601,6714.3300604846636,927.85399155179914,0,-1.0497430571751656,7.5963690718054844,0
5676.000000082422,6713.276020512596,935.44976518098122,0,-1.0583366620997641,7.5951765661389281,0
5677.0000000018626,6712.2133876120179,943.04434144349261,0,-1.0669289123636503,7.5939743387196739,0
5677.9999999213032,6711.1421631430867,950.63771061834905,0,-1.0755197969688262,7.5927623910865609,0
5679.0000001550652,6710.0623484769631,958.22986298611136,0,-1.0841093049190429,7.5915407247908719,0
5680.0000000745058,6708.973944995797,965.82078882889755,0,-1.0926974252198127,7.5903093413963276,0
5680.9999999939464,6707.8769540927342,973.4104784303961,0,-1.1012841468784251,7.5890682424790867,0
5681.999999913387,6706.7713771719164,980.99892207587743,0,-1.1098694589039593,7.5878174296277452,0
5683.000000147149,6705.6572156484681,988.58611005220689,0,-1.1184533503072982,7.586556904443329,0
5684.0000000665896,6704.5344709485053,996.17203264785746,0,-1.1270358101011433,7.5852866685393003,0
5684.9999999860302,6703.4031445091305,1003.7566801529208,0,-1.13561682730003,7.5840067235415471,0
5685.9999999054708,6702.2632377784312,1011.3400428591218,0,-1.1441963909203381,7.5827170710883873,0
5687.0000001392327,6701.114752215477,1018.9221110598291,0,-1.1527744899803094,7.5814177128305644,0
5688.0000000586733,6699.9576892903178,1026.502875050069,0,-1.1613511135000598,7.580108650431244,0
5688.9999999781139,6698.7920504839822,1034.0823251265363,0,-1.1699262505015944,7.578789885566013,0
5689.9999998975545,6697.6178372884797,1041.6604515876081,0,-1.1784998900088202,7.5774614199228756,0
5691.0000001313165,6696.4350512067886,1049.237244733356,0,-1.1870720210475614,7.5761232552022593,0
5692.0000000507571,6695.2436937528646,1056.8126948655577,0,-1.1956426326455731,7.5747753931170001,0
5692.9999999701977,6694.043766451633,1064.38679228771,0,-1.2042117138325557,7.5734178353923483,0
5693.9999998896383,6692.8352708389921,1071.9595273050415,0,-1.2127792536401669,7.5720505837659635,0
5695.0000001234002,6691.6182084618013,1079.5308902245242,0,-1.2213452411020389,7.5706736399879162,0
5696.0000000428408,6690.3925808778904,1087.100871354887,0,-1.2299096652537904,7.56928700582068,0
5696.9999999622814,6689.1583896560505,1094.6694610066272,0,-1.2384725151330414,7.5678906830391348,0
5697.999999881722,6687.9156363760349,1102.2366494920229,0,-1.2470337797794269,7.5664846734305593,0
5699.000000115484,6686.6643226285551,1109.8024271251459,0,-1.2555934482346105,7.5650689787946304,0
5700.0000000349246,6685.4044500152813,1117.3667842218738,0,-1.264151509542299,7.5636436009434274,0
5700.9999999543652,6684.1360201488378,1124.9297110999023,0,-1.2727079527482568,7.5622085417014162,0
5701.9999998738058,6682.8590346528035,1132.4911980787585,0,-1.2812627669003189,7.5607638029054609,0
5703.0000001075678,6681.5734951617042,1140.0512354798116,0,-1.2898159410484058,7.5593093864048146,0
5704.0000000270084,6680.2794033210221,1147.609813626287,0,-1.2983674642445373,7.5578452940611145,0
5704.999999946449,6678.97676078718,1155.1669228432777,0,-1.3069173255428459,7.5563715277483876,0
5705.9999998658895,6677.6655692275508,1162.7225534577562,0,-1.3154655139995919,7.5548880893530361,0
5707.0000000996515,6676.3458303204434,1170.2766957985891,0,-1.324012018673177,7.5533949807738479,0
5708.0000000190921,6675.0175457551122,1177.8293401965466,0,-1.3325568286241571,7.5518922039219891,0
5708.9999999385327,6673.6807172317485,1185.3804769843166,0,-1.3410999329152584,7.5503797607209986,0
5709.9999998579733,6672.3353464614793,1192.9300964965173,0,-1.3496413206113895,7.5488576531067881,0
5711.0000000917353,6670.9814351663672,1200.4781890697084,0,-1.3581809807796568,7.5473258830276428,0
5712.0000000111759,6669.6189850794062,1208.0247450424042,0,-1.3667189024893778,7.545784452444213,0
5712.9999999306165,6668.2479979445179,1215.5697547550863,0,-1.3752550748120951,7.5442333633295151,0
5713.9999998500571,6666.8684755165532,1223.1132085502147,0,-1.3837894868215901,7.5426726176689263,0
5715.000000083819,6665.4804195612869,1230.6550967722412,0,-1.3923221275938982,7.5411022174601881,0
5716.0000000032596,6664.0838318554188,1238.1954097676223,0,-1.4008529862073216,7.5395221647133983,0
5716.9999999227002,6662.6787141865643,1245.73413788483,0,-1.4093820517424436,7.5379324614510077,0
5718.0000001564622,6661.2650683532647,1253.2712714743645,0,-1.4179093132821421,7.5363331097078214,0
5719.0000000759028,6659.8428961649715,1260.8068008887678,0,-1.4264347599116047,7.5347241115309931,0
5719.9999999953434,6658.4121994420493,1268.3407164826349,0,-1.4349583807183433,7.5331054689800272,0
5720.999999914784,6656.9729800157775,1275.8730086126266,0,-1.443480164792204,7.5314771841267678,0
5722.000000148546,6655.5252397283439,1283.4036676374824,0,-1.4520001012253858,7.5298392590554064,0
5723.0000000679865,6654.0689804328404,1290.9326839180305,0,-1.4605181791124529,7.5281916958624695,0
5723.9999999874271,6652.6042039932672,1298.4600478172031,0,-1.4690343875503471,7.5265344966568231,0
5724.9999999068677,6651.1309122845232,1305.9857497000469,0,-1.4775487156384042,7.5248676635596654,0
5726.0000001406297,6649.6491071924056,1313.5097799337368,0,-1.4860611524783665,7.5231911987045281,0
5727.0000000600703,6648.1587906136128,1321.0321288875855,0,-1.4945716871743968,7.5215051042372689,0
5727.9999999795109,6646.6599644557355,1328.5527869330597,0,-1.5030803088330931,7.5198093823160734,0
5728.9999998989515,6645.1526306372562,1336.0717444437894,0,-1.5115870065635011,7.5181040351114472,0
5730.0000001327135,6643.636791087547,1343.5889917955819,0,-1.5200917694771305,7.5163890648062202,0
5731.0000000521541,6642.1124477468684,1351.1045193664334,0,-1.5285945866879667,7.5146644735955368,0
5731.9999999715947,6640.5796025663658,1358.6183175365404,0,-1.5370954473124856,7.5129302636868571,0
5732.9999998910353,6639.0382575080666,1366.1303766883143,0,-1.5455943404696679,7.5111864372999531,0
5734.0000001247972,6637.4884145448759,1373.6406872063915,0,-1.5540912552810118,7.5094329966669067,0
5735.0000000442378,6635.9300756605771,1381.1492394776474,0,-1.562586180870549,7.5076699440321049,0
5735.9999999636784,6634.3632428498331,1388.6560238912073,0,-1.5710791063648564,7.5058972816522367,0
5736.999999883119,6632.7879181181706,1396.1610308384597,0,-1.5795700208930719,7.5041150117962934,0
5738.000000116881,6631.2041034819922,1403.664250713068,0,-1.5880589135869059,7.5023231367455638,0
5739.0000000363216,6629.6118009685642,1411.1656739109833,0,-1.5965457735806581,7.5005216587936312,0
5739.9999999557622,6628.0110126160189,1418.6652908304563,0,-1.6050305900112301,7.4987105802463683,0
5740.9999998752028,6626.4017404733504,1426.16309187205,0,-1.6135133520181384,7.4968899034219403,0
5742.0000001089647,6624.7839866004115,1433.6590674386514,0,-1.6219940487435291,7.4950596306507933,0
5743.0000000284053,6623.1577530679097,1441.153207935484,0,-1.6304726693321931,7.4932197642756613,0
5743.9999999478459,6621.5230419574091,1448.6455037701196,0,-1.6389492029315773,7.4913703066515538,0
5744.9999998672865,6619.8798553613269,1456.1359453524929,0,-1.6474236386918004,7.4895112601457594,0
5746.0000001010485,6618.2281953829233,1463.6245230949103,0,-1.6558959657656671,7.4876426271378396,0
5747.0000000204891,6616.5680641363069,1471.1112274120651,0,-1.6643661733086801,7.4857644100196268,0
5747.9999999399297,6614.8994637464293,1478.5960487210475,0,-1.672834250479055,7.4838766111952202,0
5748.9999998593703,6613.2223963490851,1486.0789774413588,0,-1.681300186437735,7.4819792330809829,0
5750.0000000931323,6611.5368640909046,1493.5600039949222,0,-1.6897639703484046,7.4800722781055438,0
5751.0000000125729,6609.8428691293502,1501.0391188060967,0,-1.6982255913775013,7.4781557487097849,0
5751.9999999320135,6608.1404136327201,1508.5163123016866,0,-1.7066850386942318,7.4762296473468455,0
5752.999999851454,6606.4294997801426,1515.9915749109566,0,-1.7151423014705856,7.4742939764821177,0
5754.000000085216,6604.7101297615691,1523.4648970656428,0,-1.7235973688813477,7.4723487385932401,0
5755.0000000046566,6602.9823057777767,1530.9362691999652,0,-1.7320502301041134,7.4703939361700993,0
5755.9999999240972,6601.2460300403618,1538.4056817506389,0,-1.7405008743193024,7.4684295717148226,0
5756.9999998435378,6599.5013047717448,1545.8731251568888,0,-1.7489492907101714,7.4664556477417774,0
5758.0000000772998,6597.7481322051544,1553.338589860459,0,-1.7573954684628288,7.4644721667775711,0
5758.9999999967404,6595.9865145846361,1560.8020663056263,0,-1.7658393967662485,7.462479131361035,0
5759.999999916181,6594.2164541650427,1568.2635449392135,0,-1.7742810648122838,7.460476544043237,0
5761.0000001499429,6592.4379532120329,1575.7230162106002,0,-1.7827204617956811,7.4584644073874706,0
5762.0000000693835,6590.6510140020737,1583.1804705717345,0,-1.7911575769140937,7.4564427239692499,0
5762.9999999888241,6588.8556388224279,1590.6358984771471,0,-1.7995923993680962,7.454411496376312,0
5763.9999999082647,6587.0518299711584,1598.089290383962,0,-1.8080249183611965,7.4523707272086073,0
5765.0000001420267,6585.2395897571232,1605.5406367519099,0,-1.8164551230998522,7.4503204190783006,0
5766.0000000614673,6583.418920499973,1612.989928043339,0,-1.8248830027934826,7.4482605746097663,0
5766.9999999809079,6581.5898245301469,1620.4371547232286,0,-1.8333085466544827,7.4461911964395853,0
5767.9999999003485,6579.7523041888699,1627.8823072592004,0,-1.8417317438982379,7.4441122872165435,0
5769.0000001341105,6577.9063618281489,1635.325376121531,0,-1.8501525837431372,7.4420238496016227,0
5770.000000053551,6576.0519998107739,1642.7663517831641,0,-1.8585710554105865,7.4399258862680036,0
5770.9999999729916,6574.1892205103122,1650.2052247197223,0,-1.8669871481250233,7.4378183999010599,0
5771.9999998924322,6572.3180263111008,1657.6419854095204,0,-1.8754008511139306,7.435701393198352,0
5773.0000001261942,6570.438419608251,1665.0766243335765,0,-1.8838121536078496,7.4335748688696288,0
5774.0000000456348,6568.5504028076393,1672.5091319756245,0,-1.892221044840394,7.4314388296368215,0
5774.9999999650754,6566.6539783259113,1679.9394988221266,0,-1.9006275140482647,7.4292932782340388,0
5775.999999884516,6564.7491485904702,1687.3677153622846,0,-1.9090315504712616,7.4271382174075669,0
5777.000000118278,6562.8359160394812,1694.7937720880534,0,-1.9174331433522995,7.4249736499158612,0
5778.0000000377186,6560.9142831218624,1702.2176594941516,0,-1.9258322819374212,7.4227995785295491,0
5778.9999999571592,6558.9842522972867,1709.6393680780754,0,-1.9342289554758096,7.4206160060314197,0
5779.9999998765998,6557.0458260361747,1717.058888340109,0,-1.9426231532198039,7.4184229352164248,0
5781.0000001103617,6555.0990068196934,1724.4762107833383,0,-1.9510148644249119,7.4162203688916746,0
5782.0000000298023,6553.1437971397499,1731.8913259136623,0,-1.9594040783498246,7.4140083098764338,0
5782.9999999492429,6551.1801994990001,1739.3042242398046,0,-1.9677907842564286,7.411786761002114,0
5783.9999998686835,6549.2082164108251,1746.7148962733279,0,-1.9761749714098218,7.4095557251122779,0
5785.0000001024455,6547.227850399343,1754.1233325286428,0,-1.984556629078325,7.4073152050626287,0
5786.0000000218861,6545.2391039994063,1761.5295235230226,0,-1.9929357465334976,7.4050652037210121,0
5786.9999999413267,6543.2419797565899,1768.9334597766142,0,-2.0013123130501502,7.4028057239674077,0
5787.9999998607673,6541.2364802271932,1776.3351318124508,0,-2.0096863179063589,7.400536768693927,0
5789.0000000945292,6539.2226079782376,1783.7345301564635,0,-2.0180577503834769,7.3982583408048095,0
5790.0000000139698,6537.2003655874587,1791.1316453374936,0,-2.0264265997661539,7.3959704432164237,0
5790.9999999334104,6535.1697556433082,1798.5264678873059,0,-2.0347928553423404,7.3936730788572556,0
5791.999999852851,6533.1307807449457,1805.9189883405984,0,-2.0431565064033124,7.3913662506679092,0
5793.000000086613,6531.0834435022425,1813.3091972350155,0,-2.0515175422436753,7.3890499616011018,0
5794.0000000060536,6529.0277465357676,1820.6970851111626,0,-2.0598759521613856,7.3867242146216618,0
5794.9999999254942,6526.9636924767947,1828.0826425126136,0,-2.0682317254577591,7.3843890127065208,0
5795.9999998449348,6524.891283967293,1835.4658599859265,0,-2.0765848514374863,7.382044358844718,0
5797.0000000786968,6522.810523659924,1842.8467280806542,0,-2.0849353194086464,7.3796902560373878,0
5797.9999999981374,6520.7214142180428,1850.2252373493568,0,-2.0932831186827205,7.3773267072977564,0
5798.999999917578,6518.6239583156867,1857.6013783476139,0,-2.1016282385746075,7.3749537156511433,0
5800.0000001513399,6516.5181586375811,1864.9751416340362,0,-2.1099706684026334,7.3725712841349571,0
5801.0000000707805,6514.4040178791283,1872.3465177702774,0,-2.1183103974885693,7.3701794157986864,0
5801.9999999902211,6512.2815387464088,1879.7154973210472,0,-2.1266474151576413,7.3677781137038973,0
5802.9999999096617,6510.1507239561752,1887.0820708541235,0,-2.1349817107385487,7.3653673809242362,0
5804.0000001434237,6508.01157623585,1894.4462289403627,0,-2.1433132735634723,7.3629472205454167,0
5805.0000000628643,6505.8640983235218,1901.8079621537138,0,-2.1516420929680931,7.3605176356652207,0
5805.9999999823049,6503.7082929679409,1909.1672610712292,0,-2.1599681582916026,7.3580786293934937,0
5806.9999999017455,6501.5441629285178,1916.5241162730774,0,-2.1682914588767166,7.3556302048521385,0
5808.0000001355074,6499.3717109753197,1923.8785183425546,0,-2.1766119840696909,7.3531723651751175,0
5809.000000054948,6497.1909398890612,1931.2304578660974,0,-2.1849297232203342,7.3507051135084414,0
5809.9999999743886,6495.0018524611087,1938.5799254332942,0,-2.1932446656820206,7.3482284530101678,0
5810.9999998938292,6492.8044514934736,1945.9269116368971,0,-2.2015568008117032,7.3457423868503984,0
5812.0000001275912,6490.5987397988092,1953.2714070728352,0,-2.2098661179699302,7.343246918211273,0
5813.0000000470318,6488.3847202004026,1960.6134023402246,0,-2.2181726065208545,7.340742050286968,0
5813.9999999664724,6486.1623955321802,1967.9528880413823,0,-2.2264762558322522,7.3382277862836904,0
5814.999999885913,6483.9317686386958,1975.2898547818379,0,-2.2347770552755315,7.3357041294196748,0
5816.000000119675,6481.6928423751287,1982.6242931703448,0,-2.2430749942257506,7.3331710829251762,0
5817.0000000391155,6479.4456196072842,1989.9561938188924,0,-2.2513700620616275,7.3306286500424696,0
5817.9999999585561,6477.1901032115838,1997.2855473427182,0,-2.2596622481655539,7.3280768340258451,0
5818.9999998779967,6474.9262960750675,2004.6123443603212,0,-2.2679515419236131,7.3255156381416038,0
5820.0000001117587,6472.6542010953881,2011.9365754934715,0,-2.2762379327255879,7.3229450656680486,0
5821.0000000311993,6470.373821180805,2019.258231367224,0,-2.28452140996498,7.3203651198954898,0
5821.9999999506399,6468.0851592501804,2026.5773026099298,0,-2.2928019630390164,7.3177758041262315,0
5822.9999998700805,6465.7882182329813,2033.893779853249,0,-2.3010795813486702,7.3151771216745747,0
5824.0000001038425,6463.4830010692704,2041.2076537321607,0,-2.3093542542986691,7.3125690758668069,0
5825.0000000232831,6461.1695107097012,2048.5189148849768,0,-2.3176259712975118,7.3099516700412019,0
5825.9999999427237,6458.8477501155212,2055.8275539533538,0,-2.3258947217574804,7.307324907548014,0
5826.9999998621643,6456.5177222585617,2063.1335615823041,0,-2.3341604950946544,7.3046887917494727,0
5828.0000000959262,6454.179430121234,2070.4369284202094,0,-2.3424232807289238,7.3020433260197812,0
5829.0000000153668,6451.8328766965305,2077.7376451188297,0,-2.3506830680840025,7.2993885137451118,0
5829.9999999348074,6449.4780649880158,2085.0357023333172,0,-2.3589398465874423,7.2967243583235968,0
5830.999999854248,6447.1149980098289,2092.3310907222308,0,-2.3671936056706468,7.2940508631653316,0
5832.00000008801,6444.7436787866709,2099.6238009475428,0,-2.3754443347688836,7.291368031692361,0
5833.0000000074506,6442.3641103538066,2106.9138236746549,0,-2.3836920233213004,7.2886758673386849,0
5833.9999999268912,6439.976295757062,2114.2011495724087,0,-2.3919366607709334,7.285974373550248,0
5834.9999998463318,6437.5802380528166,2121.4857693130966,0,-2.4001782365647277,7.2832635537849351,0
5836.0000000800937,6435.1759403080014,2128.7676735724758,0,-2.4084167401535446,7.2805434115125705,0
5836.9999999995343,6432.7634056000934,2136.0468530297799,0,-2.4166521609921805,7.2778139502149095,0
5837.9999999189749,6430.3426370171155,2143.323298367729,0,-2.4248844885393757,7.2750751733856367,0
5839.0000001527369,6427.9136376576243,2150.597000272543,0,-2.4331137122578297,7.2723270845303594,0
5840.0000000721775,6425.4764106307202,2157.867949433954,0,-2.4413398216142155,7.2695696871666069,0
5840.9999999916181,6423.0309590560273,2165.1361365452171,0,-2.449562806079193,7.2668029848238174,0
5841.9999999110587,6420.5772860637007,2172.4015523031226,0,-2.457782655127422,7.2640269810433455,0
5843.0000001448207,6418.1153947944194,2179.6641874080087,0,-2.4659993582375743,7.2612416793784504,0
5844.0000000642613,6415.6452883993788,2186.9240325637734,0,-2.4742129048923496,7.25844708339429,0
5844.9999999837019,6413.1669700402927,2194.1810784778831,0,-2.4824232845784873,7.2556431966679211,0
5845.9999999031425,6410.680442889382,2201.4353158613912,0,-2.4906304867867806,7.2528300227882907,0
5847.0000001369044,6408.1857101293799,2208.6867354289425,0,-2.4988345010120905,7.2500075653562339,0
5848.000000056345,6405.6827749535196,2215.9353278987901,0,-2.507035316753357,7.247175827984468,0
5848.9999999757856,6403.1716405655334,2223.1810839928053,0,-2.5152329235136155,7.2443348142975914,0
5849.9999998952262,6400.6523101796492,2230.4239944364913,0,-2.5234273108000091,7.2414845279320739,0
5851.0000001289882,6398.1247870205871,2237.6640499589926,0,-2.5316184681238005,7.2386249725362539,0
5852.0000000484288,6395.5890743235504,2244.9012412931074,0,-2.5398063850003876,7.2357561517703353,0
5852.9999999678694,6393.0451753342286,2252.1355591753004,0,-2.5479910509493156,7.2328780693063806,0
5853.99999988731,6390.4930933087862,2259.3669943457153,0,-2.5561724554942904,7.229990728828307,0
5855.0000001210719,6387.9328315138664,2266.5955375481844,0,-2.5643505881631938,7.2270941340318844,0
5856.0000000405125,6385.3643932265759,2273.8211795302418,0,-2.5725254384880962,7.2241882886247248,0
5856.9999999599531,6382.7877817344934,2281.0439110431357,0,-2.5806969960052664,7.2212731963262815,0
5857.9999998793937,6380.2030003356531,2288.2637228418398,0,-2.5888652502551901,7.218348860867847,0
5859.0000001131557,6377.6100523385539,2295.4806056850653,0,-2.597030190782581,7.2154152859925409,0
5860.0000000325963,6375.0089410621458,2302.6945503352713,0,-2.6051918071363933,7.2124724754553098,0
5860.9999999520369,6372.3996698358224,2309.9055475586779,0,-2.6133500888698382,7.2095204330229228,0
5861.9999998714775,6369.7822419994272,2317.1135881252781,0,-2.6215050255403929,7.206559162473968,0
5863.0000001052395,6367.1566609032434,2324.3186628088506,0,-2.6296566067098164,7.2035886675988419,0
5864.00000002468,6364.5229299079874,2331.5207623869683,0,-2.6378048219441652,7.2006089521997483,0
5864.9999999441206,6361.8810523848106,2338.7198776410132,0,-2.6459496608138018,7.1976200200906959,0
5865.9999998635612,6359.2310317152906,2345.9159993561875,0,-2.6540911128934099,7.1946218750974857,0
5867.0000000973232,6356.5728712914279,2353.1091183215258,0,-2.6622291677620105,7.1916145210577191,0
5868.0000000167638,6353.9065745156413,2360.2992253299044,0,-2.6703638150029718,7.1885979618207765,0
5868.9999999362044,6351.2321448007669,2367.4863111780551,0,-2.6784950442040238,7.1855722012478278,0
5869.999999855645,6348.5495855700492,2374.670366666579,0,-2.686622844957272,7.1825372432118133,0
5871.000000089407,6345.8589002571352,2381.851382599953,0,-2.6947472068592093,7.179493091597454,0
5872.0000000088476,6343.1600923060778,2389.0293497865468,0,-2.7028681195107316,7.176439750301232,0
5872.9999999282882,6340.4531651713278,2396.2042590386309,0,-2.7109855725171479,7.1733772232313955,0
5873.9999998477288,6337.7381223177226,2403.3761011723909,0,-2.7190995554881972,7.170305514307949,0
5875.0000000814907,6335.0149672204934,2410.544867007939,0,-2.72721005803806,7.1672246274626499,0
5876.0000000009313,6332.2837033652486,2417.7105473693236,0,-2.735317069785371,7.1641345666390057,0
5876.9999999203719,6329.5443342479821,2424.8731330845421,0,-2.7434205803532334,7.1610353357922643,0
5878.0000001541339,6326.7968633750606,2432.0326149855555,0,-2.7515205793692323,7.1579269388894105,0
5879.0000000735745,6324.0412942632183,2439.1889839082955,0,-2.7596170564654465,7.1548093799091612,0
5879.9999999930151,6321.2776304395575,2446.3422306926786,0,-2.7677100012784641,7.1516826628419627,0
5880.9999999124557,6318.5058754415431,2453.4923461826174,0,-2.7757994034493936,7.1485467916899816,0
5882.0000001462176,6315.7260328169923,2460.6393212260341,0,-2.783885252623878,7.1454017704671049,0
5883.0000000656582,6312.9381061240774,2467.7831466748689,0,-2.7919675384521092,7.1422476031989266,0
5883.9999999850988,6310.1420989313174,2474.9238133850945,0,-2.8000462505888386,7.1390842939227532,0
5884.9999999045394,6307.3380148175765,2482.0613122167279,0,-2.8081213786933934,7.1359118466875886,0
5886.0000001383014,6304.5258573720539,2489.195634033837,0,-2.8161929124296865,7.1327302655541356,0
5887.000000057742,6301.7056301942839,2496.3267697045608,0,-2.8242608414662325,7.1295395545947864,0
5887.9999999771826,6298.8773368941311,2503.4547101011126,0,-2.8323251554761604,7.126339717893619,0
5888.9999998966232,6296.0409810917818,2510.5794460997986,0,-2.8403858441372267,7.1231307595463962,0
5890.0000001303852,6293.1965664177451,2517.7009685810249,0,-2.8484428971318287,7.1199126836605524,0
5891.0000000498258,6290.3440965128466,2524.8192684293122,0,-2.8564963041470151,7.1166854943551918,0
5891.9999999692664,6287.4835750282155,2531.9343365333048,0,-2.8645460548745021,7.113449195761091,0
5892.999999888707,6284.6150056252945,2539.0461637857852,0,-2.872592139010687,7.1102037920206751,0
5894.0000001224689,6281.7383919758231,2546.154741083682,0,-2.8806345462566592,7.1069492872880335,0
5895.0000000419095,6278.8537377618413,2553.2600593280858,0,-2.8886732663182157,7.1036856857288981,0
5895.9999999613501,6275.9610466756776,2560.3621094242571,0,-2.896708288905872,7.1004129915206482,0
5896.9999998807907,6273.0603224199485,2567.4608822816404,0,-2.9047396037348769,7.0971312088523018,0
5898.0000001145527,6270.1515687075544,2574.5563688138745,0,-2.9127672005252254,7.0938403419245102,0
5899.0000000339933,6267.234789261669,2581.6485599388066,0,-2.920791069001671,7.0905403949495476,0
5899.9999999534339,6264.3099878157445,2588.7374465784997,0,-2.9288111988937398,7.087231372151316,0
5900.9999998728745,6261.3771681134976,2595.8230196592472,0,-2.9368275799357417,7.0839132777653342,0
5902.0000001066364,6258.4363339089086,2602.9052701115838,0,-2.944840201866787,7.0805861160387291,0
5903.000000026077,6255.4874889662178,2609.9841888702967,0,-2.9528490544307973,7.0772498912302364,0
5903.9999999455176,6252.5306370599192,2617.0597668744399,0,-2.9608541273765181,7.0739046076101904,0
5904.9999998649582,6249.5657819747539,2624.1319950673405,0,-2.9688554104575338,7.0705502694605231,0
5906.0000000987202,6246.592927505706,2631.2008643966155,0,-2.9768528934322789,7.067186881074754,0
5907.0000000181608,6243.612077458004,2638.2663658141796,0,-2.9848465660640531,7.0638144467579886,0
5907.9999999376014,6240.6232356471037,2645.3284902762593,0,-2.9928364181210316,7.0604329708269109,0
5908.999999857042,6237.6264058986962,2652.3872287434046,0,-3.0008224393762815,7.0570424576097759,0
5910.000000090804,6234.6215920486929,2659.4425721804969,0,-3.0088046196077713,7.0536429114464099,0
5911.0000000102445,6231.6087979432277,2666.4945115567652,0,-3.0167829485983892,7.0502343366881961,0
5911.9999999296851,6228.5880274386473,2673.543037845795,0,-3.0247574161359503,7.046816737698081,0
5912.9999998491257,6225.5592844015091,2680.5881420255414,0,-3.0327280120132132,7.0433901188505539,0
5914.0000000828877,6222.5225727085772,2687.6298150783382,0,-3.0406947260278918,7.0399544845316591,0
5915.0000000023283,6219.4778962468099,2694.6680479909128,0,-3.0486575479826699,7.0365098391389713,0
5915.9999999217689,6216.4252589133639,2701.7028317543945,0,-3.056616467685211,7.0330561870816037,0
5917.0000001555309,6213.3646646155867,2708.7341573643284,0,-3.0645714749481763,7.0295935327801979,0
5918.0000000749715,6210.2961172710093,2715.7620158206851,0,-3.072522559589232,7.0261218806669214,0
5918.9999999944121,6207.2196208073428,2722.7863981278729,0,-3.0804697114310668,7.0226412351854526,0
5919.9999999138527,6204.1351791624729,2729.8072952947514,0,-3.0884129203014035,7.0191516007909831,0
5921.0000001476146,6201.0427962844542,2736.8246983346394,0,-3.0963521760330113,7.0156529819502129,0
5922.0000000670552,6197.9424761315067,2743.8385982653281,0,-3.1042874684637187,7.0121453831413394,0
5922.9999999864958,6194.8342226720115,2750.8489861090957,0,-3.1122187874364289,7.0086288088540538,0
5923.9999999059364,6191.7180398845021,2757.855852892711,0,-3.1201461227991301,7.0051032635895405,0
5925.0000001396984,6188.593931757664,2764.8591896474531,0,-3.1280694644049087,7.0015687518604617,0
5926.000000059139,6185.4619022903244,2771.8589874091181,0,-3.1359888021119646,6.9980252781909593,0
5926.9999999785796,6182.3219554914513,2778.8552372180334,0,-3.1439041257836222,6.9944728471166444,0
5927.9999998980202,6179.1740953801454,2785.8479301190655,0,-3.1518154252883432,6.9909114631845943,0
5929.0000001317821,6176.0183259856376,2792.837057161636,0,-3.1597226904997404,6.9873411309533457,0
5930.0000000512227,6172.854651347282,2799.8226093997287,0,-3.1676259112965912,6.9837618549928919,0
5930.9999999706633,6169.6830755145538,2806.8045778919059,0,-3.1755250775628485,6.9801736398846703,0
5931.9999998901039,6166.5036025470363,2813.7829537013135,0,-3.1834201791876566,6.9765764902215599,0
5933.0000001238659,6163.3162365144262,2820.7577278956987,0,-3.1913112060653601,6.9729704106078785,0
5934.0000000433065,6160.1209814965223,2827.7288915474178,0,-3.1991981480955229,6.9693554056593738,0
5934.9999999627471,6156.9178415832166,2834.6964357334482,0,-3.2070809951829342,6.9657314800032157,0
5935.9999998821877,6153.7068208744995,2841.6603515354013,0,-3.214959737237626,6.9620986382779968,0
5937.0000001159497,6150.4879234804475,2848.6206300395311,0,-3.2228343641748838,6.9584568851337183,0
5938.0000000353903,6147.2611535212154,2855.5772623367484,0,-3.230704865915262,6.9548062252317875,0
5938.9999999548309,6144.0265151270405,2862.5302395226317,0,-3.2385712323845937,6.9511466632450158,0
5939.9999998742715,6140.7840124382255,2869.4795526974381,0,-3.2464334535140065,6.9474782038576057,0
5941.0000001080334,6137.533649605145,2876.4251929661123,0,-3.2542915192399335,6.9438008517651504,0
5942.000000027474,6134.2754307882324,2883.3671514383018,0,-3.2621454195041251,6.940114611674626,0
5942.9999999469146,6131.0093601579747,2890.3054192283676,0,-3.2699951442536652,6.9364194883043844,0
5943.9999998663552,6127.7354418949126,2897.2399874553944,0,-3.2778406834409823,6.9327154863841463,0
5945.0000001001172,6124.4536801896293,2904.1708472432001,0,-3.2856820270238618,6.9290026106549991,0
5946.0000000195578,6121.164079242747,2911.0979897203529,0,-3.2935191649654598,6.9252808658693885,0
5946.9999999389984,6117.8666432649234,2918.0214060201756,0,-3.3013520872343149,6.92155025679111,0
5947.999999858439,6114.5613764768441,2924.9410872807625,0,-3.3091807838043628,6.9178107881953093,0
5949.0000000922009,6111.2482831092202,2931.857024644989,0,-3.3170052446549469,6.9140624648684677,0
5950.0000000116415,6107.9273674027791,2938.7692092605216,0,-3.3248254597708331,6.910305291608406,0
5950.9999999310821,6104.5986336082606,2945.677632279831,0,-3.3326414191422211,6.9065392732242676,0
5951.9999998505227,6101.262085986411,2952.582284860202,0,-3.340453112764759,6.9027644145365183,0
5953.0000000842847,6097.9177288079809,2959.4831581637463,0,-3.3482605306395543,6.8989807203769447,0
5954.0000000037253,6094.5655663537136,2966.3802433574119,0,-3.3560636627731864,6.8951881955886378,0
5954.9999999231659,6091.2056029143441,2973.2735316129979,0,-3.3638624991777224,6.8913868450259912,0
5956.0000001569279,6087.8378427905936,2980.163014107161,0,-3.3716570298707271,6.8875766735546975,0
5957.0000000763685,6084.4622902931633,2987.0486820214296,0,-3.3794472448752759,6.8837576860517382,0
5957.999999995809,6081.0789497427286,2993.9305265422167,0,-3.3872331342199695,6.8799298874053818,0
5958.9999999152496,6077.6878254699313,3000.8085388608265,0,-3.3950146879389447,6.8760932825151748,0
5960.0000001490116,6074.2889218153796,3007.6827101734698,0,-3.4027918960718875,6.872247876291933,0
5961.0000000684522,6070.8822431296348,3014.5530316812742,0,-3.4105647486640471,6.8683936736577387,0
5961.9999999878928,6067.4677937732149,3021.4194945902932,0,-3.4183332357662457,6.8645306795459362,0
5962.9999999073334,6064.0455781165801,3028.2820901115215,0,-3.426097347434895,6.8606588989011188,0
5964.0000001410954,6060.6156005401363,3035.1408094609028,0,-3.4338570737320087,6.8567783366791275,0
5965.000000060536,6057.1778654342179,3041.9956438593426,0,-3.4416124047252117,6.8528889978470469,0
5965.9999999799766,6053.732377199095,3048.84658453272,0,-3.4493633304877545,6.8489908873831906,0
5966.9999998994172,6050.2791402449584,3055.6936227118958,0,-3.4571098410985259,6.8450840102771062,0
5968.0000001331791,6046.8181589919213,3062.5367496327272,0,-3.4648519266420692,6.8411683715295535,0
5969.0000000526197,6043.3494378700025,3069.3759565360774,0,-3.4725895772085873,6.8372439761525161,0
5969.9999999720603,6039.8729813191312,3076.2112346678291,0,-3.480322782893964,6.8333108291691813,0
5970.9999998915009,6036.3887937891404,3083.0425752788915,0,-3.4880515337997702,6.8293689356139389,0
5972.0000001252629,6032.8968797397556,3089.8699696252147,0,-3.4957758200332791,6.825418300532375,0
5973.0000000447035,6029.3972436405948,3096.6934089677989,0,-3.5034956317074797,6.8214589289812642,0
5973.9999999641441,6025.8898899711548,3103.512884572709,0,-3.5112109589410858,6.817490826028564,0
5974.9999998835847,6022.3748232208181,3110.3283877110816,0,-3.5189217918585549,6.8135139967534091,0
5976.0000001173466,6018.8520478888349,3117.1399096591381,0,-3.5266281205900936,6.8095284462460999,0
5977.0000000367872,6015.3215684843217,3123.9474416981961,0,-3.534329935271677,6.805534179608105,0
5977.9999999562278,6011.7833895262593,3130.7509751146808,0,-3.5420272260450565,6.801531201952046,0
5978.9999998756684,6008.2375155434847,3137.5505012001349,0,-3.549719983057773,6.7975195184016952,0
5980.0000001094304,6004.6839510746795,3144.3460112512307,0,-3.5574081964631725,6.7934991340919693,0
5981.000000028871,6001.122700668373,3151.137496569781,0,-3.5650918564204161,6.7894700541689197,0
5981.9999999483116,5997.5537688829336,3157.9249484627494,0,-3.5727709530944938,6.7854322837897332,0
5982.9999998677522,5993.9771602865558,3164.7083582422638,0,-3.5804454766562355,6.7813858281227155,0
5984.0000001015142,5990.3928794572657,3171.4877172256251,0,-3.5881154172823249,6.7773306923472916,0
5985.0000000209548,5986.8009309829076,3178.2630167353186,0,-3.5957807651553111,6.7732668816539938,0
5985.9999999403954,5983.2013194611418,3185.0342480990271,0,-3.6034415104636244,6.7691944012444623,0
5986.999999859836,5979.5940494994356,3191.8014026496389,0,-3.6110976434015845,6.765113256331432,0
5988.0000000935979,5975.9791257150609,3198.5644717252626,0,-3.6187491541694139,6.7610234521387289,0
5989.0000000130385,5972.3565527350838,3205.3234466692347,0,-3.6263960329732541,6.7569249939012623,0
5989.9999999324791,5968.7263351963657,3212.0783188301325,0,-3.6340382700251737,6.7528178868650217,0
5990.9999998519197,5965.0884777455458,3218.8290795617845,0,-3.6416758555431827,6.7487021362870632,0
5992.0000000856817,5961.4429850390497,3225.5757202232826,0,-3.6493087797512449,6.7445777474355078,0
5993.0000000051223,5957.789861743071,3232.3182321789909,0,-3.6569370328792923,6.7404447255895326,0
5993.9999999245629,5954.129112533572,3239.0566067985606,0,-3.664560605163234,6.7363030760393672,0
5994.9999998440035,5950.4607420962775,3245.7908354569358,0,-3.6721794868449704,6.7321528040862813,0
5996.0000000777654,5946.7847551266659,3252.5209095343698,0,-3.6797936681724059,6.7279939150425845,0
5996.999999997206,5943.1011563299662,3259.2468204164315,0,-3.6874031393994633,6.7238264142316133,0
5997.9999999166466,5939.4099504211481,3265.9685594940215,0,-3.6950078907860928,6.7196503069877291,0
5999.0000001504086,5935.7111421249192,3272.6861181633785,0,-3.7026079125982854,6.7154655986563085,0
6000.0000000698492,5932.0047361757206,3279.3994878260905,0,-3.7102031951080874,6.7112722945937406,0
